index,STAR,HD,PERIOD,SEQUENCE,VIS2,e_VIS2,BASELINE,WAVELENGTH,LDD_FIT,e_LDD_FIT,C_SCALE,e_C_SCALE,SEQ_ORDER,U_LAMBDA,e_U_LAMBDA,S_LAMBDA,e_S_LAMBDA,UDD_FIT,e_UDD_FIT,C_SCALE_UDD,e_C_SCALE_UDD
0,HD124850,HD124850,105,bright,"[[0.85043991 0.8646273  0.87909779 0.8857435  0.90826759 0.90426025]
 [0.64929167 0.65103194 0.6744124  0.68890614 0.70732365 0.72484119]
 [0.61454261 0.62135688 0.63911377 0.66522121 0.69055794 0.71510589]
 [0.94988422 0.95430719 0.95589224 0.94236637 0.97046623 0.95823147]
 [0.63980641 0.65231404 0.67855434 0.69854599 0.71318577 0.74554879]
 [0.77889745 0.79810943 0.81805638 0.82974111 0.8449967  0.84720001]
 [0.84964313 0.87006463 0.87688431 0.89472774 0.91294641 0.91671879]
 [0.66770818 0.67303054 0.69440793 0.70362854 0.71856816 0.731177  ]
 [0.61550058 0.62677433 0.64617526 0.67334083 0.69680097 0.72690388]
 [0.9588529  0.96699525 0.96473608 0.94934524 0.98050934 0.97404029]
 [0.65788543 0.67624385 0.69759977 0.71202639 0.73093595 0.75501083]
 [0.76988984 0.78655929 0.80925348 0.82571965 0.84578194 0.86403654]]","[[1.69864236e-03 3.23363773e-03 4.27374835e-03 4.09259145e-03
  3.15810178e-03 5.01036026e-03]
 [2.78803255e-03 2.03322537e-03 7.51564919e-04 8.63831023e-04
  1.75764737e-03 7.45538569e-04]
 [2.62844374e-05 1.00029286e-03 5.67375234e-04 5.87173217e-04
  2.69196590e-03 3.64611806e-04]
 [3.76579950e-03 6.56902280e-03 6.55246962e-03 3.62414990e-03
  4.48306131e-03 4.16421587e-03]
 [5.28058059e-03 1.59186385e-03 4.23039933e-03 1.85118565e-03
  2.75208737e-03 1.83064350e-03]
 [1.50423684e-03 2.12083461e-04 9.79932270e-05 8.79827912e-04
  1.22048439e-03 4.83857837e-05]
 [2.56427865e-03 2.80224828e-03 1.89247596e-03 8.98377752e-04
  7.90178471e-04 7.94613798e-04]
 [1.80972570e-03 3.07584674e-04 9.70014868e-04 1.22079023e-03
  5.10752039e-05 1.32231185e-03]
 [1.26143660e-03 9.79386179e-04 2.55102763e-04 3.72783783e-04
  5.63087127e-04 6.60860737e-04]
 [1.89758378e-03 2.64752583e-03 1.32787600e-03 2.10043283e-04
  1.51696237e-03 3.82865117e-04]
 [2.13761588e-03 2.65689242e-03 2.58375362e-03 1.75672327e-04
  5.00665342e-04 3.04250014e-04]
 [1.13572034e-03 1.27977630e-04 5.05351753e-04 1.89519438e-03
  3.73201102e-04 1.25137748e-03]]","[ 84.72181277 124.91036647 132.31782286  58.21382259 127.11988472
  96.65432708  82.81140789 122.56126011 132.413823    58.0567881
 127.63258622  96.10681565]",[1.533e-06 1.581e-06 1.629e-06 1.677e-06 1.725e-06 1.773e-06],1.1214862568683528,0.003850028561684038,[1.0508347],[0.0036341],[['HD124850' 'bright' '105']],,,,,1.0940969949308406,0.0036976519290250476,[1.05063648],[0.00362554]
1,HD124850,HD124850,105,faint,"[[0.92348472 0.92546838 0.93067506 0.9381306  0.95841502 0.95674852]
 [0.70794714 0.71284301 0.74668105 0.7484667  0.76443735 0.78180029]
 [0.6531152  0.66718581 0.69081748 0.70882493 0.74996145 0.7653156 ]
 [1.02033792 1.01516945 1.01677083 1.01069412 1.03680486 1.02810607]
 [0.68069784 0.6995107  0.71432211 0.73132721 0.7496239  0.77251208]
 [0.81719482 0.82344292 0.84812142 0.86170241 0.87238123 0.88233942]
 [0.91455524 0.9275654  0.9238111  0.94452163 0.96081353 0.95865658]
 [0.70673289 0.71931493 0.741951   0.74859997 0.76013417 0.77185048]
 [0.64688438 0.6625256  0.68235616 0.70341103 0.73839323 0.76275498]
 [1.02286333 1.01287519 1.0138436  1.01430834 1.03336102 1.03707332]
 [0.67475388 0.69494724 0.71239351 0.7299313  0.74830927 0.76989907]
 [0.81655948 0.82236821 0.84782372 0.86413079 0.88137586 0.90194577]]","[[5.80718216e-03 7.43261956e-03 3.45078369e-03 5.05103842e-03
  6.34556891e-03 1.65764786e-03]
 [7.14768984e-03 4.51325528e-03 4.18636408e-03 6.23551639e-03
  5.45375180e-03 3.17304006e-03]
 [7.25064239e-03 7.61207631e-03 6.66145249e-03 5.94528105e-03
  6.47915872e-03 3.32664676e-03]
 [1.28867410e-02 2.74087999e-03 5.86328874e-03 3.98758868e-03
  4.85138136e-04 3.80349933e-03]
 [6.98504007e-03 6.37286184e-03 4.94122024e-03 3.80137419e-03
  4.62703292e-03 6.68263778e-03]
 [5.14570025e-03 3.11351248e-03 1.99639627e-03 3.67253632e-03
  2.60695104e-03 5.93192888e-03]
 [5.36359579e-03 3.39746266e-03 5.85165558e-03 2.58955685e-03
  2.26022021e-03 6.03462207e-03]
 [1.05762702e-03 2.59320501e-03 4.07517278e-03 2.09882285e-03
  2.42489604e-03 4.98715249e-03]
 [3.24254017e-03 1.54155778e-03 2.10416662e-03 1.25677041e-03
  7.21657745e-04 2.50947593e-03]
 [1.99691954e-03 2.01157845e-03 4.40366446e-04 7.17036451e-04
  3.42794200e-03 2.16389375e-03]
 [6.56089380e-05 7.84986981e-04 5.17650601e-04 7.70690235e-04
  5.77429596e-04 2.22870941e-03]
 [8.99848673e-04 1.77842165e-03 2.41014693e-03 9.94966721e-04
  3.71924738e-03 4.09178885e-03]]","[ 83.72563615 123.71008304 132.40899361  58.15092058 127.39180989
  96.35300275  81.38117257 120.68737048 132.29667408  57.85192618
 127.99429999  95.77081445]",[1.533e-06 1.581e-06 1.629e-06 1.677e-06 1.725e-06 1.773e-06],1.1010800180844735,0.006722548749693136,[1.09042796],[0.00273216],[['HD124850' 'faint' '105']],,,,,1.0740450306414555,0.00659361882804077,[1.09011598],[0.00272942]
2,HD141004,HD141004,105,bright,"[[0.87241689 0.88077427 0.89578219 0.90112699 0.91178063 0.91012241]
 [0.66696142 0.68530046 0.71380175 0.72179831 0.73921949 0.75318945]
 [0.68948924 0.69678311 0.71716349 0.7262405  0.75821343 0.77330747]
 [0.98633665 0.97843612 0.98433257 0.97245556 0.99462898 0.99384015]
 [0.7563032  0.76123872 0.77752848 0.78187891 0.79184405 0.81402247]
 [0.8327966  0.84724972 0.86144461 0.87310611 0.87762208 0.8888637 ]
 [0.87269643 0.87769539 0.89296363 0.90397436 0.91603007 0.91933163]
 [0.67490252 0.69250916 0.71680788 0.72600561 0.74303318 0.75575781]
 [0.68012302 0.69447531 0.71437406 0.73013124 0.75913475 0.77748726]
 [0.98310647 0.97375016 0.98003908 0.9721549  1.00212712 0.99170166]
 [0.75923642 0.76763387 0.78391535 0.78847866 0.80141167 0.82141476]
 [0.85269381 0.86383641 0.87664163 0.89484692 0.90117992 0.92156115]]","[[1.25991781e-03 1.03525035e-03 8.77723735e-04 1.52276528e-03
  1.33788745e-03 1.71548590e-03]
 [8.71257852e-05 5.00013830e-05 1.15136669e-03 6.55398333e-04
  1.29962844e-03 1.08908763e-03]
 [2.36339582e-03 1.93837199e-03 1.85603109e-03 3.91546556e-03
  2.58741516e-03 1.52338775e-03]
 [2.76771618e-05 1.76318758e-03 5.91647115e-04 1.17186320e-03
  1.59502266e-03 7.58253736e-04]
 [2.22599065e-04 3.65841208e-03 3.64641593e-03 3.31135173e-03
  1.73879924e-03 2.69118808e-03]
 [1.15138415e-03 2.75891607e-03 2.56404773e-03 2.62150644e-03
  2.98859646e-03 1.54671313e-03]
 [1.31719965e-02 1.22338775e-02 9.79143583e-03 1.12578254e-02
  1.16385171e-02 1.11591977e-02]
 [1.08419646e-02 1.39944283e-02 8.08534395e-03 1.24647099e-02
  1.37814433e-02 9.00765111e-03]
 [8.52472112e-03 8.18363044e-03 6.99018652e-03 7.29534046e-03
  6.42170137e-03 6.93509778e-03]
 [1.13006497e-02 5.45586818e-03 9.17072106e-03 7.44522755e-03
  6.41380882e-03 9.54688637e-03]
 [9.82750940e-03 2.40982529e-03 3.72592133e-03 2.16902981e-03
  4.79899477e-03 4.66545991e-03]
 [5.60718343e-03 7.23725890e-03 5.47416484e-03 6.02560108e-03
  6.33904614e-03 5.28612362e-03]]","[ 86.34649227 128.56650639 125.7839954   56.52016937 113.29778006
  88.54700367  84.76626346 127.58818642 127.52812884  57.1489404
 113.98006456  87.47731218]",[1.533e-06 1.581e-06 1.629e-06 1.677e-06 1.725e-06 1.773e-06],1.0524239532512998,3.6981479884179436e-05,[1.05609955],[0.0046839],[['HD141004' 'bright' '105']],,,,,1.0315745278532513,0.00017021620938462156,[1.05595709],[0.00468172]
3,HD141004,HD141004,105,faint,"[[0.8650107  0.87550643 0.88730324 0.90546165 0.91444367 0.91526494]
 [0.68153607 0.6917983  0.71749092 0.72673825 0.74461303 0.75751231]
 [0.71827429 0.73799214 0.74902661 0.77759412 0.7910036  0.80329386]
 [0.98943859 0.98406155 0.98317075 0.97532984 0.99859798 0.98289027]
 [0.75247674 0.77441036 0.78861033 0.79697887 0.80405262 0.82357137]
 [0.83029889 0.84812208 0.85590906 0.87674141 0.87793118 0.88634977]
 [0.85774437 0.86933296 0.88993825 0.90307486 0.91620714 0.9195808 ]
 [0.67460439 0.68523937 0.70849058 0.71875239 0.73588159 0.75023801]
 [0.6981745  0.7078957  0.72361174 0.74606423 0.76504828 0.7899908 ]
 [0.9806921  0.96794985 0.97079523 0.96438793 0.98888121 0.9807434 ]
 [0.75826587 0.77749501 0.79658906 0.80377965 0.81038816 0.83140014]
 [0.83861627 0.85153955 0.85657064 0.87339924 0.87556726 0.89077769]]","[[6.75942389e-03 7.21849419e-03 6.07577896e-03 4.05670842e-03
  4.65315576e-03 5.80123646e-03]
 [4.26548172e-03 3.05878203e-03 2.91958277e-03 3.47748521e-03
  4.23343776e-03 2.64442241e-03]
 [9.88916215e-03 3.57070690e-03 4.14231212e-03 8.96347001e-04
  1.23123927e-03 5.07646218e-04]
 [6.47154239e-03 6.21022987e-03 6.66162339e-03 5.35721357e-03
  2.14543893e-03 5.82658687e-03]
 [2.13829494e-03 4.16482223e-03 7.59630756e-03 4.18357843e-03
  6.01349819e-03 1.68269515e-03]
 [3.79188637e-03 4.77781967e-03 1.99103025e-03 5.82439160e-04
  1.52976096e-03 3.45088587e-03]
 [2.13041496e-03 2.92990345e-03 1.73029796e-03 7.83729693e-04
  4.68574982e-05 2.76350133e-03]
 [2.71213954e-03 2.34247116e-03 2.99029339e-03 2.52542029e-03
  2.63274918e-03 1.51660140e-03]
 [4.46557994e-03 3.86558375e-03 3.47528344e-03 3.92871328e-03
  3.98693962e-03 2.15467774e-03]
 [9.76050678e-04 4.82371984e-04 1.48519218e-03 1.02889507e-03
  1.42119420e-03 1.21376335e-03]
 [1.01579466e-04 1.24061352e-03 1.76351960e-03 6.68933341e-04
  1.18207914e-03 2.65336061e-04]
 [6.35928260e-04 1.57373738e-03 8.05776193e-04 1.40399651e-03
  1.82698647e-03 1.69547083e-03]]","[ 88.74369434 129.22284826 121.58378978  54.85300158 112.23746079
  90.784204    86.16274896 128.46798253 126.0155325   56.60640791
 113.37782367  88.41090583]",[1.533e-06 1.581e-06 1.629e-06 1.677e-06 1.725e-06 1.773e-06],1.0235883963537917,0.0032536972798370423,[1.04439737],[0.00201897],[['HD141004' 'faint' '105']],,,,,1.0033666086936535,0.003059533403974357,[1.04427939],[0.00201548]
4,HD142860,HD142860,105,faint,"[[0.83817892 0.85894392 0.87943455 0.88708738 0.90988064 0.90901602]
 [0.62285244 0.64007794 0.6707923  0.67253656 0.69118738 0.70974918]
 [0.5784891  0.59363078 0.62896705 0.64622024 0.68262138 0.69943915]
 [0.95344351 0.9291567  0.94897206 0.93302271 0.96496934 0.97605935]
 [0.72328882 0.73544849 0.7482506  0.76375884 0.76599556 0.79713218]
 [0.84206582 0.85458653 0.87500612 0.89026878 0.8875289  0.91264363]
 [0.81336342 0.83905364 0.86888504 0.87981627 0.90321445 0.90875298]
 [0.644404   0.66460185 0.68702932 0.68981606 0.71286336 0.72706893]
 [0.56502038 0.58970074 0.62685261 0.64687742 0.68421404 0.69893526]
 [0.92095164 0.90985283 0.92653701 0.91471877 0.9428595  0.9513987 ]
 [0.69699129 0.72321344 0.74531664 0.76139477 0.76915191 0.80118505]
 [0.82143225 0.83745191 0.85671618 0.88152541 0.87384534 0.91020787]]","[[1.76303160e-03 4.98435623e-04 2.09858709e-03 1.65318546e-03
  3.15939233e-04 9.24272130e-04]
 [1.20969686e-03 9.50704261e-04 8.74727428e-04 1.42726893e-03
  5.03844946e-04 2.14822387e-03]
 [1.82539729e-03 3.23128146e-04 8.04178089e-04 1.41957510e-04
  1.98615411e-04 3.10751497e-04]
 [6.00286757e-03 6.23045151e-04 8.99816814e-04 8.64614517e-04
  4.67404672e-03 9.01261599e-04]
 [5.01739083e-03 3.36048359e-04 1.62024132e-03 2.20512541e-04
  4.75765633e-04 1.87452647e-03]
 [3.65753010e-03 1.51873556e-03 6.80892571e-04 6.53753341e-04
  2.09465723e-03 3.63244739e-04]
 [2.06288272e-03 3.29998328e-03 8.21601220e-04 2.87260929e-04
  1.52557540e-03 1.28033853e-03]
 [4.74355692e-03 6.49901200e-04 1.29606029e-03 3.26090074e-04
  1.18640848e-03 3.27404973e-04]
 [8.89347376e-04 7.40634656e-04 2.68197328e-03 1.84190325e-03
  2.57358154e-03 5.85279933e-04]
 [5.81629698e-03 1.07389205e-03 3.55503479e-03 5.46123660e-04
  6.60661437e-04 3.27918649e-04]
 [3.20176094e-03 3.82065226e-04 3.36980135e-03 5.64369997e-04
  1.58055675e-03 2.37574616e-03]
 [6.53310375e-03 2.83508388e-03 2.02393504e-03 1.32343338e-03
  1.34433886e-05 2.14841681e-03]]","[ 77.52295056 123.39866639 128.33349307  57.63268045 105.99223776
  75.93212352  74.99091821 121.11583409 129.62995606  57.95967301
 107.20000069  74.90635217]",[1.533e-06 1.581e-06 1.629e-06 1.677e-06 1.725e-06 1.773e-06],1.2295352665174057,0.06959885206632255,[1.01434947],[0.01434947],[['HD142860' 'faint' '105']],,,,,1.1328133780423155,0.004114980306693328,[1.02750278],[0.00103961]
5,HR_2998,HD62644,104,bright,"[[0.99452206 0.99150057 1.00569542 1.01408439 1.03948041 1.04744148]
 [0.87562489 0.84771963 0.860036   0.86136628 0.86549886 0.87797176]
 [0.73328546 0.74453984 0.76036983 0.78410972 0.80774759 0.83614795]
 [1.09215713 1.0635691  1.06694132 1.08934905 1.08992907 1.09972484]
 [0.81111507 0.79993814 0.81915635 0.82046514 0.8313785  0.84855953]
 [0.92148687 0.91862761 0.96184489 0.95656658 0.97553353 0.9944992 ]
 [0.97502197 0.96378831 0.9770328  0.98391991 1.00076976 1.01444809]
 [0.83736334 0.81214822 0.82486072 0.82556048 0.83746691 0.85215995]
 [0.72278531 0.73391767 0.75585674 0.76658771 0.79201139 0.81467191]
 [1.05504929 1.0243467  1.03733943 1.03938187 1.0549976  1.0627078 ]
 [0.7885782  0.78393397 0.81350428 0.80592294 0.82063976 0.83373317]
 [0.89940994 0.89872669 0.9256781  0.9321757  0.95027223 0.96508709]]","[[1.80644248e-03 4.27389608e-04 4.72489667e-04 8.57345138e-04
  2.61819592e-03 2.58010812e-03]
 [1.15689812e-03 5.56506271e-03 4.20554873e-03 3.92160063e-03
  3.08610978e-03 2.61436866e-03]
 [1.88772256e-03 4.08546774e-03 3.30180335e-03 3.57933789e-03
  2.45251283e-03 1.14436373e-03]
 [9.29100236e-03 3.37746629e-03 1.76840504e-03 3.14051184e-03
  2.32627439e-03 6.75513196e-04]
 [4.71976370e-03 1.97272403e-03 7.73828569e-04 2.66684693e-03
  2.33565896e-03 3.77905256e-04]
 [1.09598415e-03 2.53093736e-04 1.50987103e-05 6.32906854e-04
  4.06182521e-03 1.31877335e-02]
 [2.05750812e-03 2.37017617e-03 1.93632105e-03 2.62342738e-03
  1.35292346e-03 3.22239735e-03]
 [4.05517799e-04 1.96720409e-03 3.54097647e-03 3.19216659e-03
  3.20155564e-03 2.49185652e-03]
 [1.53037202e-03 1.81295606e-03 2.12293338e-03 1.77485883e-03
  5.64438240e-04 1.65281649e-03]
 [8.19019583e-03 1.69104817e-03 2.04797176e-03 1.41212365e-03
  1.04997943e-03 1.60180341e-03]
 [3.09752300e-03 6.49232392e-04 8.91672344e-04 3.71626161e-03
  2.34320797e-03 4.03568585e-04]
 [2.53500085e-03 2.87547046e-03 1.18932803e-03 1.31459705e-03
  4.75081284e-03 6.61630107e-03]]","[ 68.3218915  109.21490842 132.16951787  57.40968106 122.09853194
  84.24918728  72.88024176 113.73549514 132.33746067  57.71722622
 123.01114217  87.17459434]",[1.533e-06 1.581e-06 1.629e-06 1.677e-06 1.725e-06 1.773e-06],1.0343987094851284,2.8857261519021904e-05,[1.12384295],[0.00153537],[['HR_2998' 'bright' '104']],,,,,1.0125901085899356,5.990709533520988e-05,[1.12371724],[0.00153433]
6,HR_2998,HD62644,104,faint,"[[0.97920294 0.98424976 0.99057758 0.9822601  0.99557628 0.99643046]
 [0.86033659 0.86623237 0.86615175 0.86302651 0.86746834 0.87088349]
 [0.80787355 0.80335693 0.82128751 0.82308152 0.83916439 0.85958875]
 [1.0330987  1.02997852 1.03243987 1.03781438 1.044251   1.05280642]
 [0.94017932 0.9343667  0.94083633 0.94278251 0.9421124  0.95402089]
 [1.02591472 1.01949203 1.02635756 1.02891005 1.02291725 1.05748075]
 [0.98470414 0.97657667 0.98942277 0.99520151 1.00891758 1.02221805]
 [0.836314   0.82338965 0.8248336  0.82223096 0.82687366 0.83477814]
 [0.80117712 0.80328927 0.81293328 0.81040687 0.82989543 0.84256155]
 [1.0832502  1.07271988 1.07501121 1.08297846 1.09231427 1.08651556]
 [0.95498717 0.93167241 0.95333027 0.94819359 0.94120946 0.95517457]
 [1.01949933 1.0199519  1.02035792 1.02954544 1.027016   1.0529641 ]]","[[4.96718868e-03 4.99566436e-03 5.11746794e-03 3.60146704e-03
  2.09608635e-03 3.79630139e-04]
 [2.65054048e-03 1.45587238e-03 2.96011065e-03 2.13131133e-03
  3.42881606e-03 2.52289871e-03]
 [1.47956286e-03 1.65153249e-03 3.23903856e-03 2.80229667e-03
  3.70493563e-03 5.51400304e-05]
 [1.38398512e-02 4.44638668e-03 7.10580830e-04 2.52204527e-03
  5.01183848e-03 1.86803727e-03]
 [1.93173979e-03 8.07347324e-04 2.13711219e-04 3.32606524e-03
  3.09010654e-03 5.38200441e-03]
 [5.36256317e-04 1.00889383e-03 3.76325431e-04 2.02013827e-03
  3.40220029e-03 1.38488896e-03]
 [2.27101198e-03 3.52180204e-04 2.06025906e-03 8.09509391e-04
  8.27803179e-04 1.75015625e-03]
 [3.40529384e-03 1.26069017e-03 7.48576836e-04 2.90983393e-03
  4.68197468e-03 2.45809842e-03]
 [6.81699576e-04 9.01437190e-04 1.25380442e-03 3.22760121e-03
  1.53689934e-03 2.42624143e-04]
 [3.26773590e-04 7.43715523e-03 5.97046605e-03 4.65387130e-03
  6.31852407e-04 3.15168099e-04]
 [4.11319265e-03 9.11629687e-04 2.90996598e-03 2.80429026e-03
  1.50397653e-03 5.21692117e-03]
 [2.70388914e-03 1.21976466e-03 2.38082413e-03 6.70161498e-05
  1.15427337e-03 6.51034798e-04]]","[ 63.30144334 104.47526434 118.23332948  57.10318153  89.10635127
  40.41167779  71.49088561 112.33379805 121.70197395  57.61838553
  89.06898076  42.14064253]",[1.533e-06 1.581e-06 1.629e-06 1.677e-06 1.725e-06 1.773e-06],0.9912592648224041,0.002254798883540965,[1.09634637],[0.0008946],[['HR_2998' 'faint' '104']],,,,,0.9705513520315789,0.0021232434821290003,[1.09628697],[0.00089544]
7,alf_CMi,HD61421,106,bright,"[[0.01571241 0.01564254 0.01458312 0.01276144 0.0108806  0.00929266]
 [0.35600422 0.38234675 0.40378657 0.41880809 0.44456551 0.46835288]
 [0.0234113  0.03381899 0.04583046 0.05993896 0.07223438 0.08758153]
 [0.01681538 0.01503002 0.01348558 0.01100529 0.00897009 0.00704386]
 [0.00324073 0.00689844 0.01236634 0.01944385 0.02854366 0.03755601]
 [0.12867447 0.14522993 0.16530084 0.19321206 0.2157507  0.23694938]
 [       nan        nan        nan        nan        nan        nan]
 [       nan        nan        nan        nan        nan        nan]
 [0.01525447 0.015525   0.01485437 0.0136407  0.01208419 0.01062841]
 [       nan        nan        nan        nan        nan        nan]
 [       nan        nan        nan        nan        nan        nan]
 [0.34522343 0.36380692 0.38710924 0.40460535 0.43452955 0.45144924]
 [0.01860994 0.02792742 0.03900485 0.05191837 0.06341636 0.07846761]
 [       nan        nan        nan        nan        nan        nan]
 [       nan        nan        nan        nan        nan        nan]
 [       nan        nan        nan        nan        nan        nan]
 [       nan        nan        nan        nan        nan        nan]
 [0.01676095 0.01505305 0.01361704 0.01131926 0.00928343 0.00735298]
 [0.00428217 0.00836594 0.01438539 0.02201188 0.03158455 0.04112419]
 [0.14223129 0.15870376 0.18020501 0.20930723 0.23205296 0.25457739]]","[[8.46859897e-05 1.20104997e-04 6.78046250e-05 1.43907224e-05
  7.87993231e-05 6.11642851e-05]
 [1.37639727e-03 4.39287051e-03 2.83486881e-03 1.96426934e-03
  3.26528273e-03 3.29051776e-03]
 [2.15754331e-04 1.59427723e-04 2.05914386e-04 7.01649706e-05
  3.86629817e-04 6.63468134e-05]
 [2.26933219e-05 1.91966655e-04 1.46325744e-04 4.31964916e-05
  4.22625866e-05 4.05495722e-05]
 [1.64074114e-05 3.55930942e-05 3.17913281e-05 8.95821965e-06
  2.11059366e-05 1.43699449e-04]
 [1.12917773e-03 8.61158014e-04 6.72611018e-04 4.74213363e-04
  1.12141307e-03 1.19508849e-03]
 [           nan            nan            nan            nan
             nan            nan]
 [           nan            nan            nan            nan
             nan            nan]
 [1.34007815e-04 1.23037508e-04 9.91889113e-05 4.73981566e-05
  8.60895815e-05 6.22336231e-06]
 [           nan            nan            nan            nan
             nan            nan]
 [           nan            nan            nan            nan
             nan            nan]
 [1.27985291e-03 3.58284908e-03 1.84726266e-03 1.89512770e-03
  2.16740250e-03 2.31250396e-03]
 [2.29430246e-04 1.12672565e-04 2.02380809e-05 1.43277799e-04
  5.40714969e-04 1.06638429e-04]
 [           nan            nan            nan            nan
             nan            nan]
 [           nan            nan            nan            nan
             nan            nan]
 [           nan            nan            nan            nan
             nan            nan]
 [           nan            nan            nan            nan
             nan            nan]
 [7.31208944e-05 1.48298132e-04 1.55200039e-04 5.22529987e-05
  4.95267265e-05 4.54651712e-05]
 [2.27037903e-05 4.20966075e-05 1.81190192e-05 7.35859850e-06
  3.09934685e-05 7.20168587e-05]
 [9.30124626e-04 6.46731180e-04 4.55015558e-04 4.05415143e-04
  1.20281990e-03 1.44137795e-03]]","[98.10416499 37.19543561 61.08209637 95.60811253 68.05895389 49.69689453
         nan         nan 99.90994542         nan         nan 37.8928314
 62.1779922          nan         nan         nan         nan 95.97110564
 67.34294507 48.65068693]",[1.533e-06 1.581e-06 1.629e-06 1.677e-06 1.725e-06 1.773e-06],,,[nan],[nan],[['alf_CMi' 'bright' '106']],,,,,,,[nan],[nan]
8,bet_Hyi,HD2151,106,bright,"[[0.38155983 0.41170011 0.43740909 0.46065655 0.48607457 0.50481025]
 [0.06707971 0.08277403 0.10191882 0.1201755  0.13901816 0.15779202]
 [0.17496223 0.19245374 0.21268687 0.23629594 0.26213317 0.2856034 ]
 [0.7659534  0.7767993  0.7994148  0.80867317 0.84311069 0.84842469]
 [0.39939054 0.42320643 0.458942   0.47706392 0.48975259 0.50941756]
 [0.52664032 0.56056046 0.59527651 0.61678273 0.63807878 0.6513891 ]
 [0.38637274 0.41420369 0.44114527 0.46343423 0.48904079 0.5048629 ]
 [0.06886647 0.08502016 0.10396101 0.12242824 0.14163702 0.15999522]
 [0.183734   0.2024579  0.2233767  0.24720226 0.27125125 0.29544709]
 [0.76584903 0.77383194 0.79422134 0.80721671 0.84161046 0.84333259]
 [0.40333199 0.43499265 0.4714891  0.49472342 0.50799892 0.53020289]
 [0.52982482 0.55918996 0.59734482 0.6196713  0.64004795 0.65219666]]","[[4.20513689e-04 6.07586721e-06 5.17355833e-04 1.39171773e-03
  2.31259644e-03 1.50520311e-03]
 [3.15298416e-04 8.18914718e-05 5.43238640e-04 7.25846411e-04
  7.86313332e-04 7.28275205e-04]
 [1.54839029e-03 1.24177286e-03 1.09127277e-03 7.56818971e-04
  9.87048642e-04 1.23362215e-03]
 [1.94720063e-03 2.83872189e-03 3.25833672e-03 4.00906983e-03
  1.05852388e-03 3.25818610e-03]
 [8.88082649e-05 1.09120608e-04 7.53284991e-04 1.33312636e-03
  2.89403769e-03 2.64277310e-03]
 [3.00885100e-03 1.60217373e-03 1.71039264e-03 9.66327877e-04
  5.82451535e-04 1.37734380e-03]
 [9.67716834e-04 1.35593323e-03 5.20433863e-04 9.74141941e-05
  3.92784764e-04 9.45956214e-04]
 [6.47511770e-06 1.95476608e-04 1.14290755e-05 1.15859762e-04
  1.70010974e-04 1.32574140e-05]
 [1.07711858e-04 1.45916079e-04 3.99379089e-04 3.81234644e-04
  7.75399735e-04 5.64798411e-04]
 [4.11643033e-04 7.95147908e-04 7.43501000e-04 2.89861336e-04
  3.14570367e-03 1.16511771e-04]
 [5.14206547e-03 2.80708914e-03 2.08248663e-03 7.27692338e-04
  5.66726929e-04 3.97119882e-04]
 [4.61896467e-03 3.30818163e-03 2.39195372e-03 6.55755343e-04
  2.90224624e-04 3.48693405e-04]]","[ 84.95974915 129.15650869 110.14897488  51.74660873  81.05145465
  68.76634628  85.3591347  129.20672246 109.24346222  51.39683462
  80.7524166   69.25872435]",[1.533e-06 1.581e-06 1.629e-06 1.677e-06 1.725e-06 1.773e-06],2.3329396953799075,0.001919291167029158,[1.05268188],[0.0023573],[['bet_Hyi' 'bright' '106']],,,,,2.2719670179204012,1.5252428514189731e-05,[1.04825178],[0.00245509]
9,bet_Hyi,HD2151,106,faint,"[[0.42059836 0.43832251 0.46929122 0.48952948 0.51656444 0.53407285]
 [0.06934124 0.08343463 0.102276   0.11962803 0.13909919 0.15858217]
 [0.1306259  0.1510505  0.17600371 0.19571958 0.22220845 0.24217289]
 [0.76357205 0.75910738 0.78662181 0.79448613 0.82603071 0.83064277]
 [0.40264641 0.42929566 0.46634088 0.48480333 0.49783949 0.52208728]
 [0.60535778 0.62352089 0.64418265 0.66362552 0.68717806 0.70505465]
 [0.41270245 0.42994664 0.45751072 0.47753597 0.50607001 0.5283474 ]
 [0.06830234 0.08214345 0.10078697 0.11760921 0.13666948 0.15614891]
 [0.13555843 0.15887233 0.18259007 0.20270726 0.22943481 0.25029313]
 [0.73637433 0.73127814 0.76383778 0.76828089 0.80178361 0.80776771]
 [0.40334427 0.432057   0.4713553  0.48795885 0.50223575 0.52536234]
 [0.57701208 0.60261732 0.62682393 0.651129   0.67844457 0.70445871]]","[[1.13272417e-03 3.18010799e-03 3.14077217e-03 3.67887134e-03
  2.69550636e-03 2.80697211e-03]
 [6.43292241e-04 4.86378255e-04 1.62107937e-04 4.89019455e-05
  4.22504927e-04 1.33699915e-04]
 [8.28071908e-04 5.96718422e-04 2.01524198e-03 9.89664388e-04
  6.28119801e-04 2.56138353e-04]
 [2.30651878e-03 5.53791020e-03 3.37279766e-03 3.46907724e-03
  2.52151495e-03 4.24024558e-04]
 [3.46885309e-03 2.22732719e-03 2.79362714e-03 1.13378917e-03
  9.90994094e-04 3.00932554e-03]
 [6.98065922e-03 7.06079791e-03 4.74855128e-03 1.01479451e-03
  3.52114677e-03 3.77846371e-03]
 [2.42946391e-03 8.43629666e-04 1.17314428e-03 1.48651283e-04
  1.12775391e-03 3.31752204e-04]
 [6.98777184e-04 4.04088754e-05 2.72275715e-05 3.64222497e-04
  3.66401194e-05 4.23915108e-04]
 [1.58951752e-03 2.11943461e-04 3.31714847e-04 2.52426614e-04
  3.36829200e-04 3.96023173e-04]
 [2.51457615e-03 2.83503838e-03 4.03664757e-03 3.46314930e-03
  3.06645517e-03 9.67038424e-04]
 [2.17286507e-03 3.57504348e-03 2.44232646e-04 4.82795885e-04
  1.46613255e-03 7.66523932e-05]
 [3.55473899e-03 3.51063921e-03 3.93136953e-03 2.13452762e-03
  1.13092916e-03 2.97555471e-03]]","[ 81.58110371 128.14721306 115.23474113  53.7237022   81.39538617
  63.97664311  82.11140758 128.35280069 114.65379449  53.49613306
  81.53462417  64.79486236]",[1.533e-06 1.581e-06 1.629e-06 1.677e-06 1.725e-06 1.773e-06],2.355254333946566,0.0031853873049692005,[1.05736142],[0.00210599],[['bet_Hyi' 'faint' '106']],,,,,2.2928509421042023,0.0011800828479524572,[1.05221739],[0.00183064]
10,gam_Lep,HD38393,106,faint,"[[0.81030469 0.80875782 0.82163545 0.839575   0.85259365 0.86437367]
 [0.73269509 0.73401642 0.76087961 0.7759176  0.79014728 0.79992275]
 [0.69346078 0.69169892 0.71796778 0.72920272 0.77610273 0.80170478]
 [0.96348585 0.95462632 0.98301545 0.95591373 0.98798886 0.98992867]
 [0.52662084 0.54573557 0.57645906 0.59315548 0.59626935 0.63551739]
 [0.84605795 0.86071742 0.87278849 0.88549909 0.92135425 0.88441756]
 [0.77706946 0.77824397 0.79650622 0.81806251 0.83066663 0.8423254 ]
 [0.64530577 0.6607089  0.68278247 0.68947899 0.70565453 0.71247628]
 [0.67257477 0.66661264 0.69034858 0.69949942 0.7538992  0.77755194]
 [0.77426632 0.76035869 0.77718015 0.77152942 0.80808985 0.81890866]
 [0.47984553 0.49287792 0.52919054 0.54386352 0.55648711 0.59012628]
 [0.60218152 0.61960585 0.63637247 0.66323297 0.70078137 0.67840236]]","[[2.80224562e-03 1.60884766e-03 5.97293514e-04 4.40278633e-03
  3.12517602e-03 2.82755144e-03]
 [3.70515833e-03 4.72168313e-03 4.44332362e-03 9.43451854e-05
  3.31364185e-04 1.97999830e-03]
 [9.92257207e-04 2.25408590e-03 1.88389686e-03 3.96538992e-03
  5.33577761e-03 6.96100858e-03]
 [6.35303146e-03 9.98841431e-03 4.18917342e-03 7.87551188e-03
  9.38929730e-03 4.29834806e-03]
 [1.11347512e-02 1.22934185e-02 1.11565177e-02 1.13331877e-02
  1.41698163e-02 1.16329513e-02]
 [2.36055114e-02 8.11335276e-03 8.72115711e-03 3.81789157e-03
  9.63943055e-03 9.47986527e-04]
 [1.09395900e-03 5.86412820e-03 4.27792955e-03 1.55264952e-03
  4.01884913e-03 2.91480077e-03]
 [4.09781984e-03 4.00654686e-03 5.81275011e-03 1.80814571e-03
  3.46373377e-03 6.35632924e-04]
 [6.24229260e-03 7.30382737e-03 3.61428092e-03 7.59027648e-03
  6.69571536e-03 6.44513216e-03]
 [6.11503702e-03 7.11264858e-03 3.11402486e-03 6.86915940e-03
  7.20908754e-03 2.92773420e-03]
 [1.31904990e-02 1.40633836e-02 1.22282886e-02 1.23573597e-02
  1.50334404e-02 1.43151021e-02]
 [2.68554304e-02 1.58964953e-02 1.90448748e-02 9.53351353e-03
  1.95652479e-02 1.55900136e-02]]","[ 75.85941695  99.6420376  113.93107664  48.02065955 131.16092048
 102.92582704  74.19456643  95.4366471  110.71794382  46.30380778
 130.7623041  102.96995801]",[1.533e-06 1.581e-06 1.629e-06 1.677e-06 1.725e-06 1.773e-06],1.1610797647409357,0.04540708054895237,[0.96098759],[0.01097464],[['gam_Lep' 'faint' '106']],,,,,1.1387944213288919,0.04405903427580826,[0.96085465],[0.01093703]
11,iot_Psc,HD222368,104,bright,"[[0.87025188 0.87055927 0.89466981 0.89556601 0.90764712 0.91691788]
 [0.65811169 0.66270711 0.69184542 0.70198875 0.71486995 0.73726887]
 [0.6619257  0.65664989 0.68660516 0.69760353 0.72813973 0.75299455]
 [0.99083182 0.97939782 0.99679217 0.98227068 1.0033463  1.00671276]
 [0.75400779 0.73807982 0.76122614 0.76616477 0.77887193 0.80906392]
 [0.85316118 0.85264585 0.87121102 0.88092692 0.89472235 0.90107149]
 [0.88371132 0.88519823 0.90217834 0.91406025 0.92832859 0.93144556]
 [0.67664952 0.68360306 0.70551424 0.71736934 0.72887135 0.742113  ]
 [0.67105481 0.67144901 0.69582296 0.71600992 0.74615513 0.77296994]
 [0.99865499 0.97137044 0.97921484 0.97956171 1.00656877 1.00089709]
 [0.75905169 0.74840339 0.76917519 0.78345362 0.78368505 0.81504701]
 [0.84198197 0.84376401 0.87556047 0.89066402 0.92447122 0.93417205]]","[[2.57034083e-03 3.34873848e-03 2.43816598e-03 2.45787730e-03
  2.35051587e-03 2.06972731e-03]
 [1.56129704e-04 2.18528681e-04 2.84643102e-05 1.87311329e-04
  3.95330489e-04 4.46476913e-04]
 [1.25156106e-03 9.35794022e-04 1.62930061e-04 1.31313093e-03
  2.47272811e-03 1.97610468e-03]
 [4.63454773e-04 1.51737761e-03 5.16199860e-04 5.96318169e-04
  1.02555464e-04 2.78672904e-04]
 [4.20723487e-03 2.67163199e-03 1.29643865e-04 1.71877980e-03
  8.17011710e-04 1.99133807e-03]
 [2.67450760e-03 9.63351769e-04 4.74869872e-04 5.67430459e-04
  2.24614495e-03 2.60093554e-03]
 [3.61156086e-04 1.46622537e-03 1.52450588e-04 3.26564312e-04
  4.28456950e-04 1.87964885e-03]
 [2.51029328e-04 9.31671494e-04 1.27377087e-04 3.78473232e-06
  6.84558759e-04 1.93154788e-04]
 [9.53270306e-04 5.10404190e-04 6.38315221e-04 4.60967033e-04
  1.86093192e-03 1.22878787e-03]
 [3.36757878e-03 6.53105938e-04 5.29044261e-04 1.35163462e-03
  1.71560686e-03 1.90941152e-04]
 [2.75866144e-03 3.72050227e-03 3.01917295e-03 1.11794060e-04
  1.83220346e-03 1.30571969e-03]
 [1.35727995e-03 1.56533941e-03 3.16207009e-03 5.51230058e-04
  1.57445786e-03 1.36251761e-03]]","[ 84.89078265 127.43035056 128.39420283  57.38699853 116.02616783
  88.90897448  82.46765459 125.40696811 130.0981807   57.91110561
 117.00441676  87.67705061]",[1.533e-06 1.581e-06 1.629e-06 1.677e-06 1.725e-06 1.773e-06],1.0933434394620325,0.0014617253363478078,[1.07140827],[0.00043982],[['iot_Psc' 'bright' '104']],,,,,1.0720504047480204,4.66530868820092e-05,[1.071241],[0.00043205]
12,iot_Psc,HD222368,104,faint,"[[0.87143115 0.87222873 0.89275982 0.89560695 0.90147639 0.91163895]
 [0.66271497 0.67266345 0.69636798 0.70943885 0.72226578 0.74186767]
 [0.70438757 0.70922967 0.73140042 0.7506824  0.77626413 0.7988424 ]
 [0.95911877 0.96571237 0.97521664 0.97318719 0.97707955 0.99143628]
 [0.7551542  0.76217702 0.78604118 0.78795376 0.79810802 0.82159309]
 [0.83889003 0.84791571 0.86048959 0.87035627 0.88192884 0.88342011]
 [0.85891024 0.85796433 0.87640458 0.88670473 0.89031742 0.90562205]
 [0.65952529 0.66201476 0.68903171 0.69655271 0.71111841 0.73174063]
 [0.67441362 0.67439263 0.69973457 0.7156376  0.74216154 0.76730213]
 [0.97338185 0.95674006 0.97090498 0.96914314 0.99072726 0.98794003]
 [0.7368879  0.74248638 0.77168661 0.77594888 0.78601732 0.81088103]
 [0.83907425 0.85045267 0.8692745  0.89360849 0.90349015 0.92425787]]","[[8.80204676e-03 6.74528403e-03 7.53223198e-03 7.61909744e-03
  9.17251022e-03 1.05349994e-02]
 [4.16253941e-04 2.25348224e-04 5.18833510e-04 6.21850142e-04
  3.37339925e-04 8.91717446e-05]
 [3.37690247e-03 7.15629626e-04 2.99673888e-03 3.81296267e-03
  1.90524900e-03 4.03672447e-03]
 [2.90999275e-03 8.56191634e-03 5.61579745e-03 6.21893814e-03
  4.51380593e-03 9.24327534e-03]
 [6.77765541e-03 6.99075652e-03 6.70619960e-03 6.66478992e-03
  6.65817958e-03 6.89177624e-03]
 [3.76137615e-03 3.23517919e-03 1.95436924e-03 8.53046543e-04
  1.41843688e-03 3.80748207e-03]
 [4.27576584e-03 5.66799785e-03 3.77204824e-03 5.13619668e-03
  5.42275777e-03 2.01446013e-03]
 [4.49838678e-03 7.33815673e-03 6.00509840e-03 6.53699466e-03
  6.80872735e-03 6.19525089e-03]
 [1.18047056e-02 7.10233954e-03 9.55853323e-03 8.06047808e-03
  6.11170250e-03 5.93356077e-03]
 [3.15911387e-03 2.60332154e-03 6.12031761e-03 4.95599264e-03
  5.46896964e-03 1.82073260e-03]
 [4.02156643e-03 3.15845449e-03 4.10776608e-03 4.83669875e-03
  6.32671139e-03 3.55556700e-03]
 [1.04910841e-03 5.46045585e-03 3.92943806e-03 6.24904540e-03
  7.82861536e-03 4.38647493e-03]]","[ 87.24394449 128.86794167 125.75713598  56.42894431 115.03700217
  90.50905359  85.3799924  127.78326806 127.94656605  57.23397646
 115.82380318  89.20114476]",[1.533e-06 1.581e-06 1.629e-06 1.677e-06 1.725e-06 1.773e-06],1.0568348532321816,0.011066475994553238,[1.0514849],[0.0031443],[['iot_Psc' 'faint' '104']],,,,,1.0363247559965092,0.00949766386611084,[1.05135955],[0.00312985]
13,ksi_Gem,HD48737,106,bright,"[[0.80252303 0.82090767 0.82537054 0.84882497 0.84512115 0.86554979]
 [0.53467882 0.56513452 0.58461364 0.60705834 0.62071467 0.63801304]
 [0.49258696 0.52701539 0.55339697 0.56795461 0.59514118 0.60828003]
 [1.01760572 1.03523168 0.99264844 1.01397111 1.00807739 1.01222279]
 [0.67932142 0.70130659 0.7078296  0.72553853 0.7315883  0.74882299]
 [0.96386205 0.99781108 0.99024917 0.97342536 0.9823992  0.97627345]
 [0.77306359 0.80648871 0.81157594 0.83797471 0.83775814 0.85028679]
 [0.52045219 0.55500691 0.57305579 0.60482933 0.61965902 0.62765115]
 [0.50163567 0.54827246 0.57370755 0.59965634 0.61584171 0.63309579]
 [0.07853996 1.138364   1.11426758 1.08832732 1.11321868 1.05596977]
 [0.63833797 0.64484218 0.65028162 0.67204421 0.67738761 0.69678239]
 [0.93057699 0.9507161  0.94150923 0.93778238 0.95082246 0.91754568]]","[[4.97440796e-03 6.50028243e-03 4.77887557e-03 6.04501142e-03
  3.61679289e-03 7.65797135e-03]
 [8.57475251e-04 1.95185823e-03 4.49389520e-03 3.87931992e-03
  3.92885365e-03 2.83463800e-03]
 [1.41698172e-03 4.61123296e-03 2.12004628e-03 2.09546832e-03
  4.27466438e-03 3.01885175e-03]
 [6.82964902e-02 6.13864707e-03 6.59411152e-03 1.80646863e-02
  2.12300833e-03 5.25440966e-04]
 [1.90487433e-03 3.31238193e-03 4.44121621e-03 7.52697878e-04
  3.92025672e-05 7.46979444e-04]
 [1.68336853e-03 1.11011494e-03 1.32257084e-03 2.64039291e-03
  5.38703087e-04 3.55884588e-03]
 [8.37602781e-03 7.30955914e-03 7.73102986e-03 4.71920495e-03
  2.22233391e-03 5.66408799e-03]
 [1.70115296e-03 4.59334261e-04 3.18114225e-03 2.04816362e-03
  1.30185253e-03 4.00973518e-04]
 [2.76887439e-03 6.91839763e-03 4.59168211e-03 5.96004441e-03
  6.76784908e-03 4.75454919e-03]
 [1.07853996e+00 8.30641644e-03 1.09085762e-03 2.19618175e-02
  8.37213171e-03 7.74905287e-03]
 [3.22249717e-03 2.99547673e-03 2.83601898e-03 4.56736986e-06
  1.47251195e-03 7.42894226e-05]
 [2.00827991e-03 2.74905201e-03 2.74842333e-04 4.27001175e-04
  4.26204569e-03 1.68322433e-03]]","[ 69.63019853 114.63195572 124.65052929  58.19666595  85.76558009
  37.75672847  65.618888   110.11850694 122.47077663  57.98393162
  86.90101645  37.89974519]",[1.533e-06 1.581e-06 1.629e-06 1.677e-06 1.725e-06 1.773e-06],1.4754585980629735,0.006179105806367491,[1.06219222],[0.00286217],[['ksi_Gem' 'bright' '106']],,,,,1.4494357525375494,0.0049697000534209,[1.06200086],[0.00287553]
14,ksi_Gem,HD48737,106,faint,"[[0.81314391 0.81371502 0.80570271 0.82965696 0.84978508 0.84982443]
 [0.49074221 0.48905375 0.51526967 0.53818618 0.5551939  0.5630226 ]
 [0.44717322 0.46311738 0.47590946 0.50711521 0.53821426 0.56462758]
 [0.93538179 0.92126599 0.93508796 0.93693174 0.95908926 0.94585664]
 [0.58227795 0.60270429 0.62182447 0.6291545  0.64261307 0.6606025 ]
 [0.78954916 0.79026451 0.84226587 0.86272654 0.88162203 0.93335216]
 [0.82721354 0.83127016 0.82727059 0.86036898 0.87608329 0.86751932]
 [0.49452843 0.49623343 0.52273931 0.54093481 0.55685705 0.56285059]
 [0.44119066 0.46078679 0.4714418  0.49943954 0.53410685 0.56079374]
 [0.93506251 0.90247751 0.92444813 0.92768661 0.95604386 0.94677736]
 [0.56630009 0.589839   0.60816781 0.61937056 0.63190332 0.64574965]
 [0.83981914 0.83810321 0.89674    0.93662247 0.94988552 1.05428071]]","[[6.82211052e-03 7.19760721e-03 6.74437993e-03 6.42399594e-03
  7.63788458e-03 8.75758280e-03]
 [2.18949599e-04 3.59047284e-05 1.18422078e-03 1.63807512e-03
  2.51383387e-03 2.60717532e-03]
 [4.37180946e-05 2.31517783e-03 6.67442451e-06 1.79339585e-03
  3.66286114e-03 1.81730576e-03]
 [6.23082319e-03 6.45301207e-03 6.04056642e-03 5.99508517e-03
  2.13896572e-03 1.11338860e-02]
 [4.01934762e-03 4.65838400e-03 5.43084977e-03 2.31442814e-03
  2.43168489e-03 3.31331135e-03]
 [9.50185991e-03 7.08505018e-03 5.58111643e-03 1.14920580e-02
  8.87539709e-03 2.04561412e-02]
 [1.73003053e-03 7.12234215e-04 1.08435884e-03 7.45884658e-04
  2.16877307e-04 6.98616493e-04]
 [9.85506925e-04 1.40527959e-04 4.77148576e-04 8.11976737e-04
  4.73780906e-04 1.19271372e-03]
 [4.92488397e-04 1.17404191e-03 3.72697333e-04 1.45184897e-03
  4.77596831e-05 4.03623839e-04]
 [3.57178491e-03 2.22318196e-03 2.49083189e-03 1.88574859e-03
  1.96101234e-03 4.55914579e-03]
 [2.18914484e-03 3.61480888e-03 2.06013854e-03 7.04000507e-04
  4.30967542e-04 1.32187702e-03]
 [4.13730135e-04 4.15542652e-03 2.05134144e-03 1.22101699e-03
  2.55174265e-03 1.56112693e-03]]","[ 79.28245235 124.25336487 128.64817388  57.65921292 109.09269614
  79.59653984  76.38450619 121.60465543 130.12496507  58.03045032
 110.40112764  78.41276182]",[1.533e-06 1.581e-06 1.629e-06 1.677e-06 1.725e-06 1.773e-06],1.4638312888057055,0.0015608830402560336,[1.09121398],[0.00594439],[['ksi_Gem' 'faint' '106']],,,,,1.4378093727256354,0.0026088496255854965,[1.09091033],[0.00594973]
15,pi3_Ori,HD30652,104,bright,"[[0.6864638  0.69654258 0.70939527 0.72809764 0.74807945 0.76180325]
 [0.38788238 0.39833111 0.42317317 0.4512934  0.46918799 0.49185473]
 [0.40856712 0.41662385 0.43839278 0.47050311 0.50379116 0.52978568]
 [0.86888516 0.84894622 0.86085001 0.85950493 0.89979968 0.91434939]
 [0.48110719 0.50280916 0.52317991 0.54875269 0.54160114 0.58769896]
 [0.6475045  0.65788915 0.6918457  0.70491234 0.73525352 0.75147548]
 [0.70355449 0.71367158 0.72541691 0.74756105 0.76869003 0.78371982]
 [0.40126697 0.41115124 0.43474898 0.46288735 0.47993859 0.50184421]
 [0.40442164 0.4086264  0.42919046 0.46414337 0.49578087 0.52136329]
 [0.87810646 0.85825685 0.86845325 0.87348758 0.91046403 0.92879953]
 [0.48597625 0.50604064 0.52513881 0.551602   0.53958711 0.58900699]
 [0.65539243 0.65879809 0.6957223  0.70847299 0.74100904 0.76079833]]","[[2.43066631e-03 2.93078345e-04 6.69692611e-04 7.19751600e-04
  1.07066161e-04 8.80299589e-04]
 [2.34314521e-03 2.45243691e-03 2.03051426e-03 2.65649529e-03
  2.33876890e-03 1.88603826e-03]
 [3.24299920e-03 2.78838000e-03 2.84248209e-03 1.95087562e-03
  2.85198034e-03 8.85124552e-04]
 [7.00310397e-04 9.24549462e-04 9.49859561e-04 5.48485654e-04
  1.41963427e-03 1.06960652e-03]
 [1.66588733e-03 4.45091923e-05 4.12105142e-03 3.72485445e-03
  5.53091798e-03 4.56753660e-03]
 [8.68915694e-03 6.35761087e-03 1.74915308e-03 1.85942159e-03
  7.84909389e-04 8.91081213e-05]
 [3.50392094e-03 1.60716105e-03 2.16100931e-03 9.40621816e-04
  1.74633541e-03 6.53264054e-04]
 [3.45047639e-03 3.46708021e-03 3.47703105e-03 3.75659966e-03
  3.23652754e-03 2.66554633e-03]
 [3.58911915e-03 3.62066462e-03 3.00900766e-03 3.02082060e-03
  3.76798664e-03 1.42294343e-03]
 [2.94953819e-03 1.73408904e-03 3.25612263e-03 2.19796364e-03
  2.28453530e-03 2.29263881e-03]
 [1.59363214e-03 1.69781400e-04 3.29072747e-03 2.69514622e-03
  4.44049631e-03 3.54945539e-03]
 [8.55757079e-03 6.16472320e-03 1.95815265e-03 1.81650020e-03
  1.60890086e-03 7.84352007e-04]]","[ 86.4524863  128.58835036 125.91552132  56.55173953 113.74201369
  88.92123281  84.61848728 127.42699192 127.89183611  57.26014977
 114.52729882  87.70085802]",[1.533e-06 1.581e-06 1.629e-06 1.677e-06 1.725e-06 1.773e-06],1.529507663769905,0.0035753254411191593,[1.03500462],[0.00049871],[['pi3_Ori' 'bright' '104']],,,,,1.4978046595514516,0.003879171756364541,[1.03431976],[0.000505]
16,pi3_Ori,HD30652,104,faint,"[[0.71778984 0.72075958 0.75049629 0.75761064 0.77049636 0.78104757]
 [0.45456789 0.46307633 0.49587344 0.51485556 0.52830816 0.55505032]
 [0.5157009  0.51576767 0.54287247 0.55928778 0.59074453 0.60844258]
 [0.89613297 0.87962573 0.90088336 0.89554772 0.91167585 0.93103254]
 [0.55241625 0.56795101 0.59467517 0.60203596 0.60573931 0.63270716]
 [0.69387128 0.71581555 0.71806517 0.73652559 0.7397006  0.75348558]
 [0.70249241 0.70531927 0.72779029 0.73812446 0.75566497 0.76592638]
 [0.43852907 0.44713573 0.47368948 0.49155664 0.50982745 0.53318691]
 [0.46337816 0.46888383 0.49722616 0.51464577 0.54762316 0.57111844]
 [0.90877355 0.88433361 0.90043896 0.8981491  0.9231841  0.939751  ]
 [0.54335546 0.56133064 0.58744211 0.59709898 0.6000102  0.62661517]
 [0.68641393 0.69671319 0.72172588 0.73386052 0.75145903 0.77240975]]","[[2.20845918e-05 1.48558711e-03 4.21049334e-04 1.17443208e-03
  1.42400393e-03 4.74231351e-04]
 [5.68426934e-04 3.79181639e-04 1.72874064e-04 3.76103195e-04
  6.18102451e-04 9.97059924e-04]
 [2.89467606e-03 7.84520666e-04 9.82019135e-04 1.97319150e-03
  6.41961545e-04 4.30243964e-04]
 [2.34406926e-03 3.48620716e-03 2.82594252e-03 2.45295201e-03
  1.22278346e-03 4.42962660e-03]
 [8.72799073e-03 3.51561539e-03 2.05451078e-03 3.91646118e-03
  2.13908109e-03 4.19799177e-04]
 [9.03911865e-03 5.55486654e-03 2.84016442e-03 2.38080838e-04
  1.15205961e-03 3.34477457e-03]
 [6.16513505e-04 1.53568733e-04 7.61458913e-04 3.36051522e-04
  2.11208308e-04 8.92629875e-04]
 [2.23930820e-04 3.33075404e-05 4.15619841e-04 2.84355589e-05
  6.56865519e-04 4.32721705e-04]
 [2.28815555e-03 4.87963332e-04 1.47363472e-03 6.51712064e-05
  2.88768737e-03 1.35576700e-04]
 [4.27383487e-03 3.24372579e-03 1.74108720e-03 8.62583691e-04
  2.27957758e-03 1.33575067e-03]
 [2.57912331e-03 9.70409346e-04 2.17627502e-03 4.66455203e-04
  9.94564965e-04 6.12053037e-04]
 [3.73717962e-04 1.50607437e-03 1.93821035e-03 2.01649079e-04
  9.91029466e-04 2.09699283e-03]]","[ 88.91889745 129.20363342 121.48581772  54.78517666 112.65444956
  91.25941691  87.43081335 129.01802271 124.5052929   56.01045083
 113.3147932   89.71505861]",[1.533e-06 1.581e-06 1.629e-06 1.677e-06 1.725e-06 1.773e-06],1.421221851967307,0.0017341432354877062,[1.02797405],[0.00267994],[['pi3_Ori' 'faint' '104']],,,,,1.3924152866542971,0.0020378229402409076,[1.02767733],[0.00267744]
17,psi Vel A,HD82434,106,bright,"[[1.06799115 1.0668423  1.0641426  1.05698881 1.05868052 1.05927876]
 [0.90242096 0.91768133 0.92605039 0.9222197  0.94516063 0.9334007 ]
 [0.78239466 0.78925379 0.8042786  0.81807405 0.84626345 0.87158766]
 [0.86946532 0.89317898 0.8906277  0.89372986 0.90786547 0.90909711]
 [0.99135035 0.97921036 0.98587974 0.98062794 1.00627093 1.01501225]
 [0.79359379 0.80257313 0.81271087 0.82327274 0.82965874 0.86815846]
 [1.08063697 1.07236251 1.07058687 1.05780298 1.06129937 1.06120677]
 [0.90874534 0.92591846 0.932329   0.93405212 0.94776326 0.94593645]
 [0.78620824 0.79863867 0.81216604 0.82242176 0.84778171 0.87450387]
 [       nan        nan        nan        nan        nan        nan]
 [       nan        nan        nan        nan        nan        nan]
 [0.88278573 0.8992273  0.90687238 0.91783554 0.92493275 0.94813937]
 [1.01562354 0.99193078 0.99967743 0.99615183 1.02822151 1.03056596]
 [0.81691588 0.82088731 0.83008629 0.83649394 0.84829868 0.874486  ]]","[[8.57044313e-04 1.42732374e-03 9.47673191e-04 3.83377784e-04
  4.45579588e-04 1.13790823e-03]
 [9.15616558e-04 2.21598148e-03 8.60050044e-04 1.11237805e-03
  1.90031238e-03 2.97332876e-03]
 [1.22359039e-03 1.76262124e-03 6.71844077e-04 2.38894827e-03
  1.28364333e-03 6.56379397e-04]
 [1.18031268e-03 1.32712806e-03 9.05645189e-05 1.08183120e-03
  1.72492429e-04 2.60126054e-03]
 [3.62070447e-03 2.15744401e-03 3.94394153e-04 9.81655612e-04
  1.16454609e-03 9.44820816e-04]
 [6.01127169e-04 3.03489163e-03 3.92090230e-03 3.08863280e-03
  2.42833140e-03 1.19399752e-03]
 [1.50912532e-03 1.47940746e-03 1.98060127e-03 2.56013681e-03
  1.09358819e-03 1.38778721e-03]
 [1.55726209e-03 8.16444616e-05 2.25466391e-03 1.44845747e-03
  1.35866659e-03 6.46795248e-05]
 [2.96347860e-03 3.64538262e-04 1.61992452e-03 4.17005462e-05
  1.34695767e-03 1.98041950e-03]
 [           nan            nan            nan            nan
             nan            nan]
 [           nan            nan            nan            nan
             nan            nan]
 [1.97652926e-03 4.98341112e-03 3.69310807e-03 3.08113535e-03
  2.20371414e-03 1.65999375e-03]
 [1.23547509e-03 9.58153319e-04 8.30884423e-04 1.20404600e-03
  7.74428840e-04 7.32485044e-05]
 [3.64665823e-03 2.17766967e-03 3.34949796e-03 2.33693726e-03
  2.22465110e-03 1.80386797e-03]]","[ 31.58843206  90.3828328  128.38563666 100.66620367  70.85598435
 127.07406476  31.33039982  90.50049814 127.15681535          nan
          nan  99.76367108  71.12684489 126.79166124]",[1.533e-06 1.581e-06 1.629e-06 1.677e-06 1.725e-06 1.773e-06],0.8992679582081657,0.0011119513107502033,[1.08118596],[0.0005697],[['psi Vel A' 'bright' '106']],,,,,0.885963484417553,0.0002981279864063824,[1.08115535],[0.00056802]
18,psi_Vel,HD82434,106,faint,"[[0.84626328 0.85695382 0.87426555 0.88209436 0.88523081 0.89329494]
 [0.69271352 0.71036202 0.72838511 0.74425113 0.7623672  0.78169696]
 [0.72432585 0.73632307 0.75016646 0.77087807 0.78720759 0.78247356]
 [0.9885257  0.97024812 0.97120592 0.97985861 0.97707812 0.99415124]
 [0.72333141 0.74942353 0.74109331 0.76486568 0.78018987 0.78463346]
 [0.79000464 0.81967859 0.81355593 0.83446753 0.84757112 0.84573067]
 [0.84290808 0.84439536 0.86392872 0.8747419  0.87914915 0.88996898]
 [0.69640269 0.70796659 0.7287797  0.74146924 0.75920942 0.78196569]
 [0.73950953 0.75108075 0.76587003 0.78247169 0.79730203 0.80540304]
 [0.97681601 0.94605165 0.96298542 0.96674186 0.9751983  0.99046888]
 [0.74048359 0.75241405 0.75718834 0.77709563 0.79066306 0.7964374 ]
 [0.78990333 0.80103766 0.81312958 0.82504905 0.84828665 0.8517422 ]]","[[1.37936376e-03 2.01075694e-03 4.13769420e-03 2.81309778e-03
  1.83781953e-04 1.75086925e-04]
 [5.49427648e-03 1.98403925e-03 1.68980953e-03 4.30962771e-03
  9.94232407e-04 4.03720741e-03]
 [8.18733346e-03 2.02084016e-03 1.28643157e-03 9.29864579e-03
  3.30412633e-03 1.58844031e-02]
 [1.54630023e-02 4.63967375e-03 1.12860059e-04 6.01975735e-04
  8.07879136e-03 7.21379045e-03]
 [3.78106856e-03 4.63480160e-03 8.90254379e-03 1.24733910e-03
  2.57215428e-03 2.52668731e-04]
 [2.21431585e-03 1.05989575e-04 2.25395157e-03 6.29526012e-03
  2.80984574e-03 7.90311146e-03]
 [1.26123696e-03 5.66874791e-05 3.45685720e-03 1.24443650e-04
  9.19290448e-04 1.58570609e-03]
 [2.81820209e-03 4.94986721e-03 5.09354797e-04 5.84530074e-04
  3.55106029e-04 1.66091149e-03]
 [3.27489484e-03 3.10381336e-03 9.50951591e-04 4.53830388e-03
  3.53348522e-04 1.15945417e-02]
 [1.62914188e-02 4.56422664e-03 7.28869747e-04 1.02242635e-03
  7.12144553e-03 7.53368900e-04]
 [1.95482670e-03 5.76296666e-03 6.17345411e-03 4.47432627e-04
  4.11780907e-03 3.06256502e-03]
 [2.08275478e-05 2.14268357e-03 6.51173087e-04 3.11811642e-03
  1.34708327e-03 6.96780349e-03]]","[ 90.44254328 128.83696252 127.95625834  56.62369111 126.9764103
 101.18913492  90.50596498 128.1492755  126.46246486  55.94990925
 126.62979175 101.51032402]",[1.533e-06 1.581e-06 1.629e-06 1.677e-06 1.725e-06 1.773e-06],0.9582050150751037,0.014188361413118189,[1.02469191],[0.00492077],[['psi_Vel' 'faint' '106']],,,,,0.9439116871639286,0.013107588939624326,[1.02462468],[0.00491176]
19,rho_Pup,HD67523,106,bright,"[[0.62585447 0.63271484 0.66642494 0.67401237 0.70324055 0.70807808]
 [0.30198227 0.32271629 0.34826443 0.37124148 0.39611424 0.4144274 ]
 [0.28099315 0.29461266 0.32089348 0.34598625 0.35390068 0.38200123]
 [0.74224137 0.75763964 0.76765328 0.7797936  0.78065978 0.78761306]
 [0.26597942 0.29842549 0.31320057 0.33664549 0.35666975 0.37525653]
 [0.4024535  0.42131999 0.45474571 0.46445178 0.4864418  0.51062657]
 [0.67095288 0.68593599 0.70897507 0.72349162 0.74763367 0.75657508]
 [0.37694281 0.39687882 0.42814978 0.44821627 0.47129811 0.49482724]
 [0.36871599 0.38993815 0.42287352 0.44501818 0.46709821 0.49110055]
 [0.87588167 0.88448086 0.89321908 0.90638633 0.9276805  0.92120867]
 [0.3168761  0.35359788 0.37527976 0.40003743 0.42670338 0.44710433]
 [0.51679261 0.54640535 0.56933464 0.5922007  0.60718439 0.63653905]]","[[0.00866085 0.0069922  0.00909604 0.00946761 0.00569323 0.01480699]
 [0.00883428 0.00880408 0.00913022 0.00980346 0.00883016 0.00765984]
 [0.0287646  0.02720369 0.03281317 0.03032568 0.02949758 0.03147854]
 [0.00418883 0.00491395 0.00441403 0.004309   0.00017434 0.00265464]
 [0.01907271 0.02602222 0.02108776 0.02141215 0.0247179  0.02331503]
 [0.02748449 0.0300863  0.02919349 0.02820671 0.02662211 0.02745261]
 [0.00376193 0.00282519 0.00158672 0.00116242 0.00528745 0.00125005]
 [0.00027209 0.00019801 0.00028359 0.00087242 0.000207   0.00129236]
 [0.01261149 0.00800016 0.0104736  0.01232762 0.00838991 0.01120508]
 [0.00871478 0.00749566 0.0075831  0.00626763 0.0004061  0.00379222]
 [0.00816091 0.01453541 0.01062163 0.01295648 0.01296203 0.01253463]
 [0.01757847 0.01896271 0.01660244 0.0162149  0.01335923 0.01583692]]","[ 87.91130858 124.45810851 129.6792901   56.69210184 132.30189305
 103.67702134  86.82107716 122.33376986 128.34310497  55.95907514
 132.21993989 103.59030172]",[1.533e-06 1.581e-06 1.629e-06 1.677e-06 1.725e-06 1.773e-06],1.6495288522446803,0.009861590638249096,[1.05076177],[0.00357549],[['rho_Pup' 'bright' '106']],,,,,1.6217350863151712,0.00843038305983912,[1.04996487],[0.00361526]
20,zet_Tuc,HD1581,104,bright,"[[0.849013   0.85335956 0.87958636 0.8856681  0.89651953 0.90312588]
 [0.61636552 0.62814255 0.6579746  0.66685423 0.68517823 0.70539919]
 [0.68442968 0.69202728 0.71866675 0.73159934 0.76038064 0.78155793]
 [0.99920054 0.9850317  1.00388541 0.99020793 1.01510569 1.01691846]
 [0.7984392  0.78522243 0.81004273 0.81246001 0.81449004 0.84605689]
 [0.83772071 0.84635152 0.85720839 0.86387907 0.87615067 0.88033342]
 [0.81773492 0.8222206  0.84787266 0.85469237 0.8720725  0.88012664]
 [0.60823248 0.61829923 0.64972268 0.65658621 0.67575219 0.69738533]
 [0.67526645 0.69222816 0.71461019 0.71729383 0.75113466 0.77170436]
 [0.98948751 0.97122291 0.9990241  0.98527715 1.02753928 1.01185755]
 [0.79829446 0.78585344 0.8106019  0.82094473 0.82044096 0.85659158]
 [0.8525747  0.84884291 0.85604427 0.86980096 0.88923994 0.90517134]]","[[1.15921375e-03 2.86586184e-03 2.05732986e-04 6.31476588e-04
  9.89766364e-04 1.25415338e-03]
 [4.98598370e-03 2.11612311e-03 3.92757737e-03 2.75185192e-03
  1.95967141e-03 1.37157224e-03]
 [3.10067648e-03 3.78851088e-03 3.77529827e-03 9.69464367e-04
  6.47124936e-04 1.86771410e-03]
 [5.94932750e-03 2.48970503e-03 3.77091562e-04 2.47512334e-03
  3.20690586e-03 3.37168129e-04]
 [8.07058887e-03 1.11516397e-03 1.36502891e-03 1.89952223e-03
  1.87898056e-03 1.11250175e-03]
 [1.10328941e-03 1.37794930e-03 4.68426456e-04 2.68780743e-04
  1.30136406e-03 7.23647909e-04]
 [4.32098478e-03 9.94293775e-03 2.74243635e-03 4.04860620e-03
  3.20500188e-03 1.92746864e-03]
 [2.63763500e-04 1.77824572e-03 3.34730365e-04 1.30405569e-03
  2.58124813e-03 4.86475517e-04]
 [2.47321043e-03 1.06055258e-03 8.09659019e-04 2.40083335e-03
  1.95102773e-03 8.59734360e-04]
 [1.02022448e-02 1.49317115e-03 2.99200036e-03 4.99031942e-04
  7.32021794e-04 3.64791168e-03]
 [1.44614882e-03 1.50900631e-03 7.67057360e-05 1.19674980e-03
  5.27850052e-03 3.04124221e-03]
 [4.05417420e-03 6.84762994e-03 3.34220539e-03 1.44263085e-03
  6.13574750e-04 1.17558824e-03]]","[ 87.4887572  129.23509391 116.81261085  53.48845299 101.05766223
  83.07805159  88.08440766 129.18301997 115.17718515  52.8310842
 100.55183918  83.73157895]",[1.533e-06 1.581e-06 1.629e-06 1.677e-06 1.725e-06 1.773e-06],1.1846552344670267,0.0021574555057966016,[1.07677687],[0.00126559],[['zet_Tuc' 'bright' '104']],,,,,1.1573186582111092,0.0013841580308012746,[1.07658557],[0.00125708]
21,zet_Tuc,HD1581,104,faint,"[[0.79796479 0.80503061 0.8288149  0.83966716 0.85570719 0.86171931]
 [0.61032586 0.62224632 0.65180482 0.66248834 0.675807   0.69040116]
 [0.71470224 0.71906605 0.73858878 0.74937453 0.78634568 0.79627604]
 [0.94044461 0.92106012 0.93256226 0.93552239 0.97316523 0.97092403]
 [0.69270742 0.69360384 0.71412601 0.71872794 0.72330925 0.74984235]
 [0.8303582  0.83677735 0.85717822 0.87314056 0.88339249 0.9024613 ]
 [0.79823685 0.80094816 0.82549046 0.8418571  0.85467467 0.86357648]
 [0.60231646 0.61237598 0.63831167 0.64813413 0.66716444 0.67962901]
 [0.72378964 0.72944579 0.74994437 0.76322765 0.80161923 0.81602145]
 [0.91220883 0.88249634 0.89555104 0.90895003 0.94947838 0.94051596]
 [0.70741639 0.70335484 0.72356148 0.72837018 0.73070489 0.75413176]
 [0.80374541 0.81040463 0.83301773 0.86318614 0.87459028 0.91462186]]","[[1.91566939e-03 1.85546182e-03 3.84114176e-04 1.81297265e-04
  5.94184166e-04 8.49342475e-04]
 [6.97908490e-04 1.00314185e-03 1.02396147e-03 9.85598157e-04
  3.52742564e-04 4.92394973e-04]
 [1.50853905e-03 2.06387367e-04 9.53520225e-06 2.14161745e-04
  4.03539763e-04 1.23963512e-03]
 [4.90361325e-04 1.55728861e-03 9.25858643e-04 4.77127291e-04
  1.53343354e-03 1.75327300e-03]
 [2.11067747e-03 2.40215624e-04 5.57166703e-04 1.47157174e-03
  1.75403359e-03 1.39600573e-04]
 [2.86399247e-03 1.20461784e-03 1.99984860e-04 9.84127009e-04
  1.08751181e-03 1.17060603e-03]
 [4.33202587e-03 1.76607723e-03 2.61052584e-03 2.21166525e-03
  2.88736849e-03 3.00030330e-03]
 [2.42094001e-03 3.77025191e-03 3.70040321e-03 2.21834627e-03
  2.69273882e-03 2.46892625e-03]
 [5.65935866e-03 3.27086711e-03 2.36691183e-03 8.60525043e-05
  2.20130733e-03 2.83786129e-03]
 [1.59989809e-03 1.61544778e-03 6.18000126e-04 2.66876152e-03
  1.24542153e-03 1.64273442e-03]
 [7.33442542e-04 1.46279553e-03 2.65703655e-03 3.38509720e-03
  4.58452966e-03 1.84900682e-03]
 [1.90552518e-03 7.98807296e-04 1.34286841e-03 3.31308091e-03
  2.28781172e-03 1.98868844e-03]]","[ 88.10675253 129.17836328 115.10796632  52.80316531 100.5291074
  83.75624283  88.63078985 129.00363045 113.28780113  52.06733394
  99.8994243   84.33564902]",[1.533e-06 1.581e-06 1.629e-06 1.677e-06 1.725e-06 1.773e-06],1.1024650097927218,0.0006912335553443949,[0.99847993],[0.00115213],[['zet_Tuc' 'faint' '104']],,,,,1.0770495508855111,0.001332101604138658,[0.99830809],[0.00114998]
