period,night,grade,mode,sequence_science,observed_name,pndrs_name,matched_id,expected_role,actual_role,science_value,Primary,HD_ID,Ref_ID_1,Ref_ID_2,Ref_ID_3,n_raw_observations,status
104,2019-11-26,AAAAAAAAAAAAAAAAAAAAAAAAAAAAAAAAAA,bright,HR_2998,HR_3069,HR3069,HD64181,CAL,CAL,False,HR3069,HD64181,,,,6,WARNING:OIDIAM_NAME_MISMATCH;WARNING:PRIMARY_NOT_USED_BY_OLD_OIDIAM
104,2019-11-26,AAAAAAAAAAAAAAAAAAAAAAAAAAAAAAAAAA,bright,HR_2998,HR_2998,HR2998,HD62644,SCI,SCI,True,HR2998,HD62644,,,,16,WARNING:OIDIAM_NAME_MISMATCH;WARNING:PRIMARY_NOT_USED_BY_OLD_OIDIAM
104,2019-11-26,AAAAAAAAAAAAAAAAAAAAAAAAAAAAAAAAAA,bright,HR_2998,HD_65491,HD_65491,HD65491,CAL,CAL,False,HD65491,HD65491,,,,6,OK
104,2019-11-26,AAAAAAAAAAAAAAAAAAAAAAAAAAAAAAAAAA,bright,HR_2998,HD_66162,HD_66162,HD66162,CAL,CAL,False,HD66162,HD66162,,,,6,OK
104,2019-11-25,AAAAAAAAAAAAAAAAAAAAAAAAAAAAAAAAAA,faint,HR_2998,HD_61574,HD_61574,HD61574,CAL,CAL,False,HD61574,HD61574,,,,6,OK
104,2019-11-25,AAAAAAAAAAAAAAAAAAAAAAAAAAAAAAAAAA,faint,HR_2998,HR_2998,HR2998,HD62644,SCI,SCI,True,HR2998,HD62644,,,,16,WARNING:OIDIAM_NAME_MISMATCH;WARNING:PRIMARY_NOT_USED_BY_OLD_OIDIAM
104,2019-11-25,AAAAAAAAAAAAAAAAAAAAAAAAAAAAAAAAAA,faint,HR_2998,HR_3069,HR3069,HD64181,CAL,CAL,False,HR3069,HD64181,,,,6,WARNING:OIDIAM_NAME_MISMATCH;WARNING:PRIMARY_NOT_USED_BY_OLD_OIDIAM
104,2019-11-25,AAAAAAAAAAAAAAAAAAAAAAAAAAAAAAAAAA,faint,HR_2998,HD_65187,HD_65187,HD65187,CAL,CAL,False,HD65187,HD65187,,,,6,OK
104,2019-11-27,AAAAAAAAAAAAAAAAAAAAAAAAAAAAAAAAAA,bright,iot_Psc,HD_222919,HD_222919,HD222919,CAL,CAL,False,HD222919,HD222919,HD222919,,,6,OK
104,2019-11-27,AAAAAAAAAAAAAAAAAAAAAAAAAAAAAAAAAA,bright,iot_Psc,iot_Psc,iot_Psc,HD222368,SCI,SCI,True,iotPsc,HD222368,,,,16,WARNING:OIDIAM_NAME_MISMATCH;WARNING:PRIMARY_NOT_USED_BY_OLD_OIDIAM
104,2019-11-27,AAAAAAAAAAAAAAAAAAAAAAAAAAAAAAAAAA,bright,iot_Psc,HD_223292,HD_223292,HD223292,CAL,CAL,False,HD223292,HD223292,HD223292,,,6,OK
104,2019-11-27,AAAAAAAAAAAAAAAAAAAAAAAAAAAAAAAAAA,bright,iot_Psc,HR_67,HR67,HD1367,CAL,CAL,False,HR67,HD1367,HR67,,,6,OK
104,2019-11-28,AAAAAAAAAAAAAAAAAAAAAAAAAAAAAAAAAA,faint,iot_Psc,HD_218330,HD_218330,HD218330,CAL,CAL,False,HD218330,HD218330,HD218330,,,6,OK
104,2019-11-28,AAAAAAAAAAAAAAAAAAAAAAAAAAAAAAAAAA,faint,iot_Psc,iot_Psc,iot_Psc,HD222368,SCI,SCI,True,iotPsc,HD222368,,,,16,WARNING:OIDIAM_NAME_MISMATCH;WARNING:PRIMARY_NOT_USED_BY_OLD_OIDIAM
104,2019-11-28,AAAAAAAAAAAAAAAAAAAAAAAAAAAAAAAAAA,faint,iot_Psc,HD_43,HD_43,HD43,CAL,CAL,False,HD43,HD43,HD43,,,6,OK
104,2019-11-28,AAAAAAAAAAAAAAAAAAAAAAAAAAAAAAAAAA,faint,iot_Psc,HR_67,HR67,HD1367,CAL,CAL,False,HR67,HD1367,HR67,,,6,OK
104,2019-11-29,AAAAAABBBBBBBBBBAAAAAABBBBBBAAAAAA,bright,pi3_Ori,HR_1534,HR1534,HD30545,CAL,CAL,False,HR1534,HD30545,HR1534,,,6,OK
104,2019-11-29,AAAAAABBBBBBBBBBAAAAAABBBBBBAAAAAA,bright,pi3_Ori,pi3_Ori,pi3_Ori,HD30652,SCI,SCI,True,pi3Ori,HD30652,,,,16,WARNING:OIDIAM_NAME_MISMATCH;WARNING:PRIMARY_NOT_USED_BY_OLD_OIDIAM
104,2019-11-29,AAAAAABBBBBBBBBBAAAAAABBBBBBAAAAAA,bright,pi3_Ori,HR_1618,HR1618,HD32263,CAL,CAL,False,HR1618,HD32263,HR1618,,,6,OK
104,2019-11-29,AAAAAABBBBBBBBBBAAAAAABBBBBBAAAAAA,bright,pi3_Ori,HR_1681,HR1681,HD33419,CAL,CAL,False,HR1681,HD33419,HR1681,,,6,OK
104,2019-11-28,BBBBBBBBBBBBBBBBBBBBBBBBBBBBBBBBBB,faint,pi3_Ori,HD_30519,HD_30519,HD30519,CAL,CAL,False,HD30519,HD30519,HD30519,,,6,OK
104,2019-11-28,BBBBBBBBBBBBBBBBBBBBBBBBBBBBBBBBBB,faint,pi3_Ori,pi3_Ori,pi3_Ori,HD30652,SCI,SCI,True,pi3Ori,HD30652,,,,16,WARNING:OIDIAM_NAME_MISMATCH;WARNING:PRIMARY_NOT_USED_BY_OLD_OIDIAM
104,2019-11-28,BBBBBBBBBBBBBBBBBBBBBBBBBBBBBBBBBB,faint,pi3_Ori,HD_30507,HD_30507,HD30507,CAL,CAL,False,HD30507,HD30507,HD30507,,,6,OK
104,2019-11-28,BBBBBBBBBBBBBBBBBBBBBBBBBBBBBBBBBB,faint,pi3_Ori,HR_1618,HR1618,HD32263,CAL,CAL,False,HR1618,HD32263,HR1618,,,6,OK
104,2019-11-29,AAAAAAAAAAAAAAAAAAAAAAAAAAAAAAAAAA,bright,zet_Tuc,HD_220757,HD_220757,HD220757,CAL,CAL,False,HD220757,HD220757,,,,6,OK
104,2019-11-29,AAAAAAAAAAAAAAAAAAAAAAAAAAAAAAAAAA,bright,zet_Tuc,zet_Tuc,zet_Tuc,HD1581,SCI,SCI,True,zetTuc,HD1581,,,,16,WARNING:OIDIAM_NAME_MISMATCH;WARNING:PRIMARY_NOT_USED_BY_OLD_OIDIAM
104,2019-11-29,AAAAAAAAAAAAAAAAAAAAAAAAAAAAAAAAAA,bright,zet_Tuc,HD_68,HD_68,HD68,CAL,CAL,False,HD68,HD68,,,,6,OK
104,2019-11-29,AAAAAAAAAAAAAAAAAAAAAAAAAAAAAAAAAA,bright,zet_Tuc,HD_8025,HD_8025,HD8025,CAL,CAL,False,HD8025,HD8025,,,,6,OK
104,2019-11-27,AAAAAA________________AAAAAAAAAAAA,faint,zet_Tuc,HR_8809,HR8809,HD218558,CAL,CAL,False,HR8809,HD218558,,,,6,WARNING:OIDIAM_NAME_MISMATCH;WARNING:PRIMARY_NOT_USED_BY_OLD_OIDIAM
104,2019-11-27,AAAAAA________________AAAAAAAAAAAA,faint,zet_Tuc,zet_Tuc,zet_Tuc,HD1581,SCI,SCI,True,zetTuc,HD1581,,,,16,WARNING:OIDIAM_NAME_MISMATCH;WARNING:PRIMARY_NOT_USED_BY_OLD_OIDIAM
104,2019-11-27,AAAAAA________________AAAAAAAAAAAA,faint,zet_Tuc,HD_68,HD_68,HD68,CAL,CAL,False,HD68,HD68,,,,6,OK
104,2019-11-27,AAAAAA________________AAAAAAAAAAAA,faint,zet_Tuc,HD_323,HD_323,HD323,CAL,CAL,False,HD323,HD323,,,,6,OK
105,2022-04-03,AAAAAAAAAAAAAAAAAAAAAAAAAAAAAAAAAA,bright,HD124850,HD122135,HD122135,HD122135,CAL,CAL,False,HD122135,HD122135,,,,6,OK
105,2022-04-03,AAAAAAAAAAAAAAAAAAAAAAAAAAAAAAAAAA,bright,HD124850,HD124850,HD124850,HD124850,SCI,SCI,True,HD124850,HD124850,HD124850,iot Vir,,16,OK
105,2022-04-03,AAAAAAAAAAAAAAAAAAAAAAAAAAAAAAAAAA,bright,HD124850,HD125183,HD125183,HD125183,CAL,CAL,False,HD125183,HD125183,,,,6,OK
105,2022-04-03,AAAAAAAAAAAAAAAAAAAAAAAAAAAAAAAAAA,bright,HD124850,HD125490,HD125490,HD125490,CAL,CAL,False,HD125490,HD125490,,,,6,OK
105,2022-03-31,AAAAAAAAAAAAAAAAAAAAAAAAAAAAAAAAAA,faint,HD124850,HD121981,HD121981,HD121981,CAL,CAL,False,HD121981,HD121981,,,,6,OK
105,2022-03-31,AAAAAAAAAAAAAAAAAAAAAAAAAAAAAAAAAA,faint,HD124850,HD124850,HD124850,HD124850,SCI,SCI,True,HD124850,HD124850,HD124850,iot Vir,,16,OK
105,2022-03-31,AAAAAAAAAAAAAAAAAAAAAAAAAAAAAAAAAA,faint,HD124850,HD123255,HD123255,HD123255,CAL,CAL,False,HD123255,HD123255,,,,6,OK
105,2022-03-31,AAAAAAAAAAAAAAAAAAAAAAAAAAAAAAAAAA,faint,HD124850,HD125490,HD125490,HD125490,CAL,CAL,False,HD125490,HD125490,,,,6,OK
105,2022-03-31,BBBBBBBBBBBBBBBBBBBBBBBBBBBBBBBBBB,bright,HD141004,HD142639,HD142639,HD142639,CAL,CAL,False,HD142639,HD142639,,,,6,OK
105,2022-03-31,BBBBBBBBBBBBBBBBBBBBBBBBBBBBBBBBBB,bright,HD141004,HD141004,HD141004,HD141004,SCI,SCI,True,HD141004,HD141004,HD141004,lam Ser,,16,OK
105,2022-03-31,BBBBBBBBBBBBBBBBBBBBBBBBBBBBBBBBBB,bright,HD141004,HD139610,HD139610,HD139610,CAL,CAL,False,HD139610,HD139610,,,,6,OK
105,2022-03-31,BBBBBBBBBBBBBBBBBBBBBBBBBBBBBBBBBB,bright,HD141004,HD142443,HD142443,HD142443,CAL,CAL,False,HD142443,HD142443,,,,6,OK
105,2022-04-02,BBBBBBBBBBBBBBBBBBBBBBBBBBBBBBBBBB,faint,HD141004,HD142443,HD142443,HD142443,CAL,CAL,False,HD142443,HD142443,,,,6,OK
105,2022-04-02,BBBBBBBBBBBBBBBBBBBBBBBBBBBBBBBBBB,faint,HD141004,HD141004,HD141004,HD141004,SCI,SCI,True,HD141004,HD141004,HD141004,lam Ser,,16,OK
105,2022-04-02,BBBBBBBBBBBBBBBBBBBBBBBBBBBBBBBBBB,faint,HD141004,HD142862,HD142862,HD142862,CAL,CAL,False,HD142862,HD142862,,,,6,OK
105,2022-04-02,BBBBBBBBBBBBBBBBBBBBBBBBBBBBBBBBBB,faint,HD141004,HD143129,HD143129,HD143129,CAL,CAL,False,HD143129,HD143129,,,,6,OK
105,2022-08-11,AAAAAAAAAAAAAAAAAAAAAAAAAAAAAAAAAA,bright,HD142860,HD141589,HD141589,HD141589,CAL,CAL,False,HD141589,HD141589,,,,6,OK
105,2022-08-11,AAAAAAAAAAAAAAAAAAAAAAAAAAAAAAAAAA,bright,HD142860,HD142860,HD142860,HD142860,SCI,SCI,True,HD142860,HD142860,HD142860,gam Ser,,16,OK
105,2022-08-11,AAAAAAAAAAAAAAAAAAAAAAAAAAAAAAAAAA,bright,HD142860,HD143257,HD143257,HD143257,CAL,CAL,False,HD143257,HD143257,,,,6,OK
105,2022-08-11,AAAAAAAAAAAAAAAAAAAAAAAAAAAAAAAAAA,bright,HD142860,HD140346,HD140346,HD140346,CAL,CAL,False,HD140346,HD140346,,,,6,OK
105,2022-04-03,AAAAAAAAAAAAAAAAAAAAAAAAAAAAAAAAAA,faint,HD142860,HD141589,HD141589,HD141589,CAL,CAL,False,HD141589,HD141589,,,,6,OK
105,2022-04-03,AAAAAAAAAAAAAAAAAAAAAAAAAAAAAAAAAA,faint,HD142860,HD142860,HD142860,HD142860,SCI,SCI,True,HD142860,HD142860,HD142860,gam Ser,,16,OK
105,2022-04-03,AAAAAAAAAAAAAAAAAAAAAAAAAAAAAAAAAA,faint,HD142860,HD141827,HD141827,HD141827,CAL,CAL,False,HD141827,HD141827,,,,6,OK
105,2022-04-03,AAAAAAAAAAAAAAAAAAAAAAAAAAAAAAAAAA,faint,HD142860,HD143896,HD143896,HD143896,CAL,CAL,False,HD143896,HD143896,,,,6,OK
106,2021-02-26,AAAAAAAAAAAAAAAABBBBBBAAAAAABBBBBB,bright,alf_CMi,HR_2729,HR2729,HD55751,CAL,CAL,False,HR2729,HD55751,,,,6,WARNING:OIDIAM_NAME_MISMATCH;WARNING:PRIMARY_NOT_USED_BY_OLD_OIDIAM
106,2021-02-26,AAAAAAAAAAAAAAAABBBBBBAAAAAABBBBBB,bright,alf_CMi,alf_CMi,alf_CMi,HD61421,SCI,SCI,True,alfCMi,HD61421,alfcmi,,,16,OK
106,2021-02-26,AAAAAAAAAAAAAAAABBBBBBAAAAAABBBBBB,bright,alf_CMi,HD_63241,HD_63241,HD63241,CAL,CAL,False,HD63241,HD63241,,,,6,OK
106,2021-02-26,AAAAAAAAAAAAAAAABBBBBBAAAAAABBBBBB,bright,alf_CMi,27_Mon,27_Mon,HD65695,CAL,CAL,False,27Mon,HD65695,,,,6,WARNING:OIDIAM_NAME_MISMATCH;WARNING:PRIMARY_NOT_USED_BY_OLD_OIDIAM
106,2021-09-05,_BBBBBBBBBBBBBBBBBBBBBBBBBBBBBBBBBB,bright,bet_Hyi,sig_Pav,sig_Pav,HD197635,CAL,CAL,False,sigPav,HD197635,,,,7,WARNING:OIDIAM_NAME_MISMATCH;WARNING:PRIMARY_NOT_USED_BY_OLD_OIDIAM
106,2021-09-05,_BBBBBBBBBBBBBBBBBBBBBBBBBBBBBBBBBB,bright,bet_Hyi,bet_Hyi,bet_Hyi,HD2151,SCI,SCI,True,betHyi,HD2151,,,,16,WARNING:OIDIAM_NAME_MISMATCH;WARNING:PRIMARY_NOT_USED_BY_OLD_OIDIAM
106,2021-09-05,_BBBBBBBBBBBBBBBBBBBBBBBBBBBBBBBBBB,bright,bet_Hyi,HD_4332,HD_4332,HD4332,CAL,CAL,False,HD4332,HD4332,,,,6,OK
106,2021-09-05,_BBBBBBBBBBBBBBBBBBBBBBBBBBBBBBBBBB,bright,bet_Hyi,lam_Tuc,lam_Tuc,HD5457,CAL,CAL,False,lamTuc,HD5457,,,,6,WARNING:OIDIAM_NAME_MISMATCH;WARNING:PRIMARY_NOT_USED_BY_OLD_OIDIAM
106,2021-09-11,BBBBBBBBBBBBBBBBBBBBBBBBBBBBBBBBBB,faint,bet_Hyi,HD_210056,HD_210056,HD210056,CAL,CAL,False,HD210056,HD210056,HD210056,HR_8432,,6,OK
106,2021-09-11,BBBBBBBBBBBBBBBBBBBBBBBBBBBBBBBBBB,faint,bet_Hyi,bet_Hyi,bet_Hyi,HD2151,SCI,SCI,True,betHyi,HD2151,,,,16,WARNING:OIDIAM_NAME_MISMATCH;WARNING:PRIMARY_NOT_USED_BY_OLD_OIDIAM
106,2021-09-11,BBBBBBBBBBBBBBBBBBBBBBBBBBBBBBBBBB,faint,bet_Hyi,lam_Tuc,lam_Tuc,HD5457,CAL,CAL,False,lamTuc,HD5457,,,,6,WARNING:OIDIAM_NAME_MISMATCH;WARNING:PRIMARY_NOT_USED_BY_OLD_OIDIAM
106,2021-09-11,BBBBBBBBBBBBBBBBBBBBBBBBBBBBBBBBBB,faint,bet_Hyi,kap_Hyi,kap_Hyi,HD15248,CAL,CAL,False,kapHyi,HD15248,,,,6,WARNING:OIDIAM_NAME_MISMATCH;WARNING:PRIMARY_NOT_USED_BY_OLD_OIDIAM
106,2021-02-18,BBBBBBBBBBBBBBBBBBBBBBBBBBBBBBBBBB,faint,gam_Lep,HD_38295,HD_38295,HD38295,CAL,CAL,False,HD38295,HD38295,,,,6,OK
106,2021-02-18,BBBBBBBBBBBBBBBBBBBBBBBBBBBBBBBBBB,faint,gam_Lep,gam_Lep,gam_Lep,HD38393,SCI,SCI,True,gamLep,HD38393,,,,16,WARNING:OIDIAM_NAME_MISMATCH;WARNING:PRIMARY_NOT_USED_BY_OLD_OIDIAM
106,2021-02-18,BBBBBBBBBBBBBBBBBBBBBBBBBBBBBBBBBB,faint,gam_Lep,HR_2090,HR2090,HD40235,CAL,CAL,False,HR2090,HD40235,,,,6,WARNING:OIDIAM_NAME_MISMATCH;WARNING:PRIMARY_NOT_USED_BY_OLD_OIDIAM
106,2021-02-18,BBBBBBBBBBBBBBBBBBBBBBBBBBBBBBBBBB,faint,gam_Lep,HD_42747,HD_42747,HD42747,CAL,CAL,False,HD42747,HD42747,,,,6,OK
106,2022-02-26,BBBBBBBBBBBBBBBBBBBBBBBBBBBBBBBBBB,bright,ksi_Gem,12_Mon,12_Mon,HD46241,CAL,CAL,False,12Mon,HD46241,,,,6,WARNING:OIDIAM_NAME_MISMATCH;WARNING:PRIMARY_NOT_USED_BY_OLD_OIDIAM
106,2022-02-26,BBBBBBBBBBBBBBBBBBBBBBBBBBBBBBBBBB,bright,ksi_Gem,ksi_Gem,ksi_Gem,HD48737,SCI,SCI,True,ksiGem,HD48737,,,,16,WARNING:OIDIAM_NAME_MISMATCH;WARNING:PRIMARY_NOT_USED_BY_OLD_OIDIAM
106,2022-02-26,BBBBBBBBBBBBBBBBBBBBBBBBBBBBBBBBBB,bright,ksi_Gem,HR_2426,HR2426,HD47156,CAL,CAL,False,HR2426,HD47156,,,,6,WARNING:OIDIAM_NAME_MISMATCH;WARNING:PRIMARY_NOT_USED_BY_OLD_OIDIAM
106,2022-02-26,BBBBBBBBBBBBBBBBBBBBBBBBBBBBBBBBBB,bright,ksi_Gem,HR_2610,HR2610,HD51814,CAL,CAL,False,HR2610,HD51814,,,,6,WARNING:OIDIAM_NAME_MISMATCH;WARNING:PRIMARY_NOT_USED_BY_OLD_OIDIAM
106,2022-03-01,BBBBBBBBBBBBBBBBBBBBBBBBBBBBBBBBBB,faint,ksi_Gem,HR_2342,HR2342,HD45512,CAL,CAL,False,HR2342,HD45512,,,,6,WARNING:OIDIAM_NAME_MISMATCH;WARNING:PRIMARY_NOT_USED_BY_OLD_OIDIAM
106,2022-03-01,BBBBBBBBBBBBBBBBBBBBBBBBBBBBBBBBBB,faint,ksi_Gem,ksi_Gem,ksi_Gem,HD48737,SCI,SCI,True,ksiGem,HD48737,,,,16,WARNING:OIDIAM_NAME_MISMATCH;WARNING:PRIMARY_NOT_USED_BY_OLD_OIDIAM
106,2022-03-01,BBBBBBBBBBBBBBBBBBBBBBBBBBBBBBBBBB,faint,ksi_Gem,HR_2391,HR2391,HD4849,CAL,CAL,False,HR2391,HD4849,,,,6,WARNING:OIDIAM_NAME_MISMATCH;WARNING:PRIMARY_NOT_USED_BY_OLD_OIDIAM
106,2022-03-01,BBBBBBBBBBBBBBBBBBBBBBBBBBBBBBBBBB,faint,ksi_Gem,HR_2426,HR2426,HD47156,CAL,CAL,False,HR2426,HD47156,,,,6,WARNING:OIDIAM_NAME_MISMATCH;WARNING:PRIMARY_NOT_USED_BY_OLD_OIDIAM
106,2022-01-06,AAAAAAAAAAAAAAAAAAAAAAAAAAAAAAAAAA,bright,psi Vel A,HD_79810,HD_79810,HD79810,CAL,CAL,False,HD79810,HD79810,,,,6,OK
106,2022-01-06,AAAAAAAAAAAAAAAAAAAAAAAAAAAAAAAAAA,bright,psi Vel A,psi Vel A,psi Vel A,HD82434,SCI,SCI,True,psiVel,HD82434,psivela,HD82434a,,16,OK
106,2022-01-06,AAAAAAAAAAAAAAAAAAAAAAAAAAAAAAAAAA,bright,psi Vel A,HR_3729,HR3729,HD81134,CAL,CAL,False,HR3729,HD81134,,,,6,WARNING:OIDIAM_NAME_MISMATCH;WARNING:PRIMARY_NOT_USED_BY_OLD_OIDIAM
106,2022-01-06,AAAAAAAAAAAAAAAAAAAAAAAAAAAAAAAAAA,bright,psi Vel A,HD_84900,HD_84900,HD84900,CAL,CAL,False,HD84900,HD84900,,,,6,OK
106,2021-03-05,AAAAAAAAAAAAAAAAAAAAAAAAAAAAAAAAAA,faint,psi_Vel,HD_76437,HD_76437,HD76437,CAL,CAL,False,HD76437,HD76437,,,,6,OK
106,2021-03-05,AAAAAAAAAAAAAAAAAAAAAAAAAAAAAAAAAA,faint,psi_Vel,psi_Vel,psi_Vel,HD82434,SCI,SCI,True,psiVel,HD82434,psivela,HD82434a,,16,WARNING:OIDIAM_NAME_MISMATCH;WARNING:PRIMARY_NOT_USED_BY_OLD_OIDIAM
106,2021-03-05,AAAAAAAAAAAAAAAAAAAAAAAAAAAAAAAAAA,faint,psi_Vel,HR_3729,HR3729,HD81134,CAL,CAL,False,HR3729,HD81134,,,,6,WARNING:OIDIAM_NAME_MISMATCH;WARNING:PRIMARY_NOT_USED_BY_OLD_OIDIAM
106,2021-03-05,AAAAAAAAAAAAAAAAAAAAAAAAAAAAAAAAAA,faint,psi_Vel,HD_84369,HD_84369,HD84369,CAL,CAL,False,HD84369,HD84369,,,,6,OK
106,2021-02-18,BBBBBBBBBBBBBBBBBBBBBBBBBBBBBBBBBB,bright,rho_Pup,HD_59936,HD_59936,HD59936,CAL,CAL,False,HD59936,HD59936,,,,6,OK
106,2021-02-18,BBBBBBBBBBBBBBBBBBBBBBBBBBBBBBBBBB,bright,rho_Pup,rho_Pup,rho_Pup,HD67523,SCI,SCI,True,rhoPup,HD67523,,,,16,WARNING:OIDIAM_NAME_MISMATCH;WARNING:PRIMARY_NOT_USED_BY_OLD_OIDIAM
106,2021-02-18,BBBBBBBBBBBBBBBBBBBBBBBBBBBBBBBBBB,bright,rho_Pup,HD  63734,HD  63734,HD63734,CAL,CAL,False,HD63734,HD63734,,,,6,OK
106,2021-02-18,BBBBBBBBBBBBBBBBBBBBBBBBBBBBBBBBBB,bright,rho_Pup,HR_3317,HR3317,HD71231,CAL,CAL,False,HR3317,HD71231,,,,6,WARNING:OIDIAM_NAME_MISMATCH;WARNING:PRIMARY_NOT_USED_BY_OLD_OIDIAM
106,2021-02-18,BBBBBBBBBBBBBBBBBBBBBBBBBBBBBBBBBB,faint,rho_Pup,HD_59936,HD_59936,HD59936,CAL,CAL,False,HD59936,HD59936,,,,6,OK
106,2021-02-18,BBBBBBBBBBBBBBBBBBBBBBBBBBBBBBBBBB,faint,rho_Pup,rho_Pup,rho_Pup,HD67523,SCI,SCI,True,rhoPup,HD67523,,,,16,WARNING:OIDIAM_NAME_MISMATCH;WARNING:PRIMARY_NOT_USED_BY_OLD_OIDIAM
106,2021-02-18,BBBBBBBBBBBBBBBBBBBBBBBBBBBBBBBBBB,faint,rho_Pup,HD_63734,HD_63734,HD63734,CAL,CAL,False,HD63734,HD63734,,,,6,OK
106,2021-02-18,BBBBBBBBBBBBBBBBBBBBBBBBBBBBBBBBBB,faint,rho_Pup,HR_3317,HR3317,HD71231,CAL,CAL,False,HR3317,HD71231,,,,6,WARNING:OIDIAM_NAME_MISMATCH;WARNING:PRIMARY_NOT_USED_BY_OLD_OIDIAM
