HD_ID,Primary,Science,Sequence,SpT,SpT_simple,BTmag,e_BTmag,VTmag,e_VTmag,Jmag,e_Jmag,Kmag,e_Kmag,W1mag,e_W1mag,W3mag,e_W3mag,W4mag,e_W4mag,Plx,e_Plx,Plx_alt,e_Plx_alt,FeH_rel,e_FeH_rel,Quality,LDD_rel,Bmag,Vmag,eb_v,A_V,Bmag_dr,Vmag_dr,Hpmag_dr,BTmag_dr,VTmag_dr,BPmag_dr,RPmag_dr,Dist,e_Dist,V-K_calc,LDD_VK,e_LDD_VK,LDD_VW3,e_LDD_VW3,LDD_VW4,e_LDD_VW4,LDD_BV,e_LDD_BV,LDD_BV_feh,e_LDD_BV_feh,LDD_pred,e_LDD_pred,teff_casagrande,e_teff_casagrande,nan_outputs,probable_reason
HD1367,HR67,False,Both,K0III,K0III,7.371,0.015,6.281000000000001,0.01,4.952,0.21600000000000003,4.225,0.264,3.93, 0.376,4.001,0.015,3.96, 0.026,8.8131,0.0279,8.8131,0.0279,,,GOOD,LDD_VW3,7.126122580343318,6.175786286061529,,0.012552395070513589,7.109956753296674,6.163821369912054,6.332761199299936,7.3539448237142455,6.2683088774131,6.3933708774130995,5.3123841327860015,112.99861789828691,0.3567377372184942,2.2260626325312165,0.770860104827833,0.03545956482208031,0.7295345105007,0.0372062600355357,0.728322492155624,0.05243921943520492,0.695164437171711,0.054222826099393454,,,0.7295345105007,0.0372062600355357,,,eb_v; LDD_BV_feh; e_LDD_BV_feh; teff_casagrande; e_teff_casagrande,Missing FeH_rel: Casagrande Teff or FeH-dependent LDD may be NaN
HD222919,HD222919,False,Bright,K0,K0,8.28,0.016,6.9910000000000005,0.01,4.912,0.218,4.31,0.017,4.196000000000001, 0.354,4.34,0.031,4.164, 0.025,7.28676686306064,0.0241,7.2504,0.0241,,,GOOD,LDD_VW3,7.970354382627389,6.868058021025499,,0.10283136192433145,7.837921169483505,6.770039386649411,6.93732235429604,8.14028108616151,6.887032158593756,7.016452158593755,5.804833000315755,137.23507541724382,0.4541566383554091,2.5136163304241883,0.6943754903340961,0.03194127255536842,0.6391624132276206,0.03259728307460865,0.6854328971909268,0.049351168597746735,0.7617756506715131,0.05941850075237802,,,0.6391624132276206,0.03259728307460865,,,eb_v; LDD_BV_feh; e_LDD_BV_feh; teff_casagrande; e_teff_casagrande,Missing FeH_rel: Casagrande Teff or FeH-dependent LDD may be NaN
HD223292,HD223292,False,Bright,G5,G5,8.158,0.016,7.001,0.01,4.989,0.02,4.398,0.016,4.297, 0.256,4.346,0.016,4.284, 0.025,6.230886366107488,0.0268,6.1944,0.0268,,,GOOD,LDD_VW3,7.891642466819933,6.8903250387701975,,0.1002227615681123,7.7625687864150645,6.794792916677567,6.952590474594316,8.021825440739619,6.8996695888781785,7.019641588878178,5.840317598846061,160.4908100137144,0.6899367919444216,2.463848362643811,0.6660608261219988,0.03063879800161194,0.6384673265667877,0.032561833654906176,0.6437493362226574,0.04634995220803133,0.5509830746705778,0.04297667982430507,,,0.6384673265667877,0.032561833654906176,,,eb_v; LDD_BV_feh; e_LDD_BV_feh; teff_casagrande; e_teff_casagrande,Missing FeH_rel: Casagrande Teff or FeH-dependent LDD may be NaN
HD218330,HD218330,False,Faint,K0III,K0III,8.399,0.017,7.122000000000001,0.01,5.0569999999999995,0.017,4.327,0.017,4.275, 0.320,4.289,0.015,4.238, 0.026,6.123125092318091,0.0229,6.0868,0.0229,,,GOOD,LDD_VW3,8.093181438335945,7.000296200436887,,0.0382377004058464,8.043936330294823,6.963848106146149,7.111289837199864,8.347045714182821,7.08333970126293,7.19096670126293,5.924302586529188,163.31529813992745,0.6109200961603796,2.6719217890713938,0.6991925387053987,0.032162856780448335,0.6688170840272296,0.03410967128538871,0.6685269209176217,0.04813393830606876,0.7276424775208252,0.056756113246624364,,,0.6688170840272296,0.03410967128538871,,,eb_v; LDD_BV_feh; e_LDD_BV_feh; teff_casagrande; e_teff_casagrande,Missing FeH_rel: Casagrande Teff or FeH-dependent LDD may be NaN
HD43,HD43,False,Faint,K0III,K0III,8.347000000000001,0.017,7.017,0.01,5.073,0.017,4.416,0.036000000000000004,4.207, 0.239,4.418,0.015,4.3660000000000005, 0.028,5.5248938855815455,0.0360,5.4887,0.0360,,,GOOD,LDD_VW3,8.025608569110673,6.890593766918077,,0.02883362403107611,7.988474669436876,6.863109618125811,7.046108484610626,8.307823210387765,6.98784771032561,7.1231487103256095,5.918798589070586,180.9989514205377,1.178082655618913,2.4851097507434594,0.6538223026829371,0.030075825923415102,0.6174414798005929,0.03148951546983023,0.6192158169586609,0.04458353882102359,0.905193997143016,0.07060513177715524,,,0.6174414798005929,0.03148951546983023,,,eb_v; LDD_BV_feh; e_LDD_BV_feh; teff_casagrande; e_teff_casagrande,Missing FeH_rel: Casagrande Teff or FeH-dependent LDD may be NaN
HD68,HD68,False,Both,K3III,K3III,8.738999999999999,0.017,7.211,0.01,5.085,0.268,4.099,0.036000000000000004,3.992, 0.308,3.992,0.015,3.937, 0.027,4.070399904801603,0.0170,4.0622,0.0170,,,GOOD,LDD_VK,8.353071179815322,7.0652718062433,,0.03631990805958702,8.306295935031915,7.030651747517583,,8.689651454869056,7.174278688812785,7.287906688812784,5.86675342178575,245.6761063747965,1.025699095952248,2.9289079903785877,0.7925636618056737,0.03645792844306099,0.7921716597398609,0.04040075464673291,0.7882974892912119,0.05675741922896726,1.6994222992230823,0.1325549393394004,,,0.7925636618056737,0.03645792844306099,,,eb_v; Hpmag_dr; LDD_BV_feh; e_LDD_BV_feh; teff_casagrande; e_teff_casagrande,Missing FeH_rel: Casagrande Teff or FeH-dependent LDD may be NaN
HD218558,HR8809,False,Faint,K0III,K0III,7.692,0.006999999999999999,6.582999999999999,0.004,5.12,0.278,4.148,0.015,4.1080000000000005,0.292,4.103,0.015,4.064,0.024,15.765507580812528,0.0160,15.7547,0.0160,,,GOOD,LDD_VK,7.441182293992753,6.476314416568348,0.0,0.0,7.441182293992753,6.476314416568348,6.6287,7.692,6.582999999999999,6.697760000000001,5.548916,63.42961017107079,0.06425547781928784,2.407537806406231,0.7453388187842829,0.03428558566407701,0.7092688165184963,0.036172709642443304,0.7067278372436369,0.05088440428154185,0.6329392426103354,0.049369260923606155,,,0.7453388187842829,0.03428558566407701,,,LDD_BV_feh; e_LDD_BV_feh; teff_casagrande; e_teff_casagrande,Missing FeH_rel: Casagrande Teff or FeH-dependent LDD may be NaN
HD323,HD323,False,Faint,K1/2III,K1III,8.329,0.015,6.9479999999999995,0.01,5.222,0.27,4.442,0.37799999999999995,11.619000000000002, 0.021,11.708,0.215,9.195,      ,6.872067762910191,0.0235,6.8631,0.0235,,,GOOD,LDD_VK,7.992321604171588,6.816986324683727,,0.021871531925198893,7.964153959641464,6.79613842720476,6.97192942945826,8.299282736439675,6.925886746611564,7.0585037466115645,5.803767070622815,145.51660933804862,0.49824988634965917,2.5977116302442798,0.7220389015663857,0.033213789472053744,0.011148562928625594,0.0005685767093599052,0.022491893789047986,0.001619416352811455,1.116000965874694,0.08704807533822613,,,0.7220389015663857,0.033213789472053744,,,eb_v; LDD_BV_feh; e_LDD_BV_feh; teff_casagrande; e_teff_casagrande,Missing FeH_rel: Casagrande Teff or FeH-dependent LDD may be NaN
HD220757,HD220757,False,Bright,K3IIICNII,K3III,8.77,0.016,7.271,0.01,5.105,0.02,4.4030000000000005,0.026000000000000002,4.277, 0.290,4.295,0.016,4.2589999999999995, 0.030,6.429778142780303,0.0158,6.4160,0.0158,,,GOOD,LDD_VK,8.393326943041595,7.128097987508083,,0.28356494199436466,8.02813274838621,6.857804490941587,7.002965010235943,8.38471495702565,6.984301133370819,7.085207133370819,5.8635636674065,155.52636153128444,0.3833185379831889,2.594864453157523,0.700609854831261,0.03222805332223801,0.6603302397616073,0.03367684222784197,0.6557247713272947,0.04721218353556522,1.0958300407299582,0.08547474317693673,,,0.700609854831261,0.03222805332223801,,,eb_v; LDD_BV_feh; e_LDD_BV_feh; teff_casagrande; e_teff_casagrande,Missing FeH_rel: Casagrande Teff or FeH-dependent LDD may be NaN
HD8025,HD8025,False,Bright,K2III,K2III,8.812999999999999,0.017,7.415,0.01,5.321000000000001,0.024,4.59,0.02,4.537, 0.297,4.559,0.015,4.5, 0.028,6.08214806828123,0.0139,6.0755,0.0139,,,GOOD,LDD_VK,8.47067146902292,7.282207469170356,,0.019678311820099194,8.445328402327949,7.263450144407389,7.4269726918526136,8.786262706024425,7.395104205913754,7.512686205913755,6.220772116336376,164.41559606466348,0.3756832752894948,2.7015827505442975,0.6201568318148157,0.028527214263481523,0.5921825709035385,0.030201311116080466,0.594198732273165,0.04278230872366788,0.957140417615216,0.07465695257398684,,,0.6201568318148157,0.028527214263481523,,,eb_v; LDD_BV_feh; e_LDD_BV_feh; teff_casagrande; e_teff_casagrande,Missing FeH_rel: Casagrande Teff or FeH-dependent LDD may be NaN
HD32263,HR1618,False,Both,K2III,K2III,7.571000000000001,0.016,6.053,0.01,4.0760000000000005,0.29600000000000004,3.193,0.282,2.178,      ,2.987,0.015,2.958, 0.025,6.3070,0.0376,6.3070,0.0376,,,GOOD,LDD_VW3,7.1882320225226115,5.908251814087081,,0.06676686168790598,7.102245122617802,5.844609784245627,6.011509731428595,7.480282603858702,5.985495239222166,6.104432239222167,4.735505431749272,157.86090441642784,0.9357748613951817,2.8379711325731534,1.2949457879502577,0.05956750624571185,1.238216775339499,0.06314905554231444,1.2196017093470994,0.08781132307299115,2.663935330914529,0.20778695581133327,,,1.238216775339499,0.06314905554231444,,,eb_v; LDD_BV_feh; e_LDD_BV_feh; teff_casagrande; e_teff_casagrande,Missing FeH_rel: Casagrande Teff or FeH-dependent LDD may be NaN
HD30519,HD30519,False,Faint,K2,K2,10.014,0.03,8.076,0.013000000000000001,4.96,0.021,3.8310000000000004,0.264,3.872, 0.331,3.859,0.013999999999999999,3.741, 0.026,2.696291998891754,0.0205,2.6640,0.0205,,,GOOD,LDD_VW3,9.488639564636166,7.879020262158419,,0.13851374991447055,9.310252148360576,7.746989251824061,,9.825798751591105,7.935955413268874,8.018945413268874,6.181912736703075,370.8797119937403,2.8140623950176735,3.1128612203873423,0.6372314425403782,0.029312646356857396,0.9085840384518804,0.0463377859610459,0.9150725221881492,0.06588522159754674,9.648406729178754,0.7525757248759429,,,0.9085840384518804,0.0463377859610459,,,eb_v; Hpmag_dr; LDD_BV_feh; e_LDD_BV_feh; teff_casagrande; e_teff_casagrande,Missing FeH_rel: Casagrande Teff or FeH-dependent LDD may be NaN
HD30507,HD30507,False,Faint,K5,K5,9.074,0.018000000000000002,7.268,0.011000000000000001,4.75,0.24,3.697,0.256,3.451, 0.457,3.3689999999999998,0.012,3.321, 0.022,3.9927089174632733,0.0197,3.9613,0.0197,,,GOOD,LDD_VW3,8.59496937560902,7.089200066518443,,0.09365406026553207,8.474355314948596,6.999929216466312,7.126309052714931,8.946750459276291,7.173310886654378,7.259110886654378,5.565959679675134,250.45652479854192,1.232747812227247,3.1720250381180684,0.9317894786117802,0.042862316016141884,1.1127401134104173,0.05674974578393128,1.0875790627167667,0.0783056925156072,6.420736750616871,0.5008174665481159,,,1.1127401134104173,0.05674974578393128,,,eb_v; LDD_BV_feh; e_LDD_BV_feh; teff_casagrande; e_teff_casagrande,Missing FeH_rel: Casagrande Teff or FeH-dependent LDD may be NaN
HD30545,HR1534,False,Bright,K0III,K0III,7.58,0.015,6.162999999999999,0.01,3.9560000000000004,0.228,3.138,0.218,2.609,      ,3.2889999999999997,0.013000000000000001,3.22, 0.017,3.6480,0.0375,3.6480,0.0375,,,GOOD,LDD_VW3,7.2312671060803435,6.02827286825924,,0.06811499260165005,7.143543991607287,5.963345802912541,6.136130840466199,7.487450872921217,6.094132208932455,6.222727208932456,4.922211410175047,271.8411999821108,2.7695726260721085,2.6969505493182218,1.1253829557143518,0.051767615962860176,1.0599560881619483,0.054057760496259356,1.0697563560887906,0.07702245763839292,1.7286600857912553,0.1348354866917179,,,1.0599560881619483,0.054057760496259356,,,eb_v; LDD_BV_feh; e_LDD_BV_feh; teff_casagrande; e_teff_casagrande,Missing FeH_rel: Casagrande Teff or FeH-dependent LDD may be NaN
HD33419,HR1681,False,Bright,K1III,K1III,7.515,0.016,6.225,0.01,4.388999999999999,0.23199999999999998,3.6919999999999997,0.284,3.654, 0.381,3.602,0.013000000000000001,3.5389999999999997, 0.024,8.7638,0.0404,8.7638,0.0404,,,GOOD,LDD_VW3,7.205042294355018,6.101957800944089,,0.016038309090082036,7.184387070438435,6.08667011900258,6.258495747838013,7.493208446490078,6.2087844375033265,6.332444437503327,5.117362701811091,113.7465005551547,0.5233453712220916,2.5333780480419916,0.9626796088464771,0.04428326200693794,0.902257194820249,0.04601511693583269,0.9098838729517863,0.06551163885252861,1.162858299726003,0.09070294737862823,,,0.902257194820249,0.04601511693583269,,,eb_v; LDD_BV_feh; e_LDD_BV_feh; teff_casagrande; e_teff_casagrande,Missing FeH_rel: Casagrande Teff or FeH-dependent LDD may be NaN
HD38579,HD38579,False,Faint,K1/2III,K1III,8.693,0.015,7.184,0.009000000000000001,5.325,0.24600000000000002,4.152,0.033,4.145, 0.263,4.1,0.013999999999999999,4.048, 0.025,3.3700698385674324,0.0167,3.3552,0.0167,,,GOOD,LDD_VK,8.313093480146922,7.04012435503477,,0.18797551558937312,8.071005842134333,6.860946495387539,7.025635482544452,8.437594116280367,6.993947002282884,7.121225002282883,5.821311534845242,296.72975573262465,1.4745336238074465,2.6983251937403234,0.7449769806897839,0.03426894111173006,0.7352704537620111,0.03749879314186256,0.7343599388323981,0.052873915595932665,1.3133374700877907,0.10244032266684767,,,0.7449769806897839,0.03426894111173006,,,eb_v; LDD_BV_feh; e_LDD_BV_feh; teff_casagrande; e_teff_casagrande,Missing FeH_rel: Casagrande Teff or FeH-dependent LDD may be NaN
HD39913,HD39913,False,Faint,K4III,K4III,9.798,0.021,7.9670000000000005,0.011000000000000001,5.402,0.256,4.0569999999999995,0.036000000000000004,4.013999999999999, 0.296,3.971,0.013000000000000001,3.883, 0.021,1.7879757198494795,0.0169,1.7708,0.0169,,,GOOD,LDD_VK,9.310440259173214,7.784621713221573,,1.6742318148345074,7.154250798710697,6.1887475261244855,,7.523189608451828,6.27426478241055,6.35570578241055,5.370170320297733,559.2917112343029,5.27219706060404,2.100813505966226,0.706231547890449,0.032486651202960654,0.7433210411673519,0.037909373099534946,0.7613282166547907,0.054815631599144925,0.7238221724442615,0.0564581294506524,,,0.706231547890449,0.032486651202960654,,,eb_v; Hpmag_dr; LDD_BV_feh; e_LDD_BV_feh; teff_casagrande; e_teff_casagrande,Missing FeH_rel: Casagrande Teff or FeH-dependent LDD may be NaN
HD40235,HR2090,False,Faint,K0III,K0III,7.726,0.015,6.48,0.009000000000000001,4.832,0.27399999999999997,4.04,0.23600000000000002,3.844, 0.327,3.827,0.016,3.775, 0.027,6.875741601504508,0.0187,6.8612,0.0187,,,GOOD,LDD_VK,7.430288018899596,6.361351112895486,,0.061160040182730156,7.351521964596356,6.30305349332774,6.470944482721986,7.6429006981455965,6.418164026624518,6.546134026624517,5.3493089461009555,145.43885706542346,0.39660629853612567,2.484686277796377,0.8459783232804471,0.038915002870900564,0.8128232449977897,0.04145398549488727,0.8149157190931882,0.05867393177470955,0.8837240617258488,0.06893047681461621,,,0.8459783232804471,0.038915002870900564,,,eb_v; LDD_BV_feh; e_LDD_BV_feh; teff_casagrande; e_teff_casagrande,Missing FeH_rel: Casagrande Teff or FeH-dependent LDD may be NaN
HD64181,HR3069,False,Both,G6III,G6III,7.587999999999999,0.015,6.557,0.01,4.9110000000000005,0.21600000000000003,4.346,0.026000000000000002,4.309, 0.370,4.314,0.016,4.274, 0.027,5.372241411419991,0.1355,5.3657,0.1355,,,GOOD,LDD_VW3,7.360007915447233,6.456446867042165,,0.02115952665536708,7.3327572396695855,6.436277651464434,6.592557680417971,7.559250151448932,6.5356066208754955,6.649244620875495,5.602240548200977,186.14204452433196,4.693353115769268,2.171955308956007,0.6579754947612878,0.03026687275901924,0.6293223418488375,0.03209543943429071,0.6279350156489453,0.04521132112672406,0.5427733508413539,0.0423363213656256,,,0.6293223418488375,0.03209543943429071,,,eb_v; LDD_BV_feh; e_LDD_BV_feh; teff_casagrande; e_teff_casagrande,Missing FeH_rel: Casagrande Teff or FeH-dependent LDD may be NaN
HD61574,HD61574,False,Faint,K2/3III,K2III,9.738999999999999,0.021,8.122,0.012,5.595,0.023,4.769,0.016,4.6930000000000005, 0.248,4.7010000000000005,0.013999999999999999,4.638, 0.026,1.9766345354982349,0.0894,1.9688,0.0894,,,GOOD,LDD_VW3,9.323411829804156,7.9658424561137675,,0.12913111239114058,9.15710801148668,7.842754955810517,7.998922527385878,9.563547118423633,7.991441746540582,8.106643746540582,6.6561688914285915,505.91041593226936,22.86922881926976,2.968389639136161,0.5585082123949794,0.02569137777016905,0.57679126498058,0.029416354514009577,0.5751000014844856,0.041407200106882966,1.4564328117876637,0.11360175931943778,,,0.57679126498058,0.029416354514009577,,,eb_v; LDD_BV_feh; e_LDD_BV_feh; teff_casagrande; e_teff_casagrande,Missing FeH_rel: Casagrande Teff or FeH-dependent LDD may be NaN
HD65187,HD65187,False,Faint,K3III,K3III,9.619,0.02,7.956,0.011000000000000001,5.532,0.040999999999999995,4.681,0.018000000000000002,4.57, 0.263,4.618,0.015,4.537, 0.027,1.2647331723498703,0.0151,1.2579,0.0151,,,GOOD,LDD_VW3,9.18896837055246,7.794732192592705,,0.05191798509553641,9.12210486259642,7.745244080178447,7.921197412036029,9.548458052966671,7.903508223760409,8.026370223760408,6.555268410338989,790.6806130039295,9.463859226719855,2.9858060195412603,0.590373055336436,0.027157160545476056,0.5984884835286572,0.030522912659961515,0.6026212562339621,0.043388730448845274,2.2513117993862717,0.1756023203521292,,,0.5984884835286572,0.030522912659961515,,,eb_v; LDD_BV_feh; e_LDD_BV_feh; teff_casagrande; e_teff_casagrande,Missing FeH_rel: Casagrande Teff or FeH-dependent LDD may be NaN
HD65491,HD65491,False,Bright,G8III,G8III,8.381,0.016,7.195,0.01,5.315,0.017,4.638999999999999,0.018000000000000002,4.59, 0.285,4.588,0.016,4.5489999999999995, 0.025,4.763399847657818,0.0116,4.7558,0.0116,,,GOOD,LDD_VW3,8.104708632679024,7.081339917836827,,0.025562638030665445,8.071787330972194,7.056973665908161,,8.346267560852503,7.169154846858363,7.305077846858362,6.131061243738578,209.93408741273396,0.5126904461647213,2.4165581143581147,0.5735900757269481,0.02638514348343961,0.572165264174908,0.029180428472920305,0.5696644908161727,0.04101584333876443,0.5603277930854681,0.04370556786066651,,,0.572165264174908,0.029180428472920305,,,eb_v; Hpmag_dr; LDD_BV_feh; e_LDD_BV_feh; teff_casagrande; e_teff_casagrande,Missing FeH_rel: Casagrande Teff or FeH-dependent LDD may be NaN
HD66162,HD66162,False,Bright,K0III,K0III,8.408,0.017,7.193,0.01,5.291,0.02,4.59,0.015,4.519, 0.249,4.5489999999999995,0.013999999999999999,4.489, 0.025,4.6475876311989985,0.0146,4.6410,0.0146,,,GOOD,LDD_VW3,8.12213215542061,7.076764172937687,,0.032850140870096994,8.079825512522527,7.04545148888009,7.19770032366485,8.363365893090196,7.159786803439711,7.273364803439711,6.084654929490197,215.16538887552224,0.6754304715970906,2.4983432382750386,0.6060139415180816,0.027876641309831755,0.5839657191671886,0.02978225167752662,0.5878763729089297,0.04232709884944294,0.5993184100660512,0.046746835985152,,,0.5839657191671886,0.02978225167752662,,,eb_v; LDD_BV_feh; e_LDD_BV_feh; teff_casagrande; e_teff_casagrande,Missing FeH_rel: Casagrande Teff or FeH-dependent LDD may be NaN
HD59936,HD59936,False,Faint,K2III,K2III,9.535,0.02,7.718999999999999,0.011000000000000001,5.025,0.276,3.823,0.278,3.523, 0.384,3.515,0.016,3.3989999999999996, 0.025,0.7362739491828202,0.0187,0.7172,0.0187,,,GOOD,LDD_VW3,9.052564298616376,7.538795392129416,,0.7541377408892246,8.081334487884885,6.819952909542984,6.870255240590914,8.51033880647045,6.956527622157435,7.016903622157435,5.5526896297415185,1358.1901153909976,34.56152225948384,3.052603003219906,0.9414714234930597,0.043307685480680744,1.0105297958160104,0.05153701958661653,1.0320555110452123,0.0743079967952553,1.7340675725353096,0.13525727065775414,,,1.0105297958160104,0.05153701958661653,,,eb_v; LDD_BV_feh; e_LDD_BV_feh; teff_casagrande; e_teff_casagrande,Missing FeH_rel: Casagrande Teff or FeH-dependent LDD may be NaN
HD63734,HD63734,False,Faint,K2III,K2III,8.09,0.015,6.617000000000001,0.009000000000000001,4.821000000000001,0.258,3.945,0.23600000000000002,3.676, 0.409,3.6860000000000004,0.015,3.602, 0.023,8.473923732388348,0.0193,8.4558,0.0193,,,GOOD,LDD_VW3,7.722073330114866,6.4766903070494655,,0.021022299146662447,7.6949993852446905,6.456651896439697,6.6296980390208455,8.061436605057114,6.595745365005639,6.692416365005639,5.35191438464499,118.00908664989288,0.2685536511834799,2.827551972449895,0.9707209040886584,0.044653161588078284,0.8904788052702132,0.045414419068780874,0.904527400128781,0.06512597280927224,1.8188167482395237,0.14186770636268284,,,0.8904788052702132,0.045414419068780874,,,eb_v; LDD_BV_feh; e_LDD_BV_feh; teff_casagrande; e_teff_casagrande,Missing FeH_rel: Casagrande Teff or FeH-dependent LDD may be NaN
HD71231,HR3317,False,Faint,K1III,K1III,8.055,0.016,6.56,0.01,4.571000000000001,0.23199999999999998,3.782,0.23,3.6310000000000002, 0.465,3.6210000000000004,0.013999999999999999,3.554, 0.025,4.449230844660843,0.0238,4.4286,0.0238,,,GOOD,LDD_VW3,7.679643322565241,6.417491640365028,,0.2201765146312918,7.396085050596619,6.207619857263227,6.375399759384073,7.755842010634215,6.337390121785896,6.4700761217858975,5.222510201503912,224.7579491632847,1.2006797385096948,2.5827457151629565,0.9382444478661467,0.04315924460184275,0.9025785002693463,0.04603150351373666,0.9110707074536134,0.06559709093666016,1.6037686159461046,0.12509395204379617,,,0.9025785002693463,0.04603150351373666,,,eb_v; LDD_BV_feh; e_LDD_BV_feh; teff_casagrande; e_teff_casagrande,Missing FeH_rel: Casagrande Teff or FeH-dependent LDD may be NaN
HD118839,HD118839,False,Faint,K2II-III,K2II,8.046,0.016,6.596,0.01,4.845,0.218,4.037,0.23199999999999998,3.667, 0.448,3.654,0.015,3.574, 0.020,5.656146094086059,0.0219,5.6220,0.0219,,,GOOD,LDD_VW3,7.686,6.458,,0.03184956913240669,7.644981961353807,6.427641058783967,6.59472372525906,8.002725388810095,6.56379843337238,6.684666433372379,5.351706878408986,176.79882792376563,0.6849701107424851,2.771885587840613,0.9510659733371535,0.043749034773509055,0.9039398584783813,0.04610093278239744,0.9161995613948697,0.06596636842043062,1.6606961838380996,0.12953430233937177,,,0.9039398584783813,0.04610093278239744,,,eb_v; LDD_BV_feh; e_LDD_BV_feh; teff_casagrande; e_teff_casagrande,Missing FeH_rel: Casagrande Teff or FeH-dependent LDD may be NaN
HD120540,HD120540,False,Faint,K0,K0,9.337,0.018000000000000002,7.765,0.01,5.501,0.017,4.773,0.017,4.671, 0.282,4.753,0.015,4.665, 0.027,5.0618892864407385,0.0244,5.0285,0.0244,,,GOOD,LDD_VW3,8.936564587250523,7.61447594815912,,0.14553930858747494,8.749129179274874,7.475748190315342,7.654239948473338,9.139252992315614,7.617852208991149,7.748566208991149,6.422597181434139,197.5546961642752,0.9528356084092021,2.7410665752297074,0.5760478311385917,0.026498200232375216,0.5424571055294128,0.02766531238200005,0.5526362590532219,0.03978981065183198,1.3674866981940825,0.10666396245913842,,,0.5424571055294128,0.02766531238200005,,,eb_v; LDD_BV_feh; e_LDD_BV_feh; teff_casagrande; e_teff_casagrande,Missing FeH_rel: Casagrande Teff or FeH-dependent LDD may be NaN
HD125490,HD125490,False,Both,K0III,K0III,7.601,0.016,6.54,0.01,5.077,0.284,4.305,0.02,4.22, 0.288,4.254,0.013999999999999999,4.204, 0.027,6.22718002875236,0.1680,6.1899,0.1680,,,GOOD,LDD_VW3,7.364893998072846,6.437130967846227,,0.03617708764365699,7.31830268712276,6.4026470452356845,6.547497466574589,7.551845507665929,6.503423087662271,6.610670087662271,5.547721349054625,160.58633207692156,4.332462779289108,2.225531101941603,0.6903513941991214,0.031756164133159584,0.6484791526013872,0.033072436782670744,0.6506158297421676,0.04684433974143607,0.576785787278293,0.044989291407706855,,,0.6484791526013872,0.033072436782670744,,,eb_v; LDD_BV_feh; e_LDD_BV_feh; teff_casagrande; e_teff_casagrande,Missing FeH_rel: Casagrande Teff or FeH-dependent LDD may be NaN
HD121981,HD121981,False,Faint,G8IV/V,G8IV,8.213,0.017,7.065,0.011000000000000001,5.239,0.019,4.561,0.018000000000000002,4.484, 0.308,4.504,0.015,4.454, 0.024,7.085836162239328,0.0207,7.0493,0.0207,,,GOOD,LDD_VW3,7.949666609690391,6.955184906146976,,0.5002987351567353,7.305347913635561,6.478301221223765,6.601486043015015,7.533234658349599,6.5591720251571175,6.678798025157117,5.733148430258309,141.12660483586052,0.41156295675548626,1.9071352942511266,0.5494651964523691,0.025275399036808976,0.5690273543747429,0.02902039507311189,0.5706794469501862,0.04108892018041341,0.459858558569311,0.03586896756840626,,,0.5690273543747429,0.02902039507311189,,,eb_v; LDD_BV_feh; e_LDD_BV_feh; teff_casagrande; e_teff_casagrande,Missing FeH_rel: Casagrande Teff or FeH-dependent LDD may be NaN
HD123255,HD123255,False,Faint,F2III,F2III,5.876,0.013999999999999999,5.496,0.009000000000000001,4.84,0.037000000000000005,4.599,0.016,4.5360000000000005, 0.309,4.5969999999999995,0.015,4.485, 0.029,17.5627,0.0994,17.5627,0.0994,,,GOOD,LDD_VW3,5.807824784495238,5.453052714965215,0.0,0.0,5.807824784495238,5.453052714965215,5.5468,5.876,5.496,5.554564,5.062555000000001,56.80800038033445,0.3206745580961121,0.9500989869078458,0.49261152894740506,0.02266013033158063,0.4933513089636879,0.02516091675714808,0.49725546463511167,0.035802393453728036,0.41736051895914283,0.03255412047881314,,,0.4933513089636879,0.02516091675714808,,,LDD_BV_feh; e_LDD_BV_feh; teff_casagrande; e_teff_casagrande,Missing FeH_rel: Casagrande Teff or FeH-dependent LDD may be NaN
HD122135,HD122135,False,Bright,K0III,K0III,7.9110000000000005,0.016,6.678,0.01,4.993,0.24600000000000002,4.156000000000001,0.036000000000000004,4.066, 0.391,4.093999999999999,0.013999999999999999,4.032, 0.026,7.922554507534691,0.0219,7.8861,0.0219,,,GOOD,LDD_VW3,7.619423794276379,6.560399025811437,,0.32779031998494973,7.197273153647771,6.247949993479565,6.395430550141557,7.465625100572247,6.346586981977591,6.471952981977592,5.419778265962299,126.22191479389089,0.34947258045940444,2.1561050612689727,0.7107119840096736,0.032692751264444986,0.6983959628924762,0.03561819410751628,0.705324485519196,0.05078336295738212,0.6743657137557308,0.052600525672947,,,0.6983959628924762,0.03561819410751628,,,eb_v; LDD_BV_feh; e_LDD_BV_feh; teff_casagrande; e_teff_casagrande,Missing FeH_rel: Casagrande Teff or FeH-dependent LDD may be NaN
HD125183,HD125183,False,Bright,K3III,K3III,9.662,0.023,7.912000000000001,0.012,5.301,0.019,4.4030000000000005,0.017,4.337, 0.321,4.369,0.015,4.27, 0.021,1.9272701692535104,0.0222,1.8914,0.0222,,,GOOD,LDD_VW3,9.202000000000002,7.740000000000001,,0.19240129811894016,8.95421253860573,7.556603493906048,7.708208717770101,9.400580721958395,7.717472306552693,7.833645306552691,6.338329701555804,518.8686132091849,5.9667139187521245,3.0245482339735528,0.6592886759665411,0.030327279094460886,0.674834286074422,0.034416548589795516,0.6850129845819154,0.04932093488989791,2.8243560585214422,0.22029977256467248,,,0.674834286074422,0.034416548589795516,,,eb_v; LDD_BV_feh; e_LDD_BV_feh; teff_casagrande; e_teff_casagrande,Missing FeH_rel: Casagrande Teff or FeH-dependent LDD may be NaN
HD142443,HD142443,False,Both,K0,K0,8.217,0.017,6.999,0.011000000000000001,5.265,0.272,4.388999999999999,0.018000000000000002,4.385, 0.266,4.343,0.015,4.295, 0.025,10.685336396334268,0.0204,10.6506,0.0204,,,GOOD,LDD_VW3,7.930175197498317,6.882533922042465,,0.041852711883849286,7.8762744321107885,6.842640006538268,6.9918923426871595,8.160133929803346,6.9566847371255935,7.067510737125593,5.873191812043991,93.58619728088878,0.17897023826121647,2.5164002022415,0.6726802858313131,0.030943293148240403,0.642260237932862,0.032755272134575956,0.6423695369428988,0.04625060665988871,0.6564164175925173,0.05120048057221635,,,0.642260237932862,0.032755272134575956,,,eb_v; LDD_BV_feh; e_LDD_BV_feh; teff_casagrande; e_teff_casagrande,Missing FeH_rel: Casagrande Teff or FeH-dependent LDD may be NaN
HD142639,HD142639,False,Bright,K0,K0,8.253,0.016,6.997999999999999,0.01,5.101,0.037000000000000005,4.526,0.033,4.455, 0.245,4.437,0.016,4.398, 0.027,5.443519036206285,0.0294,5.4097,0.0294,,,GOOD,LDD_VW3,7.95437594141757,6.87853646388087,,0.045177694661555315,7.896193037345312,6.835473181900378,7.0210914944048755,8.191616212897344,6.952323007049847,7.095173007049848,5.926979316977256,183.70469421503546,0.9914704253920281,2.3877683603040967,0.6241750610788472,0.028712052809626968,0.6095183357107803,0.031085435121249793,0.6072227487841292,0.04372003791245731,0.7209805370838652,0.05623648189254148,,,0.6095183357107803,0.031085435121249793,,,eb_v; LDD_BV_feh; e_LDD_BV_feh; teff_casagrande; e_teff_casagrande,Missing FeH_rel: Casagrande Teff or FeH-dependent LDD may be NaN
HD139610,HD139610,False,Bright,G5,G5,8.327,0.018000000000000002,7.212999999999999,0.011000000000000001,5.371,0.019,4.743,0.024,4.69, 0.184,4.692,0.013999999999999999,4.606, 0.032,5.426004128579768,0.0184,5.3923,0.0184,,,GOOD,LDD_VW3,8.074612086580041,7.1059377450824375,,0.09400323387847663,7.953548336421764,7.016334063488834,7.1651519120735525,8.19927603049281,7.117957854017889,7.233802854017889,6.121238714828662,184.29768505571434,0.6255915284748157,2.3220500560099,0.5518187245736997,0.02538366133039019,0.5384072735707596,0.027458770952108736,0.5505304728636057,0.03963819404617961,0.458742838913365,0.035781941435242465,,,0.5384072735707596,0.027458770952108736,,,eb_v; LDD_BV_feh; e_LDD_BV_feh; teff_casagrande; e_teff_casagrande,Missing FeH_rel: Casagrande Teff or FeH-dependent LDD may be NaN
HD142862,HD142862,False,Faint,K0,K0,8.8,0.019,7.517,0.012,5.544,0.023,4.838,0.016,4.822, 0.189,4.788,0.015,4.747, 0.031,5.167862979915609,0.0223,5.1336,0.0223,,,GOOD,LDD_VW3,8.492251057053227,7.394670835981197,,0.07340912889838953,8.397709794230499,7.324697411233082,7.473515908860639,8.700257629933366,7.4427795624967565,7.551434562496756,6.347693695974929,193.50358240657732,0.8348037019002608,2.54117515213674,0.546932015728264,0.025158872723500144,0.5249869314202376,0.026774333502432114,0.5228878090960175,0.03764792225491326,0.6008349321185709,0.04686512470524853,,,0.5249869314202376,0.026774333502432114,,,eb_v; LDD_BV_feh; e_LDD_BV_feh; teff_casagrande; e_teff_casagrande,Missing FeH_rel: Casagrande Teff or FeH-dependent LDD may be NaN
HD143129,HD143129,False,Faint,K0,K0,8.375,0.017,7.1979999999999995,0.011000000000000001,5.388999999999999,0.023,4.73,0.023,4.724, 0.208,4.727,0.016,4.638999999999999, 0.029,4.241553431328065,0.0272,4.2067,0.0272,,,GOOD,LDD_VW3,8.101790735474083,7.085264976771828,,0.11105341152478113,7.958768608337042,6.979409102291873,7.141412703741446,8.22410963206226,7.0857192399189755,7.211090239918977,6.104738224726727,235.76267897841663,1.5114623593440852,2.285323585181591,0.5488987576018693,0.02524934284968599,0.5264061434334125,0.026846713315104038,0.5390754779046314,0.03881343440913346,0.5227516373260468,0.04077462771143165,,,0.5264061434334125,0.026846713315104038,,,eb_v; LDD_BV_feh; e_LDD_BV_feh; teff_casagrande; e_teff_casagrande,Missing FeH_rel: Casagrande Teff or FeH-dependent LDD may be NaN
HD141589,HD141589,False,Both,K0,K0,7.946000000000001,0.017,6.808,0.011000000000000001,5.044,0.018000000000000002,4.455,0.024,4.417, 0.220,4.419,0.015,4.388, 0.032,5.281317365380471,0.0332,5.2479,0.0332,,,GOOD,LDD_VW3,7.685953725558833,6.699058875184207,,0.04426210442291424,7.628949980791258,6.65686833186204,6.809227975493209,7.885860242649261,6.76324871627846,6.87651471627846,5.775947302318875,189.34669720003825,1.1920391781156081,2.3001209417288986,0.6425460238603576,0.02955711709757645,0.6058385614466525,0.030897766633779272,0.6014444323369635,0.04330399912826137,0.5941691278787534,0.04634519197454277,,,0.6058385614466525,0.030897766633779272,,,eb_v; LDD_BV_feh; e_LDD_BV_feh; teff_casagrande; e_teff_casagrande,Missing FeH_rel: Casagrande Teff or FeH-dependent LDD may be NaN
HD141827,HD141827,False,Faint,K2,K2,9.797,0.031,8.027000000000001,0.013999999999999999,5.242999999999999,0.024,4.368,0.024,4.31, 0.265,4.288,0.015,4.203, 0.020,1.953393078037203,0.0310,1.9207,0.0310,,,GOOD,LDD_VW3,9.33008155216361,7.852558920132109,,0.39030156769864977,8.827424680386859,7.480524300102283,7.603292995085328,9.266689887522421,7.63238486769278,7.711351867692779,6.235401490248952,511.92973459536057,8.127202400267395,3.0450813956269434,0.6913667892440556,0.031802872305226555,0.7007901962327803,0.03574030000787179,0.7060558745272595,0.050836022965962686,2.097028139290223,0.1635681948646374,,,0.7007901962327803,0.03574030000787179,,,eb_v; LDD_BV_feh; e_LDD_BV_feh; teff_casagrande; e_teff_casagrande,Missing FeH_rel: Casagrande Teff or FeH-dependent LDD may be NaN
HD143896,HD143896,False,Faint,K5,K5,9.992,0.027999999999999997,8.301,0.013999999999999999,5.409,0.023,4.407,0.015,4.393, 0.231,4.341,0.013999999999999999,4.269, 0.025,2.1198417014198943,0.0593,2.0857,0.0593,,,GOOD,LDD_VW3,9.553036560347326,8.137024442020275,,0.2045599443864797,9.289590368361944,7.9420383402941725,8.035472649965143,9.714060539608802,8.094179284431792,8.174387284431791,6.519552432907384,471.73333713087567,13.193033697189776,3.1674989083080267,0.6021461223027658,0.027698721625927222,0.7093070512680675,0.03617465961467144,0.7025847561300964,0.050586102441366944,1.7024514724047366,0.13279121484756945,,,0.7093070512680675,0.03617465961467144,,,eb_v; LDD_BV_feh; e_LDD_BV_feh; teff_casagrande; e_teff_casagrande,Missing FeH_rel: Casagrande Teff or FeH-dependent LDD may be NaN
HD143257,HD143257,False,Bright,K2,K2,9.631,0.025,7.882000000000001,0.013000000000000001,5.153,0.037000000000000005,4.316,0.015,4.3, 0.250,4.285,0.015,4.195, 0.023,3.07762967970133,0.0200,3.0461,0.0200,,,GOOD,LDD_VW3,9.171355242968646,7.710132921226768,,0.12443559208244817,9.011098634667896,7.591521180844717,7.733525184495359,9.46192701056121,7.756189161158441,7.848522161158441,6.29427979070471,324.9253822172151,2.1124403607976316,3.107790663528083,0.6824221217183347,0.031391417599043396,0.7089407765038293,0.03615597960169529,0.7141940717390705,0.051421973165213075,3.2416826555672906,0.25285124713424867,,,0.7089407765038293,0.03615597960169529,,,eb_v; LDD_BV_feh; e_LDD_BV_feh; teff_casagrande; e_teff_casagrande,Missing FeH_rel: Casagrande Teff or FeH-dependent LDD may be NaN
HD140346,HD140346,False,Bright,K0,K0,8.597000000000001,0.018000000000000002,7.222,0.011000000000000001,5.0680000000000005,0.037000000000000005,4.381,0.016,4.334, 0.234,4.343,0.016,4.282, 0.025,6.950472887211322,0.0394,6.9162,0.0394,,,GOOD,LDD_VW3,8.262274545749294,7.091606768007339,,0.07233844329754435,8.169112184574209,7.0226539184852745,7.184811024092788,8.498712390683524,7.148862081182316,7.276125081182316,5.989589392125287,143.87510263365996,0.8150315720188442,2.6723835948238945,0.6807026734438557,0.03131232297841736,0.652670187409859,0.03328617955790281,0.6558401307842326,0.047220489416464756,0.9168039737902648,0.07151070995564064,,,0.652670187409859,0.03328617955790281,,,eb_v; LDD_BV_feh; e_LDD_BV_feh; teff_casagrande; e_teff_casagrande,Missing FeH_rel: Casagrande Teff or FeH-dependent LDD may be NaN
HD182572,HD182572,True,Both,G7IVHdel1,G7IV,6.1,0.013999999999999999,5.242999999999999,0.009000000000000001,3.553,0.20600000000000002,3.037,0.32,2.696,      ,3.5060000000000002,0.015,3.4930000000000003, 0.022,, , , ,0.408,0.1,GOOD,LDD_VW3,5.919061789706846,5.157427530800041,0.0,0.0,5.919061789706846,5.157427530800041,5.309,6.1,5.242999999999999,21.74444,20.098047,14.91429184212239,0.014604508002330274,4223.895537396872,inf,inf,0.8754046998650222,0.044645639693116135,0.856560111564259,0.06167232803262666,0.7526330453963276,0.05870537754091355,0.8423339472196456,0.03790502762488405,0.8754046998650222,0.044645639693116135,,,teff_casagrande; e_teff_casagrande,"Inputs look present; check data type, empty strings, or validity range of calibration"
HD178665,HD178665,False,Faint,K2,K2,9.996,0.028999999999999998,8.134,0.013999999999999999,5.252999999999999,0.023,4.334,0.017,4.141, 0.214,4.232,0.016,4.154, 0.033,3.7628750431377935,0.0191,3.7287,0.0191,,,GOOD,LDD_VW3,9.497993134185673,7.947536323194495,,0.18759238967549294,9.256398911750438,7.768723658349412,,9.74111467669646,7.944334362456935,8.034263362456935,6.370192262852201,265.7542407164597,1.3478742770715508,3.1673865125355642,0.6521314993474041,0.029998048969980585,0.7415484145530019,0.03781896914220309,0.7380598873576426,0.05314031188975027,5.006201354600061,0.39048370565880475,,,0.7415484145530019,0.03781896914220309,,,eb_v; Hpmag_dr; LDD_BV_feh; e_LDD_BV_feh; teff_casagrande; e_teff_casagrande,Missing FeH_rel: Casagrande Teff or FeH-dependent LDD may be NaN
HD178596,HD178596,False,Faint,F0III-IV,F0III,5.6339999999999995,0.013999999999999999,5.269,0.009000000000000001,4.5280000000000005,0.27,4.334,0.016,4.268, 0.229,4.381,0.013999999999999999,4.459, 0.035,21.0662,0.3703,21.0662,0.3703,,,GOOD,LDD_VW3,5.5675337299625,5.227546719904067,0.0,0.0,5.5675337299625,5.227546719904067,5.3163,5.6339999999999995,5.269,5.322387,4.830798000000001,47.38274020083799,0.8312909531910722,0.9605630191046578,0.5500046885986064,0.025300215675535892,0.544487040279351,0.027768839054246902,0.48853839913600033,0.035174764737792026,0.45646423526739255,0.03560421035085662,,,0.544487040279351,0.027768839054246902,,,LDD_BV_feh; e_LDD_BV_feh; teff_casagrande; e_teff_casagrande,Missing FeH_rel: Casagrande Teff or FeH-dependent LDD may be NaN
HD186202,HD186202,False,Faint,K2,K2,9.618,0.019,7.947,0.011000000000000001,5.227,0.02,4.375,0.024,4.274, 0.233,4.292,0.015,4.218999999999999, 0.025,2.1443351421707697,0.0179,2.1121,0.0179,,,GOOD,LDD_VW3,9.185469919155201,7.784987793860256,,0.054443357656541,9.115354064868423,7.733092501719032,,9.54402678156602,7.89195494109449,7.995485941094489,6.402362806231315,466.34501311566083,3.8937389292802003,3.128478639198279,0.6474358360476765,0.029782048458193117,0.7152040715057609,0.03647540764679381,0.711712482891107,0.0512432987681597,2.3467249063763047,0.1830445426973518,,,0.7152040715057609,0.03647540764679381,,,eb_v; Hpmag_dr; LDD_BV_feh; e_LDD_BV_feh; teff_casagrande; e_teff_casagrande,Missing FeH_rel: Casagrande Teff or FeH-dependent LDD may be NaN
HD5457,lamTuc,False,Both,K2III,K2III,6.837999999999999,0.015,5.574,0.009000000000000001,3.699,0.276,2.975,0.254,1.786,      ,2.9,0.013000000000000001,2.845, 0.017,14.4726,0.0550,14.4726,0.0550,,,GOOD,LDD_BV,6.536428869889861,5.4536470034036535,,0.021802523175422917,6.508350099515411,5.4328648849174614,5.590300012767656,6.808376499931507,5.5519565180375,5.6678845180375,4.42108920713231,69.07045133188338,0.26257004584176274,2.6156184411747976,1.367538243039346,0.06290675917980991,1.2519870273360554,0.06385133839413883,1.256471356058071,0.0904659376361811,1.4485823019315314,0.11298941955065944,,,1.4485823019315314,0.11298941955065944,,,eb_v; LDD_BV_feh; e_LDD_BV_feh; teff_casagrande; e_teff_casagrande,Missing FeH_rel: Casagrande Teff or FeH-dependent LDD may be NaN
HD197635,sigPav,False,Bright,K0III,K0III,6.867000000000001,0.013999999999999999,5.534,0.009000000000000001,3.549,0.23800000000000002,2.8739999999999997,0.266,2.094,      ,2.815,0.012,2.793, 0.022,10.1251,0.0618,10.1251,0.0618,,,GOOD,LDD_BV,6.5447869695107155,5.407365822263777,,0.015761542517466004,6.524488184386893,5.392341953627674,5.565278829341288,6.845584494460164,5.518064262865841,5.646193262865841,4.389388652140707,98.62200956217116,0.6009708798520383,2.6111502524882573,1.38952149328971,0.06391798869132664,1.3071489981552085,0.06666459890591563,1.2880706577856076,0.09274108736056375,1.8312354010243215,0.14283636127989707,,,1.8312354010243215,0.14283636127989707,,,eb_v; LDD_BV_feh; e_LDD_BV_feh; teff_casagrande; e_teff_casagrande,Missing FeH_rel: Casagrande Teff or FeH-dependent LDD may be NaN
HD4332,HD4332,False,Bright,K4II/IIICNIV/V,K4II,8.913,0.016,7.112,0.01,4.198,0.23,3.1710000000000003,0.244,2.286,      ,3.1060000000000003,0.011000000000000001,3.008, 0.020,2.369902359757348,0.0148,2.3623,0.0148,,,GOOD,LDD_BV,8.43566241665901,6.933869560935971,,0.818216564563071,7.381907543973634,6.153947280597191,6.229714342489673,7.801273698353473,6.284740607257026,6.3802016072570265,4.980201559888902,421.95831228354444,2.63167778564822,2.924483668440222,1.1836078184800347,0.054445959650081595,1.1922844367507983,0.06080650627429071,1.2134728301933908,0.08737004377392416,1.9846636589811444,0.15480376540052926,,,1.9846636589811444,0.15480376540052926,,,eb_v; LDD_BV_feh; e_LDD_BV_feh; teff_casagrande; e_teff_casagrande,Missing FeH_rel: Casagrande Teff or FeH-dependent LDD may be NaN
HD15248,kapHyi,False,Faint,K1III,K1III,7.391,0.015,6.109,0.01,4.213,0.278,3.55,0.21,3.4989999999999997, 0.503,3.488,0.012,3.4330000000000003, 0.021,9.2133,0.0206,9.2133,0.0206,,,GOOD,LDD_BV,7.083570733850142,5.986774459456756,,0.03728584875200093,7.0355514850274155,5.951233668127805,6.12246340707327,7.340339013004523,6.071302072663418,6.2009200726634175,4.987553611123942,108.51248341696906,0.24270154680303127,2.5169496084939027,1.014459963897121,0.046665158339267564,0.9490712857838596,0.048402635574976836,0.9531781563682855,0.06862882725851656,1.177870757240798,0.09187391906478223,,,1.177870757240798,0.09187391906478223,,,eb_v; LDD_BV_feh; e_LDD_BV_feh; teff_casagrande; e_teff_casagrande,Missing FeH_rel: Casagrande Teff or FeH-dependent LDD may be NaN
HD210056,HD210056,False,Faint,K0III,K0III,7.412999999999999,0.015,6.239,0.009000000000000001,4.669,0.22399999999999998,3.877,0.28600000000000003,3.8080000000000003, 0.367,3.74,0.013999999999999999,3.6860000000000004, 0.020,11.1656,0.0205,11.1656,0.0205,,,GOOD,LDD_BV,7.14082199134458,6.1265778725833595,,0.01609073825592238,7.1200992455867524,6.1112402152730425,6.280942122405789,7.39113720999211,6.222731428896837,6.352040428896837,5.1883717277261026,89.49348865742317,0.16402116526577087,2.408159039695436,0.8821297617927389,0.040577969042465994,0.8381667105019281,0.04274650223559833,0.8420025154984606,0.060624181115889166,0.8504396446934875,0.06633429228609203,,,0.8504396446934875,0.06633429228609203,,,eb_v; LDD_BV_feh; e_LDD_BV_feh; teff_casagrande; e_teff_casagrande,Missing FeH_rel: Casagrande Teff or FeH-dependent LDD may be NaN
HD38295,HD38295,False,Both,K0III,K0III,7.966,0.016,6.796,0.01,5.083,0.037000000000000005,4.391,0.015,4.416, 0.247,4.388999999999999,0.016,4.336, 0.028,5.465758734128202,0.0170,5.4493,0.0170,,,GOOD,LDD_VK,7.695197295837761,6.683995473645371,,0.10959819879110917,7.554049290510658,6.57952670483252,6.738201119789448,7.8170868570911605,6.685190535483631,6.805648535483631,5.729152423243815,182.9572157578049,0.570345760630686,2.226332815433131,0.6366573868999327,0.029286239797396904,0.6116747186425503,0.031195410650770063,0.6146661636895415,0.044255963785646994,0.6199311378773837,0.04835462875443593,,,0.6366573868999327,0.029286239797396904,,,eb_v; LDD_BV_feh; e_LDD_BV_feh; teff_casagrande; e_teff_casagrande,Missing FeH_rel: Casagrande Teff or FeH-dependent LDD may be NaN
HD42747,HD42747,False,Faint,K0III,K0III,7.8660000000000005,0.013999999999999999,6.705,0.01,5.1610000000000005,0.26,4.382,0.036000000000000004,4.3580000000000005, 0.242,4.335,0.013000000000000001,4.289, 0.027,5.029335144811917,0.0179,5.0110,0.0179,,,GOOD,LDD_VK,7.5982815733418505,6.593923710231047,,0.07528731877566684,7.501321450011127,6.52215999890669,6.692094864679365,7.763705697869793,6.628880615097467,6.758463615097467,5.6820977463479325,198.83343845787738,0.7079418801748399,2.2042170358348647,0.6449774614599203,0.02966896322715633,0.6268879708134345,0.031971286511485154,0.6275461453369775,0.04518332246426238,0.6449129325710489,0.05030320874054181,,,0.6449774614599203,0.02966896322715633,,,eb_v; LDD_BV_feh; e_LDD_BV_feh; teff_casagrande; e_teff_casagrande,Missing FeH_rel: Casagrande Teff or FeH-dependent LDD may be NaN
HD47156,HR2426,False,Both,K0,K0,8.15,0.018000000000000002,6.539,0.011000000000000001,4.245,0.292,3.281,0.262,10.706, 0.021,10.343,0.16899999999999998,8.317,      ,5.6422,0.0348,5.6422,0.0348,,,GOOD,LDD_VK,7.736361208888702,6.383600401734722,,0.4021132997525811,7.218492386210748,6.000306863959603,6.117511756970125,7.603641064067753,6.132442593838428,6.229467593838429,4.889284937828465,176.25114350805222,1.0804839935624748,2.826405180146828,1.1969081986222863,0.055057777136625165,0.021993630943583333,0.00112167517812275,0.03494103876804034,0.0025157547912989047,2.03021077658859,0.15835644057391002,,,1.1969081986222863,0.055057777136625165,,,eb_v; LDD_BV_feh; e_LDD_BV_feh; teff_casagrande; e_teff_casagrande,Missing FeH_rel: Casagrande Teff or FeH-dependent LDD may be NaN
HD46241,12Mon,False,Bright,K0III,K0III,7.1129999999999995,0.016,5.952999999999999,0.01,4.327,0.282,3.6889999999999996,0.20800000000000002,3.5810000000000004, 0.402,3.542,0.013999999999999999,3.529, 0.031,7.0553,0.0387,7.0553,0.0387,,,GOOD,LDD_VK,6.84562255031282,5.842024899109456,,0.03283910729411743,6.803330117203386,5.810722732232897,5.99041160899185,7.068380884618294,5.919797958957406,6.058384958957407,4.926784027007925,141.12854601910004,0.7715851448061777,2.3134398866651735,0.9564167302231997,0.04399516959026719,0.909816386998371,0.04640063573691692,0.8942877539645809,0.06438871828544983,0.9303256699211195,0.07256540225384732,,,0.9564167302231997,0.04399516959026719,,,eb_v; LDD_BV_feh; e_LDD_BV_feh; teff_casagrande; e_teff_casagrande,Missing FeH_rel: Casagrande Teff or FeH-dependent LDD may be NaN
HD51814,HR2610,False,Bright,K0II/III,K0II,7.292999999999999,0.015,6.064,0.009000000000000001,4.364,0.23399999999999999,3.6439999999999997,0.272,3.592, 0.309,3.58,0.017,3.4939999999999998, 0.026,4.2776,0.0352,4.2776,0.0352,,,GOOD,LDD_VK,7.002688828267624,5.946703715071503,,0.04025844199517305,6.950841271940298,5.908329454217314,6.08962298873103,7.238300094415412,6.023296626687716,6.161143626687716,5.003541858127938,232.14532605131484,1.8975805533518562,2.3750519991525914,0.9492493918454759,0.043665472024891884,0.8988058688500262,0.045839099311351335,0.9190184399793733,0.06616932767851487,1.0390856732104934,0.08104868251041848,,,0.9492493918454759,0.043665472024891884,,,eb_v; LDD_BV_feh; e_LDD_BV_feh; teff_casagrande; e_teff_casagrande,Missing FeH_rel: Casagrande Teff or FeH-dependent LDD may be NaN
HD45512,HR2342,False,Faint,K2III-IV,K2III,7.664,0.016,6.2860000000000005,0.01,4.319,0.29,3.562,0.266,3.565, 0.441,3.52,0.015,3.48, 0.025,11.8796,0.1167,11.8796,0.1167,,,GOOD,LDD_VK,7.328301635847882,6.155297756195219,,0.024775366135564712,7.296394236366356,6.131681930154107,6.302859339010701,7.630337242047235,6.260950819584988,6.379757819584987,5.104176316134478,83.91315566208155,0.8220398872907974,2.667478501679397,1.022957974580216,0.04705606683068993,0.947670020752374,0.04833117105837108,0.9425141608785065,0.06786101958325247,1.4937993192048244,0.1165163468979763,,,1.022957974580216,0.04705606683068993,,,eb_v; LDD_BV_feh; e_LDD_BV_feh; teff_casagrande; e_teff_casagrande,Missing FeH_rel: Casagrande Teff or FeH-dependent LDD may be NaN
HD46374,HR2391,False,Faint,K0,K0,6.995,0.006999999999999999,5.68,0.003,3.892,0.308,3.21,0.302,3.053,0.509,3.035,0.016,3.0060000000000002,0.029,11.3645,0.0785,11.3645,0.0785,,,GOOD,LDD_VK,6.677718793596394,5.554740033107039,,0.018462527450349243,6.653941496600114,5.537141591406481,5.715116216544896,6.969914615212679,5.66133342698185,5.78731342698185,4.557433998848554,87.99331250824937,0.6078116091246932,2.5598010359195253,1.2599647383156174,0.05795837796251839,1.1732973028616365,0.059838162445943456,1.1614993251501253,0.08362795141080902,1.611465558084287,0.12569431353057436,,,1.2599647383156174,0.05795837796251839,,,eb_v; LDD_BV_feh; e_LDD_BV_feh; teff_casagrande; e_teff_casagrande,Missing FeH_rel: Casagrande Teff or FeH-dependent LDD may be NaN
HD65181,HD65181,False,Faint,K3III,K3III,9.533999999999999,0.018000000000000002,7.739,0.01,5.059,0.037000000000000005,4.095,0.036000000000000004,4.062, 0.390,4.045,0.017,3.98, 0.024,1.8544953859447333,0.0181,1.8382,0.0181,,,GOOD,LDD_VW3,9.058682831869254,7.561634221518073,,0.05820817817508355,8.983718385977246,7.506150310506176,,9.454911448813402,7.680148512245644,7.761366512245644,6.155272242332955,539.2302442912637,5.2565193472160345,3.149285786655556,0.7279046841676354,0.03348361547171123,0.8028012139746908,0.04094286191270923,0.7951327988047443,0.05724956151394159,5.21293158134361,0.40660866334480156,,,0.8028012139746908,0.04094286191270923,,,eb_v; Hpmag_dr; LDD_BV_feh; e_LDD_BV_feh; teff_casagrande; e_teff_casagrande,Missing FeH_rel: Casagrande Teff or FeH-dependent LDD may be NaN
HD70942,HD70942,False,Faint,K0III,K0III,8.45,0.017,7.019,0.011000000000000001,4.9319999999999995,0.254,4.045,0.25,3.885, 0.320,3.8789999999999996,0.015,3.8160000000000003, 0.024,4.364021766163206,0.0215,4.3430,0.0215,,,GOOD,LDD_VW3,8.096510464779259,6.882881870851578,,0.043620363031422214,8.040333198168662,6.841303034052008,7.000284359376928,8.390732188799797,6.974897550116365,7.090451550116365,5.711513949762132,229.14642813048746,1.128762113883237,2.8601857310629746,0.8294182608506898,0.03815323999913173,0.8288152524863812,0.042269577876805436,0.8295684356017299,0.05972892736332455,1.257870531865366,0.09811390148549855,,,0.8288152524863812,0.042269577876805436,,,eb_v; LDD_BV_feh; e_LDD_BV_feh; teff_casagrande; e_teff_casagrande,Missing FeH_rel: Casagrande Teff or FeH-dependent LDD may be NaN
HD  63734,HD63734,False,Bright,K2III,K2III,8.09,0.015,6.617000000000001,0.009000000000000001,4.821000000000001,0.258,3.945,0.23600000000000002,3.676, 0.409,3.6860000000000004,0.015,3.602, 0.023,8.473923732388348,0.0193,8.4558,0.0193,,,GOOD,LDD_VW3,7.722073330114866,6.4766903070494655,,0.021022299146662447,7.6949993852446905,6.456651896439697,6.6296980390208455,8.061436605057114,6.595745365005639,6.692416365005639,5.35191438464499,118.00908664989288,0.2685536511834799,2.827551972449895,0.9707209040886584,0.044653161588078284,0.8904788052702132,0.045414419068780874,0.904527400128781,0.06512597280927224,1.8188167482395237,0.14186770636268284,,,0.8904788052702132,0.045414419068780874,,,eb_v; LDD_BV_feh; e_LDD_BV_feh; teff_casagrande; e_teff_casagrande,Missing FeH_rel: Casagrande Teff or FeH-dependent LDD may be NaN
HD81134,HR3729,False,Both,K2III,K2III,7.984,0.016,6.642,0.009000000000000001,4.92,0.3,4.205,0.298,3.946, 0.366,3.9810000000000003,0.015,3.912, 0.024,7.3946532236217255,0.0166,7.3827,0.0166,,,GOOD,LDD_BV,7.659290215342203,6.514664420102617,,0.022747641495286564,7.62999425739425,6.492981416854196,6.673133329861443,7.953092349817874,6.619000954386967,6.750902954386967,5.518632903599831,135.23284591704274,0.3044695885997189,2.5523601661766095,0.8076577702780204,0.03715225743278894,0.7596084008688405,0.03874002844431086,0.7682804265872237,0.05531619071428011,1.1251995856234092,0.08776556767862591,,,1.1251995856234092,0.08776556767862591,,,eb_v; LDD_BV_feh; e_LDD_BV_feh; teff_casagrande; e_teff_casagrande,Missing FeH_rel: Casagrande Teff or FeH-dependent LDD may be NaN
HD76437,HD76437,False,Faint,K1III,K1III,8.596,0.016,7.27,0.01,5.295,0.021,4.601,0.017,4.468, 0.294,4.563,0.013999999999999999,4.499, 0.025,8.02708502397687,0.0166,8.0129,0.0166,,,GOOD,LDD_BV,8.275700796812101,7.143896239586684,,0.05292266724338725,8.207543390938747,7.093450466296682,7.264169806245204,8.524092972354845,7.216492437989834,7.344460437989834,6.121625189872077,124.57822447538604,0.2583500437611583,2.540710817871435,0.6082193527459121,0.027978090226311956,0.5819774718554593,0.029680851064628425,0.586914550306613,0.042257847622076135,0.7786940358170051,0.060738134793726396,,,0.7786940358170051,0.060738134793726396,,,eb_v; LDD_BV_feh; e_LDD_BV_feh; teff_casagrande; e_teff_casagrande,Missing FeH_rel: Casagrande Teff or FeH-dependent LDD may be NaN
HD84369,HD84369,False,Faint,K2III,K2III,9.253,0.017,7.721,0.011000000000000001,5.349,0.023,4.474,0.021,4.375, 0.309,4.459,0.015,4.404, 0.024,3.58124663874195,0.0329,3.5679,0.0329,,,GOOD,LDD_BV,8.865804008203742,7.574873275265486,,0.036498225786206116,8.818799113739006,7.540083244463924,7.698369001083642,9.203409171205637,7.684098400340726,7.796954400340726,6.357868877533079,279.2323737723041,2.5649785576283257,2.9558491571070666,0.6371702290158469,0.029309830534728954,0.6413058758087044,0.03270659966624392,0.6375889979401023,0.04590640785168737,1.366867866487202,0.10661569358600176,,,1.366867866487202,0.10661569358600176,,,eb_v; LDD_BV_feh; e_LDD_BV_feh; teff_casagrande; e_teff_casagrande,Missing FeH_rel: Casagrande Teff or FeH-dependent LDD may be NaN
HD61421,alfCMi,True,Both,F5IV-V+DQZ,F5IV,,,0.461,0.002,-0.498,0.151,-0.6579999999999999,0.322,-1.193,      ,-0.425,0.42700000000000005,-0.637, 0.005,,,,,0.011000000000000001,0.1,GOOD,LDD_VW3,,,0.0,0.0,,,0.4607,,0.461,,,3.497359493582345,0.01076374061606849,,,,,,,,,,,,,,,,Bmag; Vmag; Bmag_dr; Vmag_dr; BTmag_dr; BPmag_dr; RPmag_dr; V-K_calc; LDD_VK; e_LDD_VK; LDD_VW3; e_LDD_VW3; LDD_VW4; e_LDD_VW4; LDD_BV; e_LDD_BV; LDD_BV_feh; e_LDD_BV_feh; LDD_pred; e_LDD_pred; teff_casagrande; e_teff_casagrande,Missing BTmag or VTmag: cannot compute Bmag/Vmag; Missing Plx and Plx_alt: cannot compute Dist; Missing e_Plx and e_Plx_alt: cannot compute e_Dist
HD55751,HR2729,False,Bright,K0III,K0III,6.917000000000001,0.015,5.48,0.009000000000000001,3.468,0.23600000000000002,2.675,0.23399999999999999,1.686,      ,2.645,0.012,2.58, 0.020,4.2151,0.1428,4.2151,0.1428,,,GOOD,LDD_VW3,6.561461564120519,5.343288819782609,,0.044046622714801434,6.504735331334164,5.301303673164006,5.485648373806793,6.8571530217163295,5.435466579463735,5.568098579463734,4.270722384612559,235.42882211493188,7.913253220264201,2.683066235695837,1.5137208734409102,0.06963116017828186,1.4236001316108384,0.07260360671215275,1.4340736148470485,0.10325330026898749,2.609878122881935,0.20357049358479093,,,1.4236001316108384,0.07260360671215275,,,eb_v; LDD_BV_feh; e_LDD_BV_feh; teff_casagrande; e_teff_casagrande,Missing FeH_rel: Casagrande Teff or FeH-dependent LDD may be NaN
HD63241,HD63241,False,Bright,K0,K0,8.728,0.021,6.787000000000001,0.011000000000000001,3.983,0.264,2.85,0.258,1.514,      ,2.681,0.015,2.596, 0.017,2.3510,0.0376,2.3510,0.0376,,,GOOD,LDD_VW3,8.201477698192345,6.589513636426533,,0.22724709636412344,7.908813450768839,6.372902189930925,6.49996784952214,8.41923507767689,6.557241396859062,6.651691396859062,4.905656765008259,419.9004831792025,6.625215917899377,3.1682577223201362,1.2408786556151281,0.057080418158295884,1.5358856613500371,0.07833016872885189,1.5281047288976426,0.11002354048063027,14.24744291834311,1.1113005476307625,,,1.5358856613500371,0.07833016872885189,,,eb_v; LDD_BV_feh; e_LDD_BV_feh; teff_casagrande; e_teff_casagrande,Missing FeH_rel: Casagrande Teff or FeH-dependent LDD may be NaN
HD65695,27Mon,False,Bright,K1III,K1III,6.485,0.013999999999999999,5.069,0.009000000000000001,2.9960000000000004,0.294,2.1919999999999997,0.276,6.5, 0.072,5.865,0.015,3.635, 0.025,10.3645,0.1144,10.3645,0.1144,,,GOOD,LDD_VW3,6.136605612151044,4.934373007183373,,0.047850174912895185,6.074980906471519,4.888762322739941,5.047758036675967,6.419985063499101,5.020620990877611,5.137797990877611,3.7853154163115716,96.23303718104117,1.0594293563724473,2.812920732626835,1.9806707274112532,0.09111085346091764,0.23360478832293902,0.01191384420446989,0.7644482390544414,0.055040273211919774,2.9137948982593675,0.22727600206423065,,,0.23360478832293902,0.01191384420446989,,,eb_v; LDD_BV_feh; e_LDD_BV_feh; teff_casagrande; e_teff_casagrande,Missing FeH_rel: Casagrande Teff or FeH-dependent LDD may be NaN
HD79810,HD79810,False,Bright,K0III,K0III,8.271,0.015,6.9270000000000005,0.01,5.109,0.26,4.239,0.026000000000000002,4.167, 0.358,4.2,0.015,4.145, 0.024,6.84077930317234,0.0181,6.8307,0.0181,,,GOOD,LDD_BV,7.945725402328904,6.79950284218674,,0.02682166743421084,7.911182637031261,6.77393648612189,6.944566347641484,8.234556893819974,6.899881902817713,7.027695902817713,5.7815164625954685,146.18217540452744,0.3863228050764205,2.589967230097013,0.7260355017991903,0.03339763308276275,0.6905466079451557,0.03521787700520294,0.6926782899174108,0.04987283687405357,0.9895865751230091,0.0771877528595947,,,0.9895865751230091,0.0771877528595947,,,eb_v; LDD_BV_feh; e_LDD_BV_feh; teff_casagrande; e_teff_casagrande,Missing FeH_rel: Casagrande Teff or FeH-dependent LDD may be NaN
HD84900,HD84900,False,Bright,K0III,K0III,7.897,0.013999999999999999,6.7410000000000005,0.009000000000000001,5.103,0.278,4.499,0.27,4.252, 0.320,4.298,0.013999999999999999,4.229, 0.026,4.074278027953334,0.0180,4.0571,0.0180,,,GOOD,LDD_BV,7.6309813124216,6.630423803415552,,0.03503796538983012,7.585857040489717,6.597025689702393,6.761362579965916,7.849393254589199,6.705574799354229,6.829063799354229,5.700978865554935,245.44225826982614,1.0826116813412223,2.340277478546973,0.6768101551954413,0.031133267138990298,0.6440642692974445,0.03284727773416967,0.6526144594107922,0.04698824107757704,0.6406005651643635,0.04996684408282035,,,0.6406005651643635,0.04996684408282035,,,eb_v; LDD_BV_feh; e_LDD_BV_feh; teff_casagrande; e_teff_casagrande,Missing FeH_rel: Casagrande Teff or FeH-dependent LDD may be NaN
