dict_key,dict_star,dict_sequence,dict_period,index,MJD,TEL_PAIR,VIS2,FLAG,BASELINE,WAVELENGTH,LDD_FIT,LDD_PRED,e_LDD_PRED,u_LLD,C_SCALE,SEQ_ORDER,UDD_FIT,C_SCALE_UDD
"('zet_Tuc', 'bright', 104)",zet_Tuc,bright,104,0,"[58816.03373111 58816.03373111 58816.03373111 58816.03373111
 58816.03373111 58816.03373111 58816.04488204 58816.04488204
 58816.04488204 58816.04488204 58816.04488204 58816.04488204]",['1-2' '1-3' '1-4' '2-3' '2-4' '3-4' '1-2' '1-3' '1-4' '2-3' '2-4' '3-4'],"[[0.82104853 0.8263046  0.85515783 0.86038729 0.87569624 0.8857291 ]
 [0.58430907 0.59809038 0.63131877 0.64048055 0.65833658 0.67918184]
 [0.66029964 0.66112999 0.68944266 0.70646669 0.73563746 0.75303155]
 [0.98588797 0.96660128 0.98556214 0.97662    0.99692795 1.00438178]
 [0.75881683 0.75036641 0.77670165 0.77984244 0.78696427 0.80813197]
 [0.81776608 0.83129031 0.84778448 0.85379994 0.86404717 0.87346718]
 [0.79512478 0.80458936 0.82833324 0.83323646 0.85166827 0.86031564]
 [0.58029344 0.59548013 0.62722362 0.63513434 0.65587789 0.67590774]
 [0.65244298 0.66375185 0.68522932 0.69495711 0.72996535 0.74687777]
 [0.98121619 0.95883434 0.97946195 0.97370589 1.00705114 1.00273964]
 [0.75742993 0.75207447 0.77641339 0.78761078 0.78806769 0.81753424]
 [0.8273522  0.83094587 0.84502124 0.86223977 0.87818925 0.89791864]]","[[False False False False False False]
 [False False False False False False]
 [False False False False False False]
 [False False False False False False]
 [False False False False False False]
 [False False False False False False]
 [False False False False False False]
 [False False False False False False]
 [False False False False False False]
 [False False False False False False]
 [False False False False False False]
 [False False False False False False]]","[ 87.50368505 129.23517557 116.77570657  53.47366615 101.04695505
  83.09437541  88.09261293 129.18054714 115.14995763  52.82005489
 100.54280727  83.74085988]",[1.533e-06 1.581e-06 1.629e-06 1.677e-06 1.725e-06 1.773e-06],1.220941965565047,,,,[1.06738862],[['zet_Tuc' 'bright' '104']],1.1913484279131556,[1.06709514]
"('bet_Hyi', 'faint', 106)",bet_Hyi,faint,106,0,"[59468.1729334  59468.1729334  59468.1729334  59468.1729334
 59468.1729334  59468.1729334  59468.18325609 59468.18325609
 59468.18325609 59468.18325609 59468.18325609 59468.18325609]",['1-2' '1-3' '1-4' '2-3' '2-4' '3-4' '1-2' '1-3' '1-4' '2-3' '2-4' '3-4'],"[[0.39651712 0.42013235 0.45027285 0.47239162 0.49984877 0.52000453]
 [0.06800961 0.0817935  0.1013278  0.1188747  0.13829895 0.15648152]
 [0.12040651 0.13707199 0.15732381 0.17867144 0.20538701 0.22625847]
 [0.74395835 0.73207169 0.76564421 0.77407053 0.80804638 0.81618907]
 [0.37786335 0.40499144 0.43769577 0.46316619 0.48117802 0.50749294]
 [0.57910743 0.60134502 0.62436928 0.64868165 0.6738897  0.69064362]
 [0.38892688 0.41693842 0.44374482 0.46664692 0.49562365 0.51817737]
 [0.06644881 0.08047071 0.09908889 0.11662483 0.13567062 0.15395599]
 [0.1247091  0.14441604 0.1647081  0.18638906 0.21275286 0.23438741]
 [0.72784968 0.71648059 0.74803749 0.75416639 0.78733985 0.79427501]
 [0.38581624 0.41595408 0.44717576 0.46804945 0.48323094 0.50741136]
 [0.56683352 0.59064511 0.60936122 0.63392352 0.65901071 0.68531975]]","[[False False False False False False]
 [False False False False False False]
 [False False False False False False]
 [False False False False False False]
 [False False False False False False]
 [False False False False False False]
 [False False False False False False]
 [False False False False False False]
 [False False False False False False]
 [False False False False False False]
 [False False False False False False]
 [False False False False False False]]","[ 81.54257498 128.1316745  115.27435793  53.73923762  81.38299028
  63.91636464  82.09513429 128.34666803 114.67253377  53.50346028
  81.53123994  64.77013148]",[1.533e-06 1.581e-06 1.629e-06 1.677e-06 1.725e-06 1.773e-06],2.3725920824280258,,,,[1.02991894],[['bet_Hyi' 'faint' '106']],2.305155463738552,[1.02427167]
"('HD141004', 'faint', 105)",HD141004,faint,105,0,"[59671.31676774 59671.31676774 59671.31676774 59671.31676774
 59671.31676774 59671.31676774 59671.33679795 59671.33679795
 59671.33679795 59671.33679795 59671.33679795 59671.33679795]",['1-2' '1-3' '1-4' '2-3' '2-4' '3-4' '1-2' '1-3' '1-4' '2-3' '2-4' '3-4'],"[[0.85053643 0.86022563 0.87785956 0.89529025 0.90319423 0.90854367]
 [0.66495446 0.67558681 0.70487063 0.71027537 0.72789938 0.74373283]
 [0.69498372 0.72400095 0.73391272 0.76333232 0.78366572 0.79138853]
 [0.99095622 0.98653645 0.98702014 0.97947532 1.01001763 0.99173595]
 [0.74048877 0.75617047 0.77731622 0.78369587 0.79630756 0.81315306]
 [0.81548943 0.83302047 0.846184   0.86754555 0.87369321 0.87630238]
 [0.84577333 0.85487814 0.87620356 0.88978962 0.90264464 0.91229214]
 [0.65902911 0.67388996 0.70029542 0.70841081 0.72323292 0.73760421]
 [0.68040031 0.69377129 0.71279675 0.73636041 0.76382037 0.78170985]
 [0.98876852 0.96974528 0.97729454 0.96814483 0.99859418 0.98979626]
 [0.74621893 0.76714868 0.77844438 0.7957642  0.80092898 0.82216238]
 [0.82405844 0.83959986 0.84841784 0.86668279 0.87008121 0.88058542]]","[[False False False False False False]
 [False False False False False False]
 [False False False False False False]
 [False False False False False False]
 [False False False False False False]
 [False False False False False False]
 [False False False False False False]
 [False False False False False False]
 [False False False False False False]
 [False False False False False False]
 [False False False False False False]
 [False False False False False False]]","[ 88.78456754 129.21875383 121.48366155  54.81142038 112.2191807
  90.8332673   86.16289855 128.46847347 126.01610429  56.60668415
 113.37788336  88.41079083]",[1.533e-06 1.581e-06 1.629e-06 1.677e-06 1.725e-06 1.773e-06],1.0632911961168185,,,,[1.05222486],[['HD141004' 'faint' '105']],1.042161801285405,[1.05207747]
"('HR_2998', 'faint', 104)",HR_2998,faint,104,0,"[58812.19220331 58812.19220331 58812.19220331 58812.19220331
 58812.19220331 58812.19220331 58812.22233359 58812.22233359
 58812.22233359 58812.22233359 58812.22233359 58812.22233359]",['1-2' '1-3' '1-4' '2-3' '2-4' '3-4' '1-2' '1-3' '1-4' '2-3' '2-4' '3-4'],"[[0.97462606 0.9795304  0.98618832 0.97019944 0.97840825 0.97670903]
 [0.81680802 0.84523088 0.85318887 0.85627583 0.86170889 0.86582205]
 [0.77495278 0.78779005 0.8090031  0.81391612 0.8326795  0.85063698]
 [1.02874503 1.02206721 1.02331161 1.0202926  1.03089985 1.04172725]
 [0.91838738 0.91695887 0.92423214 0.93740734 0.93094071 0.95314536]
 [1.01343157 1.00123158 1.01926809 1.0188392  1.01527772 1.0473871 ]
 [0.96693185 0.95223432 0.9707338  0.96088151 0.96867743 0.97111001]
 [0.7810486  0.78435125 0.79808585 0.79861636 0.8069082  0.81585398]
 [0.74757605 0.76307647 0.78100187 0.78131246 0.81160348 0.81402624]
 [1.02836716 1.0167956  1.017232   1.02853141 1.04461754 1.03429542]
 [0.8999099  0.89261497 0.91368223 0.90825421 0.90886635 0.92132717]
 [0.98785775 0.98598227 1.00005767 0.99988384 1.00382974 1.01287262]]","[[False False False False False False]
 [False False False False False False]
 [False False False False False False]
 [False False False False False False]
 [False False False False False False]
 [False False False False False False]
 [False False False False False False]
 [False False False False False False]
 [False False False False False False]
 [False False False False False False]
 [False False False False False False]
 [False False False False False False]]","[ 63.46366506 104.62369182 118.29592494  57.1122969   89.10816098
  40.44755318  71.42580259 112.26867549 121.67207451  57.61387815
  89.07029499  42.12749106]",[1.533e-06 1.581e-06 1.629e-06 1.677e-06 1.725e-06 1.773e-06],0.9927191805087731,,,,[1.06534195],[['HR_2998' 'faint' '104']],0.9685560829723031,[1.06527528]
"('HR_2998', 'bright', 104)",HR_2998,bright,104,0,"[58813.20769812 58813.20769812 58813.20769812 58813.20769812
 58813.20769812 58813.20769812 58813.22591578 58813.22591578
 58813.22591578 58813.22591578 58813.22591578 58813.22591578]",['1-2' '1-3' '1-4' '2-3' '2-4' '3-4' '1-2' '1-3' '1-4' '2-3' '2-4' '3-4'],"[[0.97082641 0.97356755 0.99308817 0.99282992 1.01590618 1.02025566]
 [0.83286079 0.82999252 0.8431317  0.84352599 0.85006991 0.86577657]
 [0.7099055  0.71462102 0.73661425 0.75462539 0.78102822 0.80619375]
 [1.03963804 1.03086726 1.03680061 1.04935811 1.05797615 1.05947885]
 [0.75318257 0.75352806 0.78078488 0.79093514 0.79527214 0.82246949]
 [0.89131754 0.89568909 0.93121074 0.92632358 0.94395655 0.96643446]
 [0.95488051 0.94732608 0.9608439  0.96251489 0.98122733 0.9899366 ]
 [0.7905199  0.78169136 0.79565393 0.79578475 0.80936886 0.82841069]
 [0.69286792 0.69904746 0.72396444 0.73102397 0.75875088 0.7824435 ]
 [1.01695975 0.99694253 1.01293607 1.00327663 1.03020097 1.03292001]
 [0.74188101 0.74797794 0.77607075 0.78290296 0.78891308 0.8057174 ]
 [0.88219829 0.88338866 0.90694208 0.91298195 0.92817285 0.95403305]]","[[False False False False False False]
 [False False False False False False]
 [False False False False False False]
 [False False False False False False]
 [False False False False False False]
 [False False False False False False]
 [False False False False False False]
 [False False False False False False]
 [False False False False False False]
 [False False False False False False]
 [False False False False False False]
 [False False False False False False]]","[ 68.40230913 109.2929747  132.17258427  57.41488243 122.11589508
  84.3015454   72.95440921 113.81054444 132.34010149  57.72243711
 123.02486276  87.22155462]",[1.533e-06 1.581e-06 1.629e-06 1.677e-06 1.725e-06 1.773e-06],1.0432918400664417,,,,[1.09276457],[['HR_2998' 'bright' '104']],1.0176179193883406,[1.09258709]
"('bet_Hyi', 'bright', 106)",bet_Hyi,bright,106,0,"[59462.25934025 59462.25934025 59462.25934025 59462.25934025
 59462.25934025 59462.25934025 59462.2698352  59462.2698352
 59462.2698352  59462.2698352  59462.2698352  59462.2698352 ]",['1-2' '1-3' '1-4' '2-3' '2-4' '3-4' '1-2' '1-3' '1-4' '2-3' '2-4' '3-4'],"[[0.40445864 0.43107887 0.45544815 0.47436024 0.49885902 0.51509471]
 [0.07962055 0.09568066 0.11564194 0.13552141 0.1555     0.17468126]
 [0.19208701 0.21193179 0.23239037 0.25667741 0.28215189 0.30464738]
 [0.75939991 0.76964473 0.78704916 0.79777831 0.82675252 0.83424272]
 [0.44269097 0.47028705 0.51911696 0.51970852 0.52886718 0.54090813]
 [0.5466049  0.58352418 0.61169352 0.6303231  0.64742931 0.65402208]
 [0.41177252 0.43568373 0.45994896 0.47891689 0.50319894 0.51563753]
 [0.08286293 0.09970085 0.11983223 0.13996744 0.16051599 0.17928167]
 [0.20558013 0.22619962 0.24671519 0.27110664 0.29583313 0.31915892]
 [0.7628367  0.77214489 0.7897601  0.80380817 0.83315777 0.83947588]
 [0.44090553 0.47899319 0.5303384  0.54393772 0.55534966 0.56797101]
 [0.54163349 0.57575741 0.61047241 0.63464535 0.65216819 0.65870685]]","[[False False False False False False]
 [False False False False False False]
 [False False False False False False]
 [False False False False False False]
 [False False False False False False]
 [False False False False False False]
 [False False False False False False]
 [False False False False False False]
 [False False False False False False]
 [False False False False False False]
 [False False False False False False]
 [False False False False False False]]","[ 84.93793212 129.1535287  110.19670907  51.76509329  81.06596389
  68.73874662  85.36084157 129.20687017 109.23934012  51.39524184
  80.75094898  69.26079517]",[1.533e-06 1.581e-06 1.629e-06 1.677e-06 1.725e-06 1.773e-06],2.2794245242131552,,,,[1.05184853],[['bet_Hyi' 'bright' '106']],2.216321267493863,[1.04815459]
"('psi_Vel', 'faint', 106)",psi_Vel,faint,106,0,"[59278.15907145 59278.15907145 59278.15907145 59278.15907145
 59278.15907145 59278.15907145 59278.16864345 59278.16864345
 59278.16864345 59278.16864345 59278.16864345 59278.16864345]",['1-2' '1-3' '1-4' '2-3' '2-4' '3-4' '1-2' '1-3' '1-4' '2-3' '2-4' '3-4'],"[[0.8254408  0.83519687 0.8576681  0.86589544 0.87136703 0.88278663]
 [0.66401223 0.68888246 0.70823315 0.71889982 0.7377467  0.7580377 ]
 [0.6945482  0.71859542 0.73088785 0.75242379 0.76988122 0.74193632]
 [0.98725671 0.9546385  0.96517009 0.97109353 0.96155034 0.99456238]
 [0.6866962  0.72376225 0.7200539  0.73600916 0.7540991  0.76355528]
 [0.7692616  0.78952696 0.7976872  0.8170984  0.82886586 0.82573077]
 [0.82115522 0.82502994 0.84989157 0.85895682 0.86530832 0.87928141]
 [0.67103512 0.68953749 0.70745975 0.71774414 0.7353123  0.76027845]
 [0.70524895 0.72518069 0.74056741 0.75001513 0.77082419 0.75894793]
 [0.98183601 0.93783171 0.96054767 0.95903455 0.9652439  0.99062437]
 [0.69883348 0.72259698 0.72990469 0.74415288 0.76016841 0.77540071]
 [0.7765834  0.78033788 0.79649215 0.80858698 0.83352586 0.8342951 ]]","[[False False False False False False]
 [False False False False False False]
 [False False False False False False]
 [False False False False False False]
 [False False False False False False]
 [False False False False False False]
 [False False False False False False]
 [False False False False False False]
 [False False False False False False]
 [False False False False False False]
 [False False False False False False]
 [False False False False False False]]","[ 90.45225632 128.80244332 127.86676069  56.58381969 126.9558742
 101.21179272  90.5068536  128.1901074  126.54081243  55.98560648
 126.64812596 101.49592893]",[1.533e-06 1.581e-06 1.629e-06 1.677e-06 1.725e-06 1.773e-06],1.0060344616228356,,,,[1.02383053],[['psi_Vel' 'faint' '106']],0.9930853423697558,[1.02375223]
"('ksi_Gem', 'faint', 106)",ksi_Gem,faint,106,0,"[59639.07685324 59639.07685324 59639.07685324 59639.07685324
 59639.07685324 59639.07685324 59639.08756015 59639.08756015
 59639.08756015 59639.08756015 59639.08756015 59639.08756015]",['1-2' '1-3' '1-4' '2-3' '2-4' '3-4' '1-2' '1-3' '1-4' '2-3' '2-4' '3-4'],"[[0.88777999 0.88387767 0.87812829 0.88963761 0.9056588  0.903782  ]
 [0.76160848 0.7467082  0.75212514 0.76221578 0.77147574 0.77836716]
 [0.74109372 0.74715029 0.74596478 0.75808716 0.76699611 0.77218852]
 [0.97384591 0.97465147 0.97048149 0.97903542 0.99567167 0.99356082]
 [0.82249514 0.80914905 0.81104071 0.8091672  0.80667256 0.82031849]
 [0.84749663 0.846278   0.88080001 0.89013584 0.90680598 0.93671523]
 [0.89691503 0.90081993 0.90663837 0.92789013 0.94012119 0.92828319]
 [0.77831688 0.76948029 0.77524128 0.77589149 0.78435231 0.78639057]
 [0.73730933 0.75042232 0.74719315 0.75769246 0.77420907 0.7781652 ]
 [0.97650072 0.95694339 0.96512107 0.97687793 0.9950882  0.99156042]
 [0.80877081 0.80054403 0.80381444 0.80784839 0.80322029 0.80942307]
 [0.90195951 0.90304614 0.94488297 0.97209075 0.98264506 1.05308599]]","[[False False False False False False]
 [False False False False False False]
 [False False False False False False]
 [False False False False False False]
 [False False False False False False]
 [False False False False False False]
 [False False False False False False]
 [False False False False False False]
 [False False False False False False]
 [False False False False False False]
 [False False False False False False]
 [False False False False False False]]","[ 79.21582571 124.19555693 128.68830781  57.67048531 109.12312797
  79.56600861  76.36034039 121.58168436 130.13549987  58.03276077
 110.41194039  78.40390201]",[1.533e-06 1.581e-06 1.629e-06 1.677e-06 1.725e-06 1.773e-06],1.0057614711318101,,,,[1.05138098],[['ksi_Gem' 'faint' '106']],0.9857354209510771,[1.05129502]
"('psi Vel A', 'bright', 106)",psi Vel A,bright,106,0,"[59585.31395189 59585.31395189 59585.31395189 59585.31395189
 59585.31395189 59585.31395189 59585.32344865 59585.32344865
 59585.32344865            nan            nan 59585.32344865
 59585.32344865 59585.32344865]","['1-2' '1-3' '1-4' '2-4' '3-2' '3-4' '1-2' '1-3' '1-4' '2-3' '2-3' '2-4'
 '3-2' '3-4']","[[1.06142544 1.05913528 1.05485014 1.04984778 1.05258917 1.05606026]
 [0.88496159 0.89824927 0.90421725 0.90579872 0.92977234 0.92530678]
 [0.74225701 0.7505422  0.76343968 0.77992004 0.80438517 0.82522324]
 [0.84431306 0.86330062 0.86778314 0.87223144 0.88794484 0.89760499]
 [0.9738185  0.96149216 0.96958951 0.96399057 0.98807772 0.99782542]
 [0.75481138 0.7651839  0.77881622 0.78353467 0.78763445 0.82603857]
 [1.07710642 1.06789442 1.06490759 1.05415786 1.05764905 1.05867349]
 [0.89250447 0.90800131 0.91130184 0.91902615 0.93375757 0.93943562]
 [0.74065085 0.75635534 0.76833068 0.78168955 0.8042434  0.82718575]
 [       nan        nan        nan        nan        nan        nan]
 [       nan        nan        nan        nan        nan        nan]
 [0.84929259 0.86468088 0.88022484 0.89335427 0.90252341 0.93491611]
 [0.99771573 0.9742273  0.98402518 0.98052915 1.01209472 1.01515955]
 [0.76916318 0.77635167 0.78997239 0.7920558  0.80117287 0.83216011]]","[[False False False False False False]
 [False False False False False False]
 [False False False False False False]
 [False False False False False False]
 [False False False False False False]
 [False False False False False False]
 [False False False False False False]
 [False False False False False False]
 [False False False False False False]
 [ True  True  True  True  True  True]
 [ True  True  True  True  True  True]
 [False False False False False False]
 [False False False False False False]
 [False False False False False False]]","[ 31.58735835  90.38373917 128.38025051 100.66221288  70.8574588
 127.07284001  31.32907108  90.50074839 127.15072174          nan
          nan  99.75922584  71.12794268 126.79025139]",[1.533e-06 1.581e-06 1.629e-06 1.677e-06 1.725e-06 1.773e-06],0.9677369648609495,,,,[1.08015854],[['psi Vel A' 'bright' '106']],0.9553887523980868,[1.08013265]
"('HD141004', 'bright', 105)",HD141004,bright,105,0,"[59669.34091583 59669.34091583 59669.34091583 59669.34091583
 59669.34091583 59669.34091583 59669.3502552  59669.3502552
 59669.3502552  59669.3502552  59669.3502552  59669.3502552 ]",['1-2' '1-3' '1-4' '2-3' '2-4' '3-4' '1-2' '1-3' '1-4' '2-3' '2-4' '3-4'],"[[0.86945117 0.8788095  0.89199842 0.89828532 0.9127298  0.91114841]
 [0.66230035 0.68222454 0.70834409 0.71631565 0.73445411 0.74724577]
 [0.68186804 0.69213467 0.70979491 0.72019664 0.75364585 0.76980426]
 [0.99327501 0.98507329 0.9950082  0.97931167 1.00866186 1.00754933]
 [0.74360266 0.75385717 0.76593537 0.77258469 0.785359   0.80940141]
 [0.82755414 0.8427383  0.85786406 0.86805669 0.87172268 0.8844091 ]
 [0.86844475 0.87430597 0.88832836 0.90050875 0.9162692  0.92013319]
 [0.67175865 0.69295104 0.71341975 0.72353282 0.74055801 0.7500177 ]
 [0.67460769 0.6909345  0.71095889 0.7259627  0.75575964 0.77440589]
 [0.99362716 0.98063518 0.9935398  0.98033131 1.0193188  1.00695099]
 [0.7467744  0.76049388 0.77611625 0.78090849 0.79488041 0.81740307]
 [0.84915083 0.86090691 0.87573011 0.89352903 0.89909389 0.91937633]]","[[False False False False False False]
 [False False False False False False]
 [False False False False False False]
 [False False False False False False]
 [False False False False False False]
 [False False False False False False]
 [False False False False False False]
 [False False False False False False]
 [False False False False False False]
 [False False False False False False]
 [False False False False False False]
 [False False False False False False]]","[ 86.37387474 128.58059478 125.74837802  56.50680915 113.28577385
  88.56769264  84.79062896 127.60546107 127.50537217  57.14113151
 113.96966237  87.49209289]",[1.533e-06 1.581e-06 1.629e-06 1.677e-06 1.725e-06 1.773e-06],1.0795191040219538,,,,[1.06784417],[['HD141004' 'bright' '105']],1.058040215708914,[1.06768508]
"('zet_Tuc', 'faint', 104)",zet_Tuc,faint,104,0,"[58814.05035752 58814.05035752 58814.05035752 58814.05035752
 58814.05035752 58814.05035752 58814.06174574 58814.06174574
 58814.06174574 58814.06174574 58814.06174574 58814.06174574]",['1-2' '1-3' '1-4' '2-3' '2-4' '3-4' '1-2' '1-3' '1-4' '2-3' '2-4' '3-4'],"[[0.79387346 0.79807063 0.82581103 0.83003901 0.84753056 0.85099541]
 [0.6061294  0.61596011 0.64297482 0.65675998 0.66751641 0.6874201 ]
 [0.68993361 0.68876633 0.70704428 0.71807237 0.75239548 0.76674943]
 [0.96759101 0.95021011 0.96162914 0.96032336 0.98367215 0.99002693]
 [0.696493   0.69825966 0.7215918  0.73050397 0.72940501 0.76728592]
 [0.83257903 0.84004754 0.86010765 0.86352433 0.87518924 0.87152875]
 [0.79136314 0.79742832 0.81969085 0.83067727 0.84567892 0.85186558]
 [0.59158128 0.60474282 0.6234712  0.64004645 0.65702291 0.67479393]
 [0.69008512 0.69155892 0.71315681 0.7297307  0.76297593 0.78166512]
 [0.93837813 0.91412273 0.9225627  0.9347628  0.96171273 0.9597987 ]
 [0.70632078 0.70755534 0.73434984 0.74173305 0.74213494 0.77498085]
 [0.80248704 0.81189686 0.83829359 0.85604307 0.86960689 0.88517103]]","[[False False False False False False]
 [False False False False False False]
 [False False False False False False]
 [False False False False False False]
 [False False False False False False]
 [False False False False False False]
 [False False False False False False]
 [False False False False False False]
 [False False False False False False]
 [False False False False False False]
 [False False False False False False]
 [False False False False False False]]","[ 88.09351619 129.18058885 115.14771008  52.81916233 100.5420993
  83.74179153  88.61389522 129.0112465  113.35264535  52.09358082
  99.92283554  84.31702813]",[1.533e-06 1.581e-06 1.629e-06 1.677e-06 1.725e-06 1.773e-06],1.1575610580981994,,,,[1.01985967],[['zet_Tuc' 'faint' '104']],1.1296029112479564,[1.01962039]
"('iot_Psc', 'faint', 104)",iot_Psc,faint,104,0,"[58816.00231469 58816.00231469 58816.00231469 58816.00231469
 58816.00231469 58816.00231469 58816.01428311 58816.01428311
 58816.01428311 58816.01428311 58816.01428311 58816.01428311]",['1-2' '1-3' '1-4' '2-3' '2-4' '3-4' '1-2' '1-3' '1-4' '2-3' '2-4' '3-4'],"[[0.87747899 0.87638666 0.89723614 0.90129394 0.90816355 0.91963183]
 [0.66282073 0.66673427 0.69024327 0.7017246  0.71237109 0.7338914 ]
 [0.69306273 0.69401829 0.7148484  0.73801972 0.76306815 0.78917737]
 [0.98496789 0.97846282 0.99375881 0.9925307  1.0010093  1.01686041]
 [0.7377125  0.75283656 0.78627288 0.78829986 0.79689976 0.82318275]
 [0.82282459 0.83672674 0.8509386  0.86379478 0.87583457 0.87901327]
 [0.85388328 0.85258861 0.87011027 0.88131006 0.88449715 0.90139835]
 [0.6509783  0.64803318 0.67559505 0.68193534 0.69433963 0.71654417]
 [0.65290023 0.64974706 0.67468445 0.69315085 0.71968649 0.74658816]
 [0.9899972  0.96149593 0.98206237 0.9797881  1.00735571 1.00596094]
 [0.71147127 0.72442178 0.76433075 0.76986483 0.77680597 0.80372218]
 [0.81391003 0.82837524 0.85134608 0.87846059 0.88992253 0.90957852]]","[[False False False False False False]
 [False False False False False False]
 [False False False False False False]
 [False False False False False False]
 [False False False False False False]
 [False False False False False False]
 [False False False False False False]
 [False False False False False False]
 [False False False False False False]
 [False False False False False False]
 [False False False False False False]
 [False False False False False False]]","[ 87.23176087 128.86268189 125.77485416  56.4357685  115.04225351
  90.49917722  85.3570728  127.76721576 127.96843965  57.24155818
 115.83326721  89.18704231]",[1.533e-06 1.581e-06 1.629e-06 1.677e-06 1.725e-06 1.773e-06],1.1112801035473798,,,,[1.07140786],[['iot_Psc' 'faint' '104']],1.0900752793032968,[1.07125073]
"('HD124850', 'bright', 105)",HD124850,bright,105,0,"[59672.29739472 59672.29739472 59672.29739472 59672.29739472
 59672.29739472 59672.29739472 59672.30700539 59672.30700539
 59672.30700539 59672.30700539 59672.30700539 59672.30700539]",['1-2' '1-3' '1-4' '2-3' '2-4' '3-4' '1-2' '1-3' '1-4' '2-3' '2-4' '3-4'],"[[0.84563208 0.85007482 0.87302662 0.87668847 0.89840753 0.89932842]
 [0.62265001 0.62848663 0.65786782 0.66955226 0.6925068  0.7117952 ]
 [0.58317014 0.60265779 0.62294311 0.6491482  0.67696322 0.69440778]
 [0.96853984 0.96586136 0.97084048 0.95947571 0.98580886 0.97902258]
 [0.62527512 0.64128952 0.65937815 0.68083874 0.69020731 0.72288921]
 [0.77748298 0.79041568 0.80253014 0.81277965 0.82603232 0.83869205]
 [0.84853582 0.85590486 0.86635927 0.8799907  0.89772424 0.90263037]
 [0.64376106 0.65228624 0.68260457 0.69211321 0.71082836 0.7253178 ]
 [0.59023004 0.61529858 0.63580752 0.66277108 0.69073635 0.71090472]
 [0.97468213 0.96854714 0.96644538 0.95672493 0.98875469 0.98795509]
 [0.63870681 0.65144059 0.67563946 0.69006085 0.70114943 0.72864148]
 [0.76794182 0.778993   0.79529848 0.81262492 0.83152874 0.85400303]]","[[False False False False False False]
 [False False False False False False]
 [False False False False False False]
 [False False False False False False]
 [False False False False False False]
 [False False False False False False]
 [False False False False False False]
 [False False False False False False]
 [False False False False False False]
 [False False False False False False]
 [False False False False False False]
 [False False False False False False]]","[ 84.67564353 124.8563535  132.32485092  58.21219482 127.13290016
  96.63942238  82.86402993 122.62841885 132.41521398  58.0629796
 127.61887839  96.12028487]",[1.533e-06 1.581e-06 1.629e-06 1.677e-06 1.725e-06 1.773e-06],1.156865867241454,,,,[1.06391928],[['HD124850' 'bright' '105']],1.1373542618994474,[1.06373902]
"('iot_Psc', 'bright', 104)",iot_Psc,bright,104,0,"[58814.02228131 58814.02228131 58814.02228131 58814.02228131
 58814.02228131 58814.02228131 58814.03499947 58814.03499947
 58814.03499947 58814.03499947 58814.03499947 58814.03499947]",['1-2' '1-3' '1-4' '2-3' '2-4' '3-4' '1-2' '1-3' '1-4' '2-3' '2-4' '3-4'],"[[0.84955217 0.85119141 0.87738937 0.8784671  0.89264556 0.90437787]
 [0.62810481 0.63205584 0.66155827 0.670827   0.68376709 0.70497604]
 [0.63942724 0.62969356 0.65806366 0.66726275 0.69925525 0.72641875]
 [0.99315083 0.97861635 0.9997654  0.98624283 1.01319846 1.01529325]
 [0.73220369 0.71175717 0.73586195 0.73665532 0.74982848 0.78433413]
 [0.8302241  0.82975603 0.85227416 0.86461014 0.88006523 0.88823978]
 [0.86257554 0.86542206 0.88462929 0.89611395 0.91248735 0.91909665]
 [0.64365753 0.6491929  0.67263777 0.68369617 0.69574674 0.7072474 ]
 [0.64654077 0.64277491 0.66548538 0.68301719 0.71290266 0.74322804]
 [1.00137449 0.97013405 0.98225084 0.98354566 1.01741136 1.0131826 ]
 [0.73122774 0.71673185 0.73831881 0.75113808 0.75132196 0.78886249]
 [0.81682271 0.81753194 0.85292158 0.87180162 0.90619416 0.9227783 ]]","[[False False False False False False]
 [False False False False False False]
 [False False False False False False]
 [False False False False False False]
 [False False False False False False]
 [False False False False False False]
 [False False False False False False]
 [False False False False False False]
 [False False False False False False]
 [False False False False False False]
 [False False False False False False]
 [False False False False False False]]","[ 84.90691275 127.44256782 128.38052434  57.38244604 116.01959275
  88.91821034  82.38241593 125.32909333 130.14566197  57.92388166
 117.03811938  87.63907237]",[1.533e-06 1.581e-06 1.629e-06 1.677e-06 1.725e-06 1.773e-06],1.1884802828096201,,,,[1.09059127],[['iot_Psc' 'bright' '104']],1.1657065005948286,[1.09039031]
"('pi3_Ori', 'faint', 104)",pi3_Ori,faint,104,0,"[58815.20425399 58815.20425399 58815.20425399 58815.20425399
 58815.20425399 58815.20425399 58815.21721965 58815.21721965
 58815.21721965 58815.21721965 58815.21721965 58815.21721965]",['1-2' '1-3' '1-4' '2-3' '2-4' '3-4' '1-2' '1-3' '1-4' '2-3' '2-4' '3-4'],"[[0.73928718 0.74325685 0.7625387  0.77180168 0.79494526 0.80011602]
 [0.48251556 0.48831543 0.51619488 0.53424304 0.55203062 0.57365412]
 [0.54066856 0.54457149 0.56978922 0.58770086 0.61990663 0.64319578]
 [0.93633679 0.91740987 0.93778769 0.92882923 0.95081027 0.96901485]
 [0.60638312 0.60856815 0.62500108 0.63763624 0.63411061 0.67444312]
 [0.71665179 0.73223865 0.75707156 0.7592541  0.77697763 0.7882783 ]
 [0.73117678 0.73385815 0.74718702 0.75769883 0.7814401  0.78594593]
 [0.47071781 0.47510676 0.4992552  0.51594235 0.53856057 0.55543318]
 [0.49195156 0.5003556  0.52935444 0.54786279 0.57942096 0.60790061]
 [0.94637368 0.91664404 0.93062005 0.92253298 0.95356705 0.96376738]
 [0.5969799  0.60467345 0.62177212 0.63218155 0.63230002 0.66482744]
 [0.70867601 0.71302169 0.75395919 0.75530814 0.78573544 0.8017574 ]]","[[False False False False False False]
 [False False False False False False]
 [False False False False False False]
 [False False False False False False]
 [False False False False False False]
 [False False False False False False]
 [False False False False False False]
 [False False False False False False]
 [False False False False False False]
 [False False False False False False]
 [False False False False False False]
 [False False False False False False]]","[ 88.88050943 129.21096447 121.58617992  54.82718141 112.67176741
  91.21115635  87.35328251 128.99085906 124.62999288  56.05926199
 113.34889408  89.64710116]",[1.533e-06 1.581e-06 1.629e-06 1.677e-06 1.725e-06 1.773e-06],1.3761956089596925,,,,[1.05319755],[['pi3_Ori' 'faint' '104']],1.3542825046947524,[1.0529475]
"('pi3_Ori', 'bright', 104)",pi3_Ori,bright,104,0,"[58816.22084735 58816.22084735 58816.22084735 58816.22084735
 58816.22084735 58816.22084735 58816.23161889 58816.23161889
 58816.23161889 58816.23161889 58816.23161889 58816.23161889]",['1-2' '1-3' '1-4' '2-3' '2-4' '3-4' '1-2' '1-3' '1-4' '2-3' '2-4' '3-4'],"[[0.70130653 0.71161223 0.72839543 0.74375704 0.76261168 0.77768333]
 [0.39902935 0.41010292 0.43693389 0.46454867 0.48368617 0.50868939]
 [0.41342044 0.42657564 0.4489872  0.47965191 0.5158625  0.53672476]
 [0.87528481 0.86163716 0.86521096 0.87264706 0.90910788 0.92579803]
 [0.49240955 0.51377795 0.53719798 0.56192283 0.55702549 0.5984082 ]
 [0.66806082 0.68511147 0.70876611 0.72120122 0.74804442 0.75778403]
 [0.7228151  0.73182999 0.74397289 0.75794592 0.77625137 0.7963527 ]
 [0.41783024 0.42832246 0.45590932 0.48222584 0.50028507 0.52702337]
 [0.41272485 0.42263347 0.44350757 0.4763161  0.51207318 0.53511254]
 [0.88397029 0.86791162 0.87543486 0.88042218 0.91833256 0.93577859]
 [0.49550147 0.51397886 0.53676523 0.5626281  0.55190406 0.59753689]
 [0.66842545 0.68190856 0.71031634 0.72585966 0.75557489 0.7701274 ]]","[[False False False False False False]
 [False False False False False False]
 [False False False False False False]
 [False False False False False False]
 [False False False False False False]
 [False False False False False False]
 [False False False False False False]
 [False False False False False False]
 [False False False False False False]
 [False False False False False False]
 [False False False False False False]
 [False False False False False False]]","[ 86.42468779 128.57314346 125.9500038   56.56454856 113.75386384
  88.90076176  84.58591866 127.40387628 127.92221851  57.27057777
 114.5412724   87.68127498]",[1.533e-06 1.581e-06 1.629e-06 1.677e-06 1.725e-06 1.773e-06],1.504965156377119,,,,[1.04525812],[['pi3_Ori' 'bright' '104']],1.4805388809374433,[1.0447721]
"('HD124850', 'faint', 105)",HD124850,faint,105,0,"[59669.31086128 59669.31086128 59669.31086128 59669.31086128
 59669.31086128 59669.31086128 59669.32172817 59669.32172817
 59669.32172817 59669.32172817 59669.32172817 59669.32172817]",['1-2' '1-3' '1-4' '2-3' '2-4' '3-4' '1-2' '1-3' '1-4' '2-3' '2-4' '3-4'],"[[0.92477806 0.92677508 0.93308585 0.93824105 0.96393239 0.96070091]
 [0.69858414 0.701988   0.73456266 0.73823845 0.75393462 0.76675794]
 [0.65599454 0.67094681 0.69148179 0.70187675 0.7418731  0.76774006]
 [1.0473452  1.01536481 1.01359957 1.01703807 1.04473819 1.04417032]
 [0.67360387 0.69738238 0.70771453 0.72766511 0.74316145 0.77165045]
 [0.81374618 0.81854452 0.8530764  0.86579576 0.88242818 0.89088071]
 [0.90079799 0.90822265 0.9103731  0.92950406 0.95176703 0.95243498]
 [0.69559027 0.70754055 0.72790147 0.73584896 0.7481574  0.75830315]
 [0.63976145 0.65533002 0.67206206 0.68855663 0.72421235 0.75591185]
 [1.03612495 1.00668262 1.00791134 1.0124256  1.03525679 1.04775236]
 [0.66009448 0.68284709 0.69787741 0.71690171 0.73153814 0.75859912]
 [0.80620057 0.80995048 0.84181026 0.85651236 0.88253214 0.90184026]]","[[False False False False False False]
 [False False False False False False]
 [False False False False False False]
 [False False False False False False]
 [False False False False False False]
 [False False False False False False]
 [False False False False False False]
 [False False False False False False]
 [False False False False False False]
 [False False False False False False]
 [False False False False False False]
 [False False False False False False]]","[ 83.70780371 123.68778457 132.40914251  58.14912049 127.39633634
  96.34797842  81.51404506 120.86528593 132.31376894  57.87382084
 127.96160442  95.79969816]",[1.533e-06 1.581e-06 1.629e-06 1.677e-06 1.725e-06 1.773e-06],1.1321422894781523,,,,[1.10879568],[['HD124850' 'faint' '105']],1.11306669857573,[1.10860864]
"('ksi_Gem', 'bright', 106)",ksi_Gem,bright,106,0,"[59636.11748648 59636.11748648 59636.11748648            nan
 59636.11748648 59636.11748648 59636.1291877  59636.1291877
 59636.1291877             nan 59636.1291877             nan
 59636.1291877 ]","['1-2' '1-3' '1-4' '2-3' '2-4' '3-4' '1-2' '1-3' '1-4' '2-3' '2-4' '3-4'
 '3-4']","[[0.7710298  0.79179343 0.80150621 0.82828403 0.82835371 0.84431937]
 [0.50101446 0.52874697 0.54357299 0.56259374 0.57828215 0.60031385]
 [0.44052956 0.47574064 0.49939944 0.50800211 0.53478737 0.55077762]
 [       nan        nan        nan        nan        nan        nan]
 [0.65813909 0.68136447 0.6930368  0.70561747 0.71897848 0.73583392]
 [0.93919088 0.97355796 0.96406078 0.95853216 0.96234744 0.96915808]
 [0.76363291 0.7920272  0.79968177 0.82141065 0.82487871 0.83636408]
 [0.48520802 0.52028164 0.53864735 0.56825555 0.58600829 0.59604181]
 [0.46132521 0.50055741 0.52411023 0.54468788 0.56435986 0.57845049]
 [       nan        nan        nan        nan        nan        nan]
 [0.62235158 0.62997987 0.64217869 0.66242262 0.67312665 0.69124836]
 [       nan        nan        nan        nan        nan        nan]
 [0.91854318 0.93373672 0.92335957 0.92683927 0.93336436 0.90751071]]","[[False False False False False False]
 [False False False False False False]
 [False False False False False False]
 [ True  True  True  True  True  True]
 [False False False False False False]
 [False False False False False False]
 [False False False False False False]
 [False False False False False False]
 [False False False False False False]
 [ True  True  True  True  True  True]
 [False False False False False False]
 [ True  True  True  True  True  True]
 [False False False False False False]]","[ 69.67517689 114.68138131 124.67310923          nan  85.75162874
  37.7555519   65.61876469 110.11825068 122.47052505          nan
  86.90095009          nan  37.89975365]",[1.533e-06 1.581e-06 1.629e-06 1.677e-06 1.725e-06 1.773e-06],1.4650690869893714,,,,[0.9892743],[['ksi_Gem' 'bright' '106']],1.4351015495032626,[0.98897257]
"('alf_CMi', 'bright', 106)",alf_CMi,bright,106,0,"[59271.09345169 59271.09345169 59271.09345169 59271.09345169
 59271.09345169 59271.09345169            nan            nan
 59271.10625958            nan            nan 59271.10625958
 59271.10625958            nan            nan            nan
            nan 59271.10625958 59271.10625958 59271.10625958]","['1-3' '2-1' '2-3' '4-1' '4-2' '4-3' '1-2' '1-2' '1-3' '1-4' '1-4' '2-1'
 '2-3' '2-4' '2-4' '3-4' '3-4' '4-1' '4-2' '4-3']","[[0.01588491 0.01514004 0.0146864  0.01288931 0.0106826  0.00893534]
 [0.35989767 0.3810015  0.40641649 0.43210323 0.45380496 0.47560987]
 [0.02357293 0.03398748 0.04650023 0.05983541 0.07220442 0.08703014]
 [0.01689613 0.01476254 0.01347014 0.01112617 0.00893768 0.0068295 ]
 [0.00323303 0.00677774 0.01232874 0.01937872 0.02849879 0.0373803 ]
 [0.12772938 0.14431335 0.16632884 0.19302826 0.21551772 0.23550799]
 [       nan        nan        nan        nan        nan        nan]
 [       nan        nan        nan        nan        nan        nan]
 [0.01535376 0.01489032 0.0149431  0.01377921 0.01183679 0.01025271]
 [       nan        nan        nan        nan        nan        nan]
 [       nan        nan        nan        nan        nan        nan]
 [0.34923906 0.3634748  0.39210559 0.41766557 0.44380689 0.45879691]
 [0.01869092 0.02792039 0.03945257 0.05198447 0.06359333 0.07754956]
 [       nan        nan        nan        nan        nan        nan]
 [       nan        nan        nan        nan        nan        nan]
 [       nan        nan        nan        nan        nan        nan]
 [       nan        nan        nan        nan        nan        nan]
 [0.01689333 0.01479734 0.01366593 0.0114533  0.00924933 0.00715201]
 [0.00430294 0.0082316  0.01429188 0.02189783 0.03144543 0.04088788]
 [0.14112038 0.15740374 0.18009396 0.20821217 0.23106861 0.25188491]]","[[False False False False False False]
 [False False False False False False]
 [False False False False False False]
 [False False False False False False]
 [False False False False False False]
 [False False False False False False]
 [ True  True  True  True  True  True]
 [ True  True  True  True  True  True]
 [False False False False False False]
 [ True  True  True  True  True  True]
 [ True  True  True  True  True  True]
 [False False False False False False]
 [False False False False False False]
 [ True  True  True  True  True  True]
 [ True  True  True  True  True  True]
 [ True  True  True  True  True  True]
 [ True  True  True  True  True  True]
 [False False False False False False]
 [False False False False False False]
 [False False False False False False]]","[98.09753044 37.19290867 61.07803245 95.60606638 68.06081976 49.70051571
         nan         nan 99.91525622         nan         nan 37.89494199
 62.18115007         nan         nan         nan         nan 95.97084348
 67.33939067 48.64710452]",[1.533e-06 1.581e-06 1.629e-06 1.677e-06 1.725e-06 1.773e-06],,,,,[nan],[['alf_CMi' 'bright' '106']],,[nan]
"('HD142860', 'faint', 105)",HD142860,faint,105,0,"[59672.3717699  59672.3717699  59672.3717699  59672.3717699
 59672.3717699  59672.3717699  59672.38122864 59672.38122864
 59672.38122864 59672.38122864 59672.38122864 59672.38122864]",['1-2' '1-3' '1-4' '2-3' '2-4' '3-4' '1-2' '1-3' '1-4' '2-3' '2-4' '3-4'],"[[0.89716353 0.9073953  0.91876353 0.92139143 0.93361879 0.92601982]
 [0.63194903 0.66214694 0.6875835  0.68922815 0.70967074 0.72274069]
 [0.60723176 0.61660683 0.647414   0.66473825 0.69526197 0.71098993]
 [1.00796493 0.98184924 1.00517578 0.98024288 1.01595405 1.01584918]
 [0.74781402 0.76430086 0.78311517 0.7970146  0.79347806 0.81617533]
 [0.85235337 0.87809184 0.9001558  0.91123849 0.91780001 0.92039576]
 [0.85662367 0.87778911 0.89863256 0.9086078  0.92169125 0.92056051]
 [0.66300445 0.70037488 0.71491608 0.7143106  0.73587228 0.74189815]
 [0.59527804 0.61620913 0.6468792  0.66978318 0.70135895 0.71141438]
 [0.98312925 0.97268395 0.98740426 0.96806576 0.99141484 0.99257158]
 [0.73760381 0.75980134 0.78407342 0.7916323  0.79343521 0.81747537]
 [0.84204503 0.86914484 0.88737049 0.9058912  0.89937521 0.91444766]]","[[False False False False False False]
 [False False False False False False]
 [False False False False False False]
 [False False False False False False]
 [False False False False False False]
 [False False False False False False]
 [False False False False False False]
 [False False False False False False]
 [False False False False False False]
 [False False False False False False]
 [False False False False False False]
 [False False False False False False]]","[ 77.64115054 123.50089735 128.26403685  57.61349145 105.93522035
  75.98501783  74.99111527 121.11620541 129.63020268  57.95980437
 107.19998881  74.90632133]",[1.533e-06 1.581e-06 1.629e-06 1.677e-06 1.725e-06 1.773e-06],1.167665607428316,,,,[1.07248923],[['HD142860' 'faint' '105']],1.1472734360641856,[1.07232935]
"('gam_Lep', 'faint', 106)",gam_Lep,faint,106,0,"[59263.1451212  59263.1451212  59263.1451212  59263.1451212
 59263.1451212  59263.1451212  59263.15431177 59263.15431177
 59263.15431177 59263.15431177 59263.15431177 59263.15431177]",['1-2' '1-3' '1-4' '2-3' '2-4' '3-4' '1-2' '1-3' '1-4' '2-3' '2-4' '3-4'],"[[0.90190564 0.88044109 0.90407564 0.91394779 0.92660991 0.93841767]
 [0.69899383 0.69984182 0.73111666 0.75293409 0.76463616 0.78298094]
 [0.65526037 0.63223673 0.67678716 0.67273571 0.73214453 0.7608624 ]
 [1.04708864 1.01010815 1.02703031 1.00185274 1.05722501 1.05539569]
 [0.50365508 0.50728462 0.54544355 0.56213851 0.57466563 0.61869219]
 [0.69145183 0.71647263 0.74115338 0.77997703 0.79641862 0.80105419]
 [0.86968007 0.84351413 0.87080586 0.88034674 0.89104842 0.91081286]
 [0.58441106 0.59404379 0.63310371 0.64375241 0.65732802 0.68310312]
 [0.58104837 0.57100754 0.61166902 0.61690653 0.68503101 0.71008678]
 [0.82797805 0.80595173 0.80641658 0.80286469 0.85513637 0.86543851]
 [0.42890296 0.42627853 0.46680121 0.48818895 0.5008257  0.5403657 ]
 [0.4668848  0.48532196 0.52060528 0.55242759 0.56824632 0.59117081]]","[[False False False False False False]
 [False False False False False False]
 [False False False False False False]
 [False False False False False False]
 [False False False False False False]
 [False False False False False False]
 [False False False False False False]
 [False False False False False False]
 [False False False False False False]
 [False False False False False False]
 [False False False False False False]
 [False False False False False False]]","[ 75.84369612  99.60347599 113.90219864  48.00520034 131.15751638
 102.92611819  74.21720349  95.49585388 110.76413176  46.32845558
 130.76814714 102.96898856]",[1.533e-06 1.581e-06 1.629e-06 1.677e-06 1.725e-06 1.773e-06],1.3380772376712973,,,,[1.02541402],[['gam_Lep' 'faint' '106']],1.3161676718036286,[1.02517712]
"('rho_Pup', 'bright', 106)",rho_Pup,bright,106,0,"[59263.17019547 59263.17019547 59263.17019547 59263.17019547
 59263.17019547 59263.17019547 59263.1799668  59263.1799668
 59263.1799668  59263.1799668  59263.1799668  59263.1799668 ]",['1-2' '1-3' '1-4' '2-3' '2-4' '3-4' '1-2' '1-3' '1-4' '2-3' '2-4' '3-4'],"[[0.55664118 0.56861718 0.5920013  0.60073247 0.628586   0.63416202]
 [0.29831817 0.31730271 0.33872017 0.36450728 0.38823661 0.40620189]
 [0.25115436 0.27834661 0.2935188  0.31403529 0.33818068 0.34123006]
 [0.69104401 0.70127594 0.71978259 0.72657178 0.70708933 0.7414739 ]
 [0.24859409 0.26862758 0.28830454 0.31057438 0.32124613 0.34998489]
 [0.36592017 0.38325046 0.40876134 0.41789413 0.44330761 0.47117275]
 [0.59999168 0.62006814 0.63548396 0.64918539 0.67203539 0.68240703]
 [0.37415112 0.39230263 0.4192692  0.44328831 0.46491145 0.48756324]
 [0.33138189 0.37317368 0.39086415 0.41052622 0.45053949 0.44214105]
 [0.82413728 0.82727675 0.84551101 0.85316866 0.84732765 0.87625405]
 [0.29480192 0.31758347 0.34618785 0.36824452 0.38501905 0.4164738 ]
 [0.4801374  0.50723002 0.52226907 0.54406128 0.56340709 0.59731724]]","[[False False False False False False]
 [False False False False False False]
 [False False False False False False]
 [False False False False False False]
 [False False False False False False]
 [False False False False False False]
 [False False False False False False]
 [False False False False False False]
 [False False False False False False]
 [False False False False False False]
 [False False False False False False]
 [False False False False False False]]","[ 87.91801189 124.47105996 129.68730375  56.69651753 132.30229689
 103.67755105  86.83786723 122.36687814 128.36429158  55.97065238
 132.2213878  103.59155231]",[1.533e-06 1.581e-06 1.629e-06 1.677e-06 1.725e-06 1.773e-06],1.5915593573113878,,,,[0.9392614],[['rho_Pup' 'bright' '106']],1.5685701800054,[0.93873092]
