,,,,,,,,Identifiers,,,,,,,,,,,,,,,,,,,,,,,,,,,,Tycho,,,,,,,2MASS,,,,,,,,,,,,,,,,ALLWISE,,,,,,,,,,,,,,,,,,,,Colours,,,,Gaia,,,,,,,,,,,,,,,,,,JSDC,,,,,Quality/paper,,,,,,,,,,,,,,,,,,,,,
Period,Science,Sequence,Dup_tar,Primary,Ref_ID_1,Ref_ID_2,Ref_ID_3,HD_ID,Bayer_ID,Tycho_ID,2MASS_ID,ALLWISE,GaiaDR2_ID,GaiaDR3_ID,SpT,SpT_q,SpT_simple,Teff,e_teff,logg,e_logg,FeH_abs,FeH_rel,e_FeH_rel,vtur,e_vtur,vsini,teff_source,teff_bib_ref,logg_source,logg_bib_ref,feh_source,feh_bib_ref,vsini_source,vsini_bib_ref,Hpmag,e_Hpmag,BTmag,e_BTmag,VTmag,e_VTmag,tyc_notes,Jmag,Jcmsig,e_Jmag,Jsnr,Hmag,Hcmsig,e_Hmag,Hsnr,Kmag,Kcmsig,e_Kmag,Ksnr,Qflg,Cflg,Prox,2MASS_notes,ALLWISE_ID,W1mag,e_W1mag,W2mag,e_W2mag,W3mag,e_W3mag,W4mag,e_W4mag,snr1,snr2,snr3,snr4,sat1,sat2,sat3,sat4,ccf,qph,ALLWISE_confidence,J-K,BT-VT,W1-W4,W3-W4,RA,DEC,Plx,e_Plx,PmRA,PmDEC,Dup,Gmag,e_Gmag,BPmag,e_BPmag,RPmag,e_RPmag,Dist,Gaia_comment,Plx_alt,e_Plx_alt,alt_plx_source,JSDC_LDD,e_JSDC_LDD,LDDCHI,CAlFlag,LDD_rel,Quality,Quality_reason,exclusion_reason,in_paper,Comments,,,,,,,,,,,,,,,,,
104,TRUE,Both,FALSE,iot Psc,,,,HD 222368,iot Psc,TYC  591-1744-1,2MASS J23395706+0537343,WISEA J233957.33+053729.9,2756363608023335808,2756363608023588864,F7V,,F7V,6343,,4.32,,7.39,-0.06,,,,3,SIMBAD mesFe_H,2024A&A...683A.125P,SIMBAD mesFe_H,2024A&A...683A.125P,SIMBAD mesFe_H,2024A&A...683A.125P,SIMBAD mesRot,1970CoAsi.239....1B,4.2373,6.00E-04,4.718,0.014,4.176,0.009,,3.299,0.286,0.286,1000000,2.988,0.24,0.24,1000000,2.946,0.288,0.288,665304,DDD,000,51.7,,J233957.33+053729.9,2.044,,1.669,NaN,2.911,0.013,2.859,0.021,1.6,1.6,81.9,51.4,0.236,0.214,0.096,0,0,UUAA,high_exact_id,0.353,0.542,-0.815,0.052,354.9893506,5.624351601,73.23703629,0.16977987,376.4966062,-436.7597625,FALSE,3.9992578,0.001370705,4.2614365,0.001830506,3.5563064,0.002602689,13.65429366,,74.44483074,0.333904744,Gaia DR2,1.059062,0.102444,0.0199394,0,LDD_VW3,GOOD,,,TRUE,,,,,,,,,,,,,,,,,,
104,FALSE,Both,FALSE,HR 67,,,,HD   1367,,TYC    2-1641-1,2MASS J00174770+0141193,,2547964815499312768,2547964815499312768,K0III,,K0III,,,,,,,,,,,,,,,,,,,6.3456,7.00E-04,7.371,0.015,6.281,0.01,,4.952,0.216,0.216,464120,4.326,0.206,0.206,392202,4.225,0.264,0.264,235191,CCD,000,65.8,,,,,,,,,,,,,,,,,,,,,,0.727,1.09,0,0,4.449150278,1.688775024,8.813106762,0.027938481,91.41753456,10.18751944,FALSE,5.9470086,2.28E-04,6.4060616,6.16E-04,5.3193207,0.001205408,113.4673648,,8.875022949,0.041939546,Gaia DR2,0.663706,0.058933,0.0969316,0,LDD_VK,GOOD,,,TRUE,,,,,,,,,,,,,,,,,,
104,FALSE,Bright,FALSE,HD 222919,,,,HD 222919,,TYC  592-338-1,2MASS J23444897+0711305,,2756991566602828416,2756991566602828416,K0,,K0,,,,,,,,,,,,,,,,,,,7.0425,7.00E-04,8.28,0.016,6.991,0.01,,4.912,0.218,0.218,296914,4.388,0.047,0.049,236434,4.31,0.009,0.017,153964,DEE,000,27.6,,,,,,,,,,,,,,,,,,,,,,0.602,1.289,0,0,356.2040322,7.191761694,7.250355863,0.024114342,20.53578075,-10.43327594,FALSE,6.568927,1.03E-04,7.12042,5.55E-04,5.8616614,4.22E-04,137.9242645,,7.253779219,0.048690005,Gaia DR2,0.697197,0.05176,0.0197456,0,LDD_VK,GOOD,,,TRUE,,,,,,,,,,,,,,,,,,
104,FALSE,Bright,FALSE,HD 223292,,,,HD 223292,,TYC  592-194-1,2MASS J23481444+0709473,,2756953977049161984,2756953977049161984,G5,,G5,,,,,,,,,,,,,,,,,,,7.0551,9.00E-04,8.158,0.016,7.001,0.01,,4.989,0.011,0.02,286306,4.497,0.031,0.034,206590,4.398,0.007,0.016,141978,AAA,000,20.8,,,,,,,,,,,,,,,,,,,,,,0.591,1.157,0,0,357.0601061,7.163047561,6.194359366,0.026786068,-21.71380778,-31.2507731,FALSE,6.5906873,1.15E-04,7.120972,4.72E-04,5.8957043,6.98E-04,161.4371949,,6.119617618,0.050110675,Gaia DR2,0.627794,0.014955,0.0878293,0,LDD_VK,GOOD,,,TRUE,,,,,,,,,,,,,,,,,,
104,FALSE,Faint,FALSE,HD 218330,,,,HD 218330,,TYC  579-445-1,2MASS J23070268+0303079,,2658767863565504512,2658767863565504512,K0III,,K0III,,,,,,,,,,,,,,,,,,,7.1504,0.0011,8.399,0.017,7.122,0.01,,5.057,0.003,0.017,330849,4.536,0.182,0.182,228828,4.327,0.009,0.017,168120,ECA,000,63.8,,,,,,,,,,,,,,,,,,,,,,0.73,1.277,0,0,346.7613014,3.052312545,6.086806092,0.02290502,34.18705712,15.24434686,FALSE,6.6624274,1.73E-04,7.2296267,7.55E-04,5.945434,7.08E-04,164.2897744,,6.015569515,0.056321687,Gaia DR2,0.665944,0.041962,0.0335439,0,LDD_VK,GOOD,,,TRUE,,,,,,,,,,,,,,,,,,
104,FALSE,Faint,FALSE,HD 43,,,,HD     43,,TYC    4-586-1,2MASS J00052224+0336218,,2740066131281248256,2740066131281248256,K0III,,K0III,,,,,,,,,,,,,,,,,,,7.0756,0.0012,8.347,0.017,7.017,0.01,,5.073,0.001,0.017,326009,4.642,0.057,0.059,222387,4.416,0.033,0.036,171799,AEE,000,15.8,,,,,,,,,,,,,,,,,,,,,,0.657,1.33,0,0,1.34254964,3.606093822,5.488711886,0.035960328,-21.56692071,2.187902516,FALSE,6.6210117,1.74E-04,7.152301,7.42E-04,5.9347334,6.91E-04,182.1921101,,5.495218573,0.051434775,Gaia DR2,0.63434,0.017921,0.630822,0,LDD_VK,GOOD,,,TRUE,,,,,,,,,,,,,,,,,,
104,TRUE,Both,FALSE,zet Tuc,,,,HD   1581,zet Tuc,TYC 8843-1706-1,2MASS J00200446-6452282,WISE J002006.98-645216.9,4900108950847893376,4900108950849461248,F9.5V,,F9V,5865,,3.951,,6.992,-0.458,,,,0,SIMBAD mesFe_H,2023ApJS..266...11B,SIMBAD mesFe_H,2023ApJS..266...11B,SIMBAD mesFe_H,2023ApJS..266...11B,SIMBAD mesRot,1970CoKwa.189....0U,4.3443,6.00E-04,4.9,0.014,4.286,0.009,,3.068,0.272,0.272,1000000,2.738,0.218,0.218,1000000,2.769,0.25,0.25,658901,DDD,000,42,,J002007.07-645217.0,1.875,,1.279,NaN,2.856,0.011,2.788,0.019,1.4,1.1,100.8,58.7,0.238,0.233,0.091,0,hh00,UUAA,medium_region_from_id; match_radius_arcsec=0.639,0.299,0.614,-0.913,0.068,5.035609547,-64.86961714,116.1825785,0.13336171,1706.746855,1164.959443,FALSE,4.07351,0.001214417,4.369477,0.001158474,3.6002007,0.002356751,8.607142418,,117.1678876,0.330414681,Gaia DR2,1.228695,9.138754,0.027,0,LDD_VW3,GOOD,,,TRUE,,,,,,,,,,,,,,,,,,
104,FALSE,Both,FALSE,HD 68,,,,HD     68,,TYC 9134-2021-1,2MASS J00052705-6757348,,4706625037851229056,4706625037851229056,K3III,,K3III,,,,,,,,,,,,,,,,,,,,,8.739,0.017,7.211,0.01,,5.085,0.268,0.268,357627,4.189,0.22,0.22,337528,4.099,0.033,0.036,207405,DDE,d00,19.3,,,,,,,,,,,,,,,,,,,,,,0.986,1.528,0,0,1.363038971,-67.95971755,4.062202905,0.016993942,26.05185281,3.074949761,FALSE,6.6673837,1.70E-04,7.324628,6.86E-04,5.886825,8.60E-04,246.171849,,4.105758937,0.024479327,Gaia DR2,0.776164,0.069914,0.218397,0,LDD_VK,GOOD,,,TRUE,,,,,,,,,,,,,,,,,,
104,FALSE,Faint,FALSE,HD8809,,,,HD   8809,,TYC 8477-269-1,2MASS J01253263-5708270,,4909891649399194112,4909891649399194112,K1III,,K1III,,,,,,,,,,,,,,,,,,,9.3531,0.0024,10.642,0.036,9.3,0.018,,7.291,0.019,0.026,36815.4,6.768,0.033,0.036,30318.7,6.621,0.015,0.021,16520.4,AAA,000,8.3,,,,,,,,,,,,,,,,,,,,,,0.67,1.342,0,0,21.38613592,-57.14078626,3.131167722,0.013549487,24.03991908,7.414260547,FALSE,8.881189,1.45E-04,9.434685,4.62E-04,8.180602,2.33E-04,319.3696694,,3.13638897,0.026641835,Gaia DR2,0.237422,0.005652,0.0910243,0,LDD_VK,GOOD,,,TRUE,,,,,,,,,,,,,,,,,,
104,FALSE,Faint,FALSE,HD323,,,,HD    323,,TYC 8846-1469-1,2MASS J00074097-6555566,,4707800725017906816,4707800725017906816,K1/2III,,K1III,,,,,,,,,,,,,,,,,,,6.9943,0.001,8.329,0.015,6.948,0.01,,5.222,0.27,0.27,337777,4.442,0.266,0.266,286490,4.442,0.378,0.378,156538,DDD,d00,18.1,,,,,,,,,,,,,,,,,,,,,,0.78,1.381,0,0,1.920990143,-65.93268523,6.863113763,0.023530008,29.36627295,-57.36859978,FALSE,6.5222397,1.36E-04,7.0806174,0.001103816,5.815854,8.73E-04,145.7064584,,6.925492115,0.022844367,Gaia DR2,0.645752,0.080955,0.0721073,0,LDD_VK,GOOD,,,TRUE,,,,,,,,,,,,,,,,,,
104,FALSE,Bright,FALSE,HD220757,,,,HD 220757,,TYC 8838-655-1,2MASS J23265880-5825260,,6489536331165022720,6489536331165022720,K3IIICNII,,K3III,,,,,,,,,,,,,,,,,,,7.293,9.00E-04,8.77,0.016,7.271,0.01,,5.105,0.011,0.02,295413,4.593,0.031,0.034,209754,4.403,0.021,0.026,141325,AEA,000,25.5,,,,,,,,,,,,,,,,,,,,,,0.702,1.499,0,0,351.7459191,-58.42406074,6.415963143,0.015847173,87.36900329,-56.5755535,FALSE,6.762232,2.63E-04,7.371906,0.00148014,6.020271,7.17E-04,155.8612445,,6.37970125,0.032108541,Gaia DR2,0.677278,0.015898,0.689734,0,LDD_VK,GOOD,,,TRUE,,,,,,,,,,,,,,,,,,
104,FALSE,Bright,FALSE,HD8025,,,,HD   8025,,TYC 8855-176-1,2MASS J01175089-6706377,,4704632825860884864,4704632825860884864,K2III,,K2III,,,,,,,,,,,,,,,,,,,7.4471,0.0011,8.813,0.017,7.415,0.01,,5.321,0.017,0.024,287760,4.747,0.001,0.015,208982,4.59,0.013,0.02,111025,AEA,000,41.7,,,,,,,,,,,,,,,,,,,,,,0.731,1.398,0,0,19.4631491,-67.11039147,6.075469068,0.013897473,87.00155201,20.47682657,FALSE,6.952502,1.41E-04,7.5325823,8.84E-04,6.231647,5.06E-04,164.5963445,,6.0561789,0.019471926,Gaia DR2,0.612581,0.013524,0.202367,0,LDD_VK,GOOD,,,TRUE,,,,,,,,,,,,,,,,,,
104,TRUE,Both,FALSE,pi3 Ori,,,,HD  30652,pi3 Ori,TYC   96-1462-1,2MASS J04495040+0657409,,3288921720024442496,3288921720025503360,F6V,,F6V,6420,,4.24,,7.43,-0.02,,,,17,SIMBAD mesFe_H,2016A&A...587A...2B,SIMBAD mesFe_H,2016A&A...587A...2B,SIMBAD mesFe_H,2016A&A...587A...2B,SIMBAD mesRot,1970CoAsi.239....1B,3.2862,5.00E-04,3.723,0.014,3.222,0.009,,1.984,0.246,0.246,1000000,1.757,0.132,0.132,1000000,1.6,0.196,0.196,1000000,DBC,000,54.4,,,,,,,,,,,,,,,,,,,,,,0.384,0.501,0,0,72.46212402,6.961331009,124.6198014,0.22457013,463.9544035,11.93700994,FALSE,3.0879216,0.001378402,3.513966,0.018047835,2.7081478,0.00646217,8.024406945,,124.3489444,0.391210406,Gaia DR2,1.986537,0.165749,0.0110319,0,LDD_VK,GOOD,,,TRUE,,,,,,,,,,,,,,,,,,
104,FALSE,Both,FALSE,HR_1618 ,,,,HD  32263,,TYC   98-2442-1,2MASS J05015035+0043194,,3228620241748261248,3228620241748261248,K2III,,K2III,,,,,,,,,,,,,,,,,,,6.0798,7.00E-04,7.571,0.016,6.053,0.01,,4.076,0.296,0.296,578136,3.363,0.256,0.256,587097,3.193,0.282,0.282,375163,DDD,000,30.6,,,,,,,,,,,,,,,,,,,,,,0.883,1.518,0,0,75.45982149,0.722005518,6.30699168,0.03755106,4.193308171,-23.35728801,FALSE,5.536574,3.78E-04,6.171937,7.20E-04,4.772403,0.001687219,158.5541968,,6.374209313,0.063521473,Gaia DR2,1.136671,0.112537,0.071317,0,LDD_VK,GOOD,,,TRUE,,,,,,,,,,,,,,,,,,
104,FALSE,Faint,FALSE,HD_30519,,,,HD  30519,,TYC   92-662-1,2MASS J04483532+0536203,,3281926386530182016,3281926386530182016,K2,,K2,,,,,,,,,,,,,,,,,,,,,10.014,0.03,8.076,0.013,,4.96,0.013,0.021,294056,4.001,0.214,0.214,337684,3.831,0.264,0.264,201382,ECD,000,28.4,,,,,,,,,,,,,,,,,,,,,,1.129,1.938,0,0,72.14701569,5.605487436,2.664009999,0.020458207,-16.28459617,-21.47293758,FALSE,7.2179465,2.73E-04,8.15899,0.001022948,6.25846,6.07E-04,375.3739665,,2.65334951,0.0369246,Gaia DR2,0.935338,0.083056,0.131219,0,LDD_VK,GOOD,,,TRUE,,,,,,,,,,,,,,,,,,
104,FALSE,Faint,FALSE,HD_30507,,,,HD  30507,,TYC  683-1211-1,2MASS J04484104+0750239,,3289226319105159680,3289226319105159680,K5,,K5,,,,,,,,,,,,,,,,,,,7.2221,0.0019,9.074,0.018,7.268,0.011,,4.75,0.24,0.24,486889,3.828,0.248,0.248,487203,3.697,0.256,0.256,344842,DDD,000,35.3,,,,,,,,,,,,,,,,,,,,,,1.053,1.806,0,0,72.17098123,7.840085772,3.961297917,0.019652126,-8.187677486,24.90550535,FALSE,6.517604,2.36E-04,7.3538003,7.23E-04,5.617716,0.001480342,252.4425127,,3.926422034,0.038820403,Gaia DR2,0.982259,0.084756,0.191503,0,LDD_VK,GOOD,,,TRUE,,,,,,,,,,,,,,,,,,
104,FALSE,Bright,FALSE,HR_1534,,,,HD  30545,,TYC   88-1394-1,2MASS J04484463+0335185,,3233387552368554624,3233387552369507840,K0III,,K0III,,,,,,,,,,,,,,,,,,,6.2058,5.00E-04,7.58,0.015,6.163,0.01,,3.956,0.228,0.228,767414,3.272,0.214,0.214,684085,3.138,0.218,0.218,394657,DCD,000,44.8,,,,,,,,,,,,,,,,,,,,,,0.818,1.417,0,0,72.18592946,3.588457171,3.648022252,0.0374785,-1.211043304,-16.5523056,FALSE,5.696211,3.33E-04,6.2915945,8.04E-04,4.959854,0.001201736,274.1211349,,3.69194612,0.067819776,Gaia DR2,1.181386,0.091425,0.0427084,0,LDD_VK,GOOD,,,TRUE,,,,,,,,,,,,,,,,,,
104,FALSE,Bright,FALSE,HR_1681,,,,HD  33419,,TYC 4751-1642-1,2MASS J05100325-0033551,,3227451563968485376,3227451563968485376,K1III,,K1III,,,,,,,,,,,,,,,,,,,6.2749,0.001,7.515,0.016,6.225,0.01,,4.389,0.232,0.232,612111,3.73,0.202,0.202,480740,3.692,0.284,0.284,301731,DCD,000,25.8,,,,,,,,,,,,,,,,,,,,,,0.697,1.29,0,0,77.51359871,-0.565544958,8.763768255,0.04044942,1.943834919,-50.18059007,FALSE,5.8143315,3.37E-04,6.34866,8.13E-04,5.1262264,0.001686775,114.1061665,,8.740792691,0.055434316,Gaia DR2,0.915529,0.087128,0.033679,0,LDD_VK,GOOD,,,TRUE,,,,,,,,,,,,,,,,,,
104,TRUE,Both,FALSE,gam Lep,,,,HD  38393,gam Lep,TYC 5930-2197-1,2MASS J05442780-2226538,WISE J054427.84-222658.3,2964000159820118400,2964000159821218432,F6V,,F6V,6386,,4.345,,7.3,-0.15,,,,15,SIMBAD mesFe_H,2023ApJS..266...11B,SIMBAD mesFe_H,2023ApJS..266...11B,SIMBAD mesFe_H,2023ApJS..266...11B,SIMBAD mesRot,1970CoAsi.239....1B,3.6977,4.00E-04,4.162,0.014,3.638,0.009,,2.804,0.276,0.276,1000000,2.606,0.236,0.236,1000000,2.508,0.228,0.228,755475,DDD,000,52.2,,,,,,,,,,,,,,,,,,,,,,0.296,0.524,0,0,86.11439123,-22.45002336,112.2960282,0.14516802,-291.7567767,-368.5208158,FALSE,3.476823,0.001116125,3.796859,0.008292537,3.0440361,0.001678504,8.905034452,,112.6108838,0.316218227,Gaia DR2,1.273062,0.118316,0.00373541,0,LDD_VK,GOOD,,,TRUE,,,,,,,,,,,,,,,,,,
104,FALSE,Faint,FALSE,HD_38579,,,,HD  38579,,TYC 6490-860-1,2MASS J05455468-2308251,,2915911506950114944,2915911506950114944,K1/2III,,K1III,,,,,,,,,,,,,,,,,,,7.2179,6.00E-04,8.693,0.015,7.184,0.009,,5.325,0.246,0.246,276968,4.482,0.224,0.224,248949,4.152,0.029,0.033,172036,DDE,000,37.7,,,,,,,,,,,,,,,,,,,,,,1.173,1.509,0,0,86.47797887,-23.1404664,3.355202839,0.016746825,23.52198265,-37.7320029,FALSE,6.6837554,1.11E-04,7.3112783,3.72E-04,5.9251933,3.97E-04,298.0445738,,3.272296327,0.027246592,Gaia DR2,0.684535,0.056868,0.609293,0,LDD_VK,GOOD,,,TRUE,,,,,,,,,,,,,,,,,,
104,FALSE,Faint,FALSE,HD_39913,,,,HD  39913,,TYC 5943-614-1,2MASS J05544439-2116491,,2917736661894565504,2917736661894565504,K4III,,K4III,,,,,,,,,,,,,,,,,,,,,9.798,0.021,7.967,0.011,,5.402,0.256,0.256,209715,4.404,0.248,0.248,217425,4.057,0.033,0.036,169286,DDE,0d0,20.8,,,,,,,,,,,,,,,,,,,,,,1.345,1.831,0,0,88.68498173,-21.28035195,1.77082672,0.016854461,3.12121681,5.604483766,TRUE,7.199474,2.29E-04,8.048441,9.44E-04,6.2954063,9.14E-04,564.7079914,,1.705941886,0.039655579,Gaia DR2,0.777583,0.067084,0.5915,0,LDD_VK,GOOD,,,TRUE,,,,,,,,,,,,,,,,,,
104,FALSE,Faint,FALSE,HR_2090,,,,HD  40235,,TYC 6491-1059-1,2MASS J05563443-2312551,,2916449786611527936,2916449786611527936,K0III,,K0III,,,,,,,,,,,,,,,,,,,6.5335,6.00E-04,7.726,0.015,6.48,0.009,,4.832,0.274,0.274,379866,4.13,0.22,0.22,289674,4.04,0.236,0.236,178000,DDD,00d,21.2,,,,,,,,,,,,,,,,,,,,,,0.792,1.246,0,0,89.14356166,-23.21518063,6.861242602,0.018749889,13.81678558,29.4476809,FALSE,6.0745955,1.55E-04,6.6079698,6.29E-04,5.3831077,9.94E-04,145.7461947,,6.835059424,0.026005564,Gaia DR2,0.744197,0.06845,0.104117,0,LDD_VK,GOOD,,,TRUE,,,,,,,,,,,,,,,,,,
104,TRUE,Both,FALSE,HR 2998,,,,HD  62644,,TYC 8134-800-1,2MASS J07425710-4510227,WISEA J074257.00-451029.2,5531762678610961664,5531762678610961664,G8IV-V,,G8IV,5490,,3.816,,7.46,0.01,,,,4.3,SIMBAD mesFe_H,2024A&A...683A.125P,SIMBAD mesFe_H,2024A&A...683A.125P,SIMBAD mesFe_H,2024A&A...683A.125P,SIMBAD mesRot,2012A&A...542A.116A,5.1867,5.00E-04,5.984,0.014,5.126,0.009,,3.681,0.308,0.308,1000000,3.159,0.232,0.232,759119,3.116,0.282,0.282,462402,DDD,000,29.7,,J074257.00-451029.2,2.41,,2.999,0.422,3.232,0.013,3.198,0.018,1.7,2.6,82,59.1,0.237,0.224,0.056,0,0h00,UCAA,high_exact_id,0.565,0.858,-0.788,0.034,115.7374002,-45.17557766,42.8213184,0.3774877,-79.01241779,-554.0045734,FALSE,4.83457,7.68E-04,5.2295985,8.06E-04,4.2804937,0.003288681,23.35285408,,44.49707787,0.290544723,Gaia DR2,1.118454,0.115056,0.0122689,2,LDD_VW3,GOOD,,,TRUE,,,,,,,,,,,,,,,,,,
104,FALSE,Both,FALSE,HR_3069,,,,HD  64181,,TYC 7658-4075-1,2MASS J07504252-4434478,,5531393311425150080,5531393311425150080,G6III,,G6III,,,,,,,,,,,,,,,,,,,6.6142,0.001,7.588,0.015,6.557,0.01,,4.911,0.216,0.216,318442,4.312,0.22,0.22,244968,4.346,0.021,0.026,143886,CDE,000,43.2,,,,,,,,,,,,,,,,,,,,,,0.565,1.031,0,0,117.6770512,-44.57988743,5.365693411,0.13545476,-11.53412505,13.11582085,FALSE,6.227515,2.06E-04,6.670638,9.85E-04,5.613934,8.01E-04,186.3692021,,4.197878119,0.168001584,Gaia DR2,0.642664,0.048171,0.101762,0,LDD_VK,GOOD,,,TRUE,,,,,,,,,,,,,,,,,,
104,FALSE,Faint,FALSE,HD_61574,,,,HD  61574,,TYC 7656-183-1,2MASS J07380139-4338291,,5535060526299103360,5535060526299103360,K2/3III,,K2III,,,,,,,,,,,,,,,,,,,8.131,0.0017,9.739,0.021,8.122,0.012,,5.595,0.015,0.023,169602,4.992,0.308,0.308,130951,4.769,0.007,0.016,97458.6,ADA,000,31.3,,,,,,,,,,,,,,,,,,,,,,0.826,1.617,0,0,114.5057304,-43.64137692,1.968803535,0.089352,-5.101040506,12.14349907,FALSE,7.5378666,1.97E-04,8.237202,7.71E-04,6.7275305,4.86E-04,507.9226962,,2.225204624,0.113959747,Gaia DR2,0.582233,0.059884,0.00649796,0,LDD_VK,GOOD,,,TRUE,,,,,,,,,,,,,,,,,,
104,FALSE,Faint,FALSE,HD_65187,,,,HD  65187,,TYC 8135-4356-1,2MASS J07552574-4639570,,5518933920537919232,5518933920537919232,K3III,,K3III,,,,,,,,,,,,,,,,,,,7.9743,0.001,9.619,0.02,7.956,0.011,,5.532,0.037,0.041,199356,4.922,0.011,0.018,149662,4.681,0.011,0.018,109401,AAA,000,15.4,,,,,,,,,,,,,,,,,,,,,,0.851,1.663,0,0,118.8572991,-46.66582185,1.257883172,0.015137916,-1.645739283,6.837457072,TRUE,7.3854656,1.84E-04,8.078862,8.16E-04,6.5839596,5.03E-04,794.9863882,,1.207035703,0.030252847,Gaia DR2,0.600807,0.014805,0.703343,0,LDD_VK,GOOD,,,TRUE,,,,,,,,,,,,,,,,,,
104,FALSE,Bright,FALSE,HD_65491,,,,HD  65491,,TYC 7658-3974-1,2MASS J07570752-4329022,,5533043777154969600,5533043777154969600,G8III,,G8III,,,,,,,,,,,,,,,,,,,,,8.381,0.016,7.195,0.01,,5.315,0.001,0.017,252017,4.834,0.031,0.034,168000,4.639,0.011,0.018,113716,EEA,d00,17.1,,,,,,,,,,,,,,,,,,,,,,0.676,1.186,0,0,119.2809154,-43.48394009,4.755823848,0.011632935,-64.58153486,-5.85055072,FALSE,6.8185053,1.30E-04,7.330923,5.35E-04,6.1451883,6.35E-04,210.2685112,,4.708385203,0.022995252,Gaia DR2,0.558576,0.013147,0.849357,0,LDD_VK,GOOD,,,TRUE,,,,,,,,,,,,,,,,,,
104,FALSE,Bright,FALSE,HD_66162,,,,HD  66162,,TYC 8135-4085-1,2MASS J08001499-4547359,,5519076444734072832,5519076444734072832,K0III,,K0III,,,,,,,,,,,,,,,,,,,7.2313,0.001,8.408,0.017,7.193,0.01,,5.291,0.011,0.02,257650,4.765,0.075,0.076,185315,4.59,0.003,0.015,118965,EEE,000,15.6,,,,,,,,,,,,,,,,,,,,,,0.701,1.215,0,0,120.062065,-45.79298488,4.640980631,0.014589346,-62.70855867,75.80712281,FALSE,6.7848763,1.37E-04,7.306578,5.76E-04,6.1028085,8.13E-04,215.471703,,4.559059936,0.028819349,Gaia DR2,0.585487,0.018916,0.12257,0,LDD_VK,GOOD,,,TRUE,,,,,,,,,,,,,,,,,,
104,TRUE,Both,FALSE,rho Pup,,,,HD  67523,rho Pup,TYC 6555-3245-1,2MASS J08073264-2418154,,5698015743040715264,5698015743046182272,F5IIkF2IImF5II,,F5II,6346,,2.396,,7.535,0.085,,,,15,SIMBAD mesFe_H,2023ApJS..266...11B,SIMBAD mesFe_H,2023ApJS..266...11B,SIMBAD mesFe_H,2023ApJS..266...11B,SIMBAD mesRot,1970CoAsi.239....1B,2.9157,0.0038,3.322,0.014,2.842,0.009,,2.171,0.316,0.316,1000000,2.084,0.208,0.208,1000000,2.022,0.254,0.254,1000000,DCD,000,50,,,,,,,,,,,,,,,,,,,,,,0.149,0.48,0,0,121.88563,-24.30411555,51.39988628,0.2445377,-82.88573139,46.92999525,FALSE,2.7505891,0.002330039,3.302004,0.027607223,2.5121741,0.014427274,19.45529596,,49.67593342,0.540625041,Gaia DR2,1.588167,0.167906,0.00967187,4,LDD_VK,GOOD,,,TRUE,,,,,,,,,,,,,,,,,,
104,FALSE,Faint,FALSE,HD_59936,,,,HD  59936,,TYC 5987-557-1,2MASS J07313017-1930408,,5716554093201800832,5716554093201800832,K2III,,K2III,,,,,,,,,,,,,,,,,,,7.6416,0.0014,9.535,0.02,7.719,0.011,,5.025,0.276,0.276,286702,3.955,0.272,0.272,340338,3.823,0.278,0.278,217380,DDD,00d,29.7,,,,,,,,,,,,,,,,,,,,,,1.202,1.816,0,0,112.875702,-19.51131061,0.717247949,0.018735778,-4.671678406,1.895464999,FALSE,6.894827,2.39E-04,7.7793765,7.32E-04,5.969451,7.60E-04,1394.217998,,0.660932565,0.030582374,Gaia DR2,0.899452,0.083878,0.366727,0,LDD_VK,GOOD,,,TRUE,,,,,,,,,,,,,,,,,,
104,FALSE,Faint,FALSE, HD_63734,,,,HD  63734,,TYC 5989-2854-1,2MASS J07494076-1930199,,5715806665811908608,5715806665811908608,K2III,,K2III,,,,,,,,,,,,,,,,,,,6.6512,0.001,8.09,0.015,6.617,0.009,,4.821,0.258,0.258,456068,4.094,0.238,0.238,485635,3.945,0.236,0.236,208171,DDD,d00,24.2,,,,,,,,,,,,,,,,,,,,,,0.876,1.473,0,0,117.4195494,-19.50558067,8.455784732,0.019284135,-61.13962304,-14.12844072,FALSE,6.107049,2.86E-04,6.713671,0.001410773,5.3635316,0.001098751,118.2622349,,8.378753048,0.029850024,Gaia DR2,0.793818,0.068972,0.128599,0,LDD_VK,GOOD,,,TRUE,,,,,,,,,,,,,,,,,,
104,FALSE,Faint,FALSE, HR_3317,,,,HD  71231,,TYC 6002-1632-1,2MASS J08253936-1726219,,5708283120053959808,5708283120053959808,K1III,,K1III,,,,,,,,,,,,,,,,,,,6.6006,8.00E-04,8.055,0.016,6.56,0.01,,4.571,0.232,0.232,483092,3.873,0.256,0.256,379936,3.782,0.23,0.23,210678,DDD,000,22.2,,,,,,,,,,,,,,,,,,,,,,0.789,1.495,0,0,126.4139565,-17.43941411,4.428635845,0.023768242,-11.18796812,-1.523435566,FALSE,6.0866137,2.71E-04,6.692686,0.001185755,5.3441873,0.001030408,225.8031672,,4.341492767,0.033057157,Gaia DR2,0.877822,0.07571,0.0518675,0,LDD_VK,GOOD,,,TRUE,,,,,,,,,,,,,,,,,,
105,TRUE,Both,FALSE,eta Boo ,,,,HD 121370,eta Boo,TYC 1470-1157-1,2MASS J13544106+1823514,,1244946371540223872,1244946371540479616,G0IV,,G0IV,6155,,3.7889,,7.809,0.359,,,,18,SIMBAD mesFe_H,2019A&A...624A..19B,SIMBAD mesFe_H,2019A&A...624A..19B,SIMBAD mesFe_H,2019A&A...624A..19B,SIMBAD mesRot,1970CoAsi.239....1B,2.7957,4.00E-04,3.38,0.014,2.719,0.009,,1.793,0.306,0.306,1000000,1.534,0.154,0.154,1000000,1.485,0.17,0.17,1000000,DBC,000,59.5,,,,,,,,,,,,,,,,,,,,,,0.308,0.661,0,0,208.6708629,18.39612274,,,,,FALSE,2.5583582,0.002363747,3.2581592,0.030993014,2.357232,0.018708008,,,,,Gaia DR2,2.130985,0.218244,2.99E-04,4,LDD_VK,GOOD,,,TRUE,,,,,,,,,,,,,,,,,,
105,FALSE,Faint,FALSE,HD118839,,,,HD 118839,,TYC 1462-933-1,2MASS J13390229+1815553,,1247838327639170176,1247838327639170176,K2II-III,,K2II,,,,,,,,,,,,,,,,,,,6.6273,9.00E-04,8.046,0.016,6.596,0.01,,4.845,0.218,0.218,416323,4.089,0.234,0.234,396561,4.037,0.232,0.232,243568,DDD,000,43.7,,,,,,,,,,,,,,,,,,,,,,0.808,1.45,0,0,204.7592999,18.26522508,5.621966094,0.021913556,-46.66669292,-21.37827992,FALSE,6.11211,1.98E-04,6.7168684,8.61E-04,5.3693085,0.001217937,177.8737159,,5.648509787,0.035808263,Gaia DR2,0.774226,0.061382,0.154339,0,LDD_VK,GOOD,,,TRUE,,,,,,,,,,,,,,,,,,
105,FALSE,Faint,FALSE,HD120540,,,,HD 120540,,TYC 1463-35-1,2MASS J13495080+1920494,,1248230990729296896,1248230990729296896,K0,,K0,,,,,,,,,,,,,,,,,,,7.8031,0.0014,9.337,0.018,7.765,0.01,,5.501,0.003,0.017,212339,4.913,0.011,0.018,156210,4.773,0.009,0.017,115404,EAA,000,19.9,,,,,,,,,,,,,,,,,,,,,,0.728,1.572,0,0,207.4615209,19.34705662,5.028511286,0.024414243,-35.65801035,3.576579806,FALSE,7.2631035,1.72E-04,7.8957143,5.54E-04,6.5030274,5.31E-04,198.8660148,,5.017984949,0.049429804,Gaia DR2,0.562152,0.012061,0.0386078,0,LDD_VK,GOOD,,,TRUE,,,,,,,,,,,,,,,,,,
105,TRUE,Both,FALSE,iot Vir,,,,HD 124850,iot Vir,TYC 4982-1645-1,2MASS J14160086-0600016,WISE J141600.86-060005.8,3640828731549668608,3640828731549972480,F7III,,F7III,5935,,2.926,,6.921,-0.529,,,,17,SIMBAD mesFe_H,2023ApJS..266...11B,SIMBAD mesFe_H,2023ApJS..266...11B,SIMBAD mesFe_H,2023ApJS..266...11B,SIMBAD mesRot,1970CoAsi.239....1B,4.1854,5.00E-04,4.677,0.014,4.126,0.009,,3.14,0.266,0.266,1000000,2.909,0.236,0.236,1000000,2.801,0.266,0.266,597063,DDD,000,30,,J141600.87-060006.3,1.808,,1.564,,2.843,0.008,2.773,0.017,1.2,1.5,135.1,63.4,0.212,0.201,0.094,0,0h00,UUAA,medium_region_from_id; match_radius_arcsec=0.555,0.339,0.551,-0.965,0.07,214.0034989,-6.002390926,45.4014348,0.28581938,-26.60604012,-414.8655858,FALSE,3.9420373,0.00254801,4.208345,0.001062914,3.4934862,0.007091684,22.02573563,,45.48879913,0.425639696,Gaia DR2,1.130461,0.101443,0.00504202,0,LDD_VW3,GOOD,,,TRUE,,,,,,,,,,,,,,,,,,
105,FALSE,Both,FALSE,HD125490,,,,HD 125490,,TYC 4982-1647-1,2MASS J14195320-0644461,,3639919985189322624,3639919985189322624,K0III,,K0III,,,,,,,,,,,,,,,,,,,6.5845,0.001,7.601,0.016,6.54,0.01,,5.077,0.284,0.284,292840,4.502,0.075,0.076,228092,4.305,0.013,0.02,149424,DEE,000,18.9,,,,,,,,,,,,,,,,,,,,,,0.772,1.061,0,0,214.9712613,-6.746276551,6.189869029,0.16800325,-89.95724694,-26.33929097,FALSE,6.192452,3.06E-04,6.647247,9.07E-04,5.5677137,0.001692703,161.5543068,,5.653941397,0.23268448,Gaia DR2,0.633068,0.060249,0.0865463,0,LDD_VK,GOOD,,,TRUE,,,,,,,,,,,,,,,,,,
105,FALSE,Faint,FALSE,HD121981,,,,HD 121981,,TYC 4974-103-1,2MASS J13585990-0655306,WISEA J135859.93-065531.5,3619637328551342208,3619637328551342208,G8IV/V,,G8IV,,,,,,,,,,,,,,,,,,,7.1132,0.0012,8.213,0.017,7.065,0.011,,5.239,0.009,0.019,279789,4.864,0.075,0.076,187633,4.561,0.011,0.018,126480,EEA,0d0,65,,J135859.93-065531.5,4.484,0.308,4.339,0.136,4.504,0.015,4.454,0.024,3.5,8,74.1,44.7,0.179,0.184,0,0,0,BBAA,high_exact_id,0.678,1.148,0.03,0.05,209.7497205,-6.925566714,7.049334162,0.020664195,17.68736114,-73.83597191,FALSE,6.680192,1.71E-04,7.1846256,5.72E-04,6.00963,6.29E-04,141.8573694,,7.102646182,0.038505214,Gaia DR2,0.563209,0.018236,1.04084,0,LDD_VW3,GOOD,,,TRUE,,,,,,,,,,,,,,,,,,
105,FALSE,Faint,FALSE,HD123255,,,,HD 123255,,TYC 5554-1682-1,2MASS J14064283-0918486,,3615103045677755392,3615103045677755392,F2III,,F2III,,,,,,,,,,,,,,,,,,,5.5468,5.00E-04,5.876,0.014,5.496,0.009,,4.84,0.033,0.037,432942,4.792,0.298,0.298,230202,4.599,0.005,0.016,122129,EDA,d00,23.6,,,,,,,,,,,,,,,,,,,,,,0.241,0.38,0,0,211.677797,-9.313497352,17.56269137,0.09936776,-140.6246265,4.02428795,FALSE,5.373695,8.87E-04,5.554564,0.001102925,5.062555,0.001949453,56.93888135,,17.50379603,0.147692693,Gaia DR2,0.459882,0.046037,0.0310847,0,LDD_VK,GOOD,,,TRUE,,,,,,,,,,,,,,,,,,
105,FALSE,Bright,FALSE,HD122135,,,,HD 122135,,TYC 5554-1081-1,2MASS J14000469-0809418,,3616233481069985792,3616233481069985792,K0III,,K0III,,,,,,,,,,,,,,,,,,,6.7307,7.00E-04,7.911,0.016,6.678,0.01,,4.993,0.246,0.246,339024,4.255,0.206,0.206,317622,4.156,0.033,0.036,183662,DCE,dd0,47.1,,,,,,,,,,,,,,,,,,,,,,0.837,1.233,0,0,210.0193756,-8.161850044,7.886117508,0.0219353,-23.88873662,-47.08581602,FALSE,6.2813373,2.21E-04,6.8033657,0.001095289,5.600926,0.00142864,126.8051103,,7.84881795,0.039826707,Gaia DR2,0.704389,0.058519,0.174669,0,LDD_VK,GOOD,,,TRUE,,,,,,,,,,,,,,,,,,
105,FALSE,Bright,FALSE,HD125183,,,,HD 125183,,TYC 4982-1407-1,2MASS J14175707-0558172,,3640796669617969280,3640796673914111104,K3III,,K3III,,,,,,,,,,,,,,,,,,,7.905,0.0013,9.662,0.023,7.912,0.012,,5.301,0.009,0.019,264259,4.694,0.075,0.076,178365,4.403,0.009,0.017,141325,EEA,000,26.5,,,,,,,,,,,,,,,,,,,,,,0.898,1.75,0,0,214.4876897,-5.971397727,1.891444169,0.022162585,-18.83236559,14.21890864,FALSE,7.281335,3.14E-04,8.0281725,0.001400965,6.444657,7.96E-04,528.6965464,,1.945288572,0.047741031,Gaia DR2,0.687129,0.02222,0.422099,0,LDD_VK,GOOD,,,TRUE,,,,,,,,,,,,,,,,,,
105,TRUE,Both,FALSE,lam Ser,,,,HD 141004,lam Ser,TYC  364-1224-1,2MASS J15462661+0721109,WISE J154626.37+072110.2,4430238051199001216,4430238051199001216,G0-V,,G0V,5965,,4.232,,7.45,0,,,,3,SIMBAD mesFe_H,2024A&A...683A.125P,SIMBAD mesFe_H,2024A&A...683A.125P,SIMBAD mesFe_H,2024A&A...683A.125P,SIMBAD mesRot,1970CoAsi.239....1B,4.5434,6.00E-04,5.138,0.014,4.482,0.009,,3.43,0.22,0.22,1000000,3.07,0.216,0.216,1000000,2.989,0.23,0.23,556955,DCD,00d,33.3,,J154626.46+072110.3,2.05,,1.948,,3,0.011,2.971,0.02,1.4,2,94.9,53,0.269,0.262,0.086,0,hh00,UUAA,medium_region_from_id; match_radius_arcsec=1.411,0.441,0.656,-0.921,0.029,236.609889,7.352758689,83.92144357,0.15005308,-223.9521808,-69.76269002,FALSE,4.246856,0.001034524,4.5703483,8.38E-04,3.7878482,0.002496643,11.91590561,,84.61210024,0.255878053,Gaia DR2,1.061974,0.083142,0.0358335,4,LDD_VW3,GOOD,,,TRUE,,,,,,,,,,,,,,,,,,
105,FALSE,Both,FALSE,HD142443,,,,HD 142443,,TYC  361-1148-1,2MASS J15542559+0517385,,4426564136175943424,4426564136175943424,K0,,K0,,,,,,,,,,,,,,,,,,,7.0347,0.0019,8.217,0.017,6.999,0.011,,5.265,0.272,0.272,302991,4.595,0.075,0.076,285700,4.389,0.011,0.018,148190,DEA,dd0,24.3,,,,,,,,,,,,,,,,,,,,,,0.876,1.218,0,0,238.6067681,5.294267723,10.6505704,0.02043418,44.37950089,46.96754111,FALSE,6.582852,1.16E-04,7.1098256,6.58E-04,5.8963213,5.27E-04,93.89168493,,10.61550463,0.038236255,Gaia DR2,0.620725,0.056698,0.136682,0,LDD_VK,GOOD,,,TRUE,,,,,,,,,,,,,,,,,,
105,FALSE,Bright,FALSE,HD142639,,,,HD 142639,,TYC  943-347-1,2MASS J15552158+0913243,,4454606905363567104,4454606905363567104,K0,,K0,,,,,,,,,,,,,,,,,,,7.0673,0.001,8.253,0.016,6.998,0.01,,5.101,0.033,0.037,249477,4.663,0.011,0.018,177300,4.526,0.029,0.033,106174,EEA,000,56.4,,,,,,,,,,,,,,,,,,,,,,0.575,1.255,0,0,238.8399546,9.223353523,5.409671036,0.029379152,-2.739121287,-17.22273078,FALSE,6.6262918,1.19E-04,7.1408496,6.46E-04,5.951946,5.12E-04,184.8541239,,5.422626801,0.045731073,Gaia DR2,0.614163,0.014691,0.774089,0,LDD_VK,GOOD,,,TRUE,,,,,,,,,,,,,,,,,,
105,FALSE,Bright,FALSE,HD139610,,,,HD 139610,,TYC  933-406-1,2MASS J15384955+1036565,,1165297233828406272,1165297233828406272,G5,,G5,,,,,,,,,,,,,,,,,,,7.2613,0.0013,8.327,0.018,7.213,0.011,,5.371,0.009,0.019,215789,4.883,0.011,0.018,166230,4.743,0.019,0.024,78382.7,AAA,000,45.3,,,,,,,,,,,,,,,,,,,,,,0.628,1.114,0,0,234.7065132,10.61573491,5.392251129,0.018418366,17.66445733,-4.399773735,FALSE,6.834188,1.54E-04,7.3288455,5.89E-04,6.173188,6.59E-04,185.4513034,,5.466195219,0.038617199,Gaia DR2,0.52075,0.011707,0.803552,0,LDD_VK,GOOD,,,TRUE,,,,,,,,,,,,,,,,,,
105,FALSE,Faint,FALSE,HD142862,,,,HD 142862,,TYC  365-736-1,2MASS J15564136+0554398,,4426705663934340736,4426705663934340736,K0,,K0,,,,,,,,,,,,,,,,,,,7.5486,0.002,8.8,0.019,7.517,0.012,,5.544,0.015,0.023,218690,4.998,0.013,0.02,171676,4.838,0.005,0.016,91457.6,AAA,000,31,,,,,,,,,,,,,,,,,,,,,,0.706,1.283,0,0,239.1724482,5.910854932,5.13360298,0.022294942,12.02441519,-52.23633678,FALSE,7.0833116,1.43E-04,7.6256547,3.44E-04,6.388262,5.54E-04,194.7949625,,5.114797564,0.03963325,Gaia DR2,0.52735,0.011581,0.651231,0,LDD_VK,GOOD,,,TRUE,,,,,,,,,,,,,,,,,,
105,FALSE,Faint,FALSE,HD143129,,,,HD 143129,,TYC  361-606-1,2MASS J15582874+0445176,,4425713595211465600,4425713595211465600,K0,,K0,,,,,,,,,,,,,,,,,,,7.255,0.0011,8.375,0.017,7.198,0.011,,5.389,0.015,0.023,243686,4.904,0.013,0.02,174707,4.73,0.017,0.023,101023,AAA,000,52.1,,,,,,,,,,,,,,,,,,,,,,0.659,1.177,0,0,239.6196543,4.754925921,4.206716431,0.02719238,-17.96882448,8.267030213,FALSE,6.8265405,1.25E-04,7.323371,7.36E-04,6.1661096,5.06E-04,237.7150959,,4.299961945,0.044190902,Gaia DR2,0.546627,0.012004,0.967702,0,LDD_VK,GOOD,,,TRUE,,,,,,,,,,,,,,,,,,
105,TRUE,Both,FALSE,gam Ser,,,,HD 142860,gam Ser,TYC 1496-2119-1,2MASS J15562720+1539413,WISEA J155627.41+153928.7,1193030490492925824,1193030490492925824,F6V,,F6V,6236,,4.1822,,7.2882,-0.1618,,,,7,SIMBAD mesFe_H,2024A&A...683A.125P,SIMBAD mesFe_H,2024A&A...683A.125P,SIMBAD mesFe_H,2024A&A...683A.125P,SIMBAD mesRot,1970CoAsi.239....1B,3.9456,8.00E-04,4.4,0.014,3.882,0.009,,3.149,0.242,0.242,1000000,2.875,0.224,0.224,952599,2.703,0.314,0.314,676426,DDD,000,33,,J155627.41+153928.7,1.276,,1.159,,2.677,0.007,2.628,0.018,0.8,1.2,149.8,60.1,0.242,0.242,0.111,0,hh00,UUAA,high_exact_id,0.446,0.518,-1.352,0.049,239.1146974,15.65591259,89.56466413,0.18347327,311.1825472,-1282.767037,FALSE,3.694426,0.001130761,3.9963472,0.006399783,3.2928677,0.001809235,11.16511751,,89.46022301,0.343972528,Gaia DR2,0.124319,10.48282,0.0638,,LDD_VW3,GOOD,,,TRUE,,,,,,,,,,,,,,,,,,
105,FALSE,Both,FALSE,HD141589,,,,HD 141589,,TYC  938-369-1,2MASS J15493398+1233316,,1190013155712327552,1190013155712327552,K0,,K0,,,,,,,,,,,,,,,,,,,6.8545,0.0013,7.946,0.017,6.808,0.011,,5.044,0.005,0.018,291628,4.477,0.172,0.172,217826,4.455,0.019,0.024,160111,ECA,000,26.4,,,,,,,,,,,,,,,,,,,,,,0.589,1.138,0,0,237.39157,12.5587777,5.247872365,0.03324873,1.510581617,19.18862632,FALSE,6.4440203,1.26E-04,6.9212656,6.13E-04,5.8004084,6.94E-04,190.5534149,,5.143285054,0.039283,Gaia DR2,0.638021,0.038237,0.0462184,0,LDD_VK,GOOD,,,TRUE,,,,,,,,,,,,,,,,,,
105,FALSE,Faint,FALSE,HD141827,,,,HD 141827,,TYC  955-618-1,2MASS J15504193+1307363,,1190074144248144640,1190074144248144640,K2,,K2,,,,,,,,,,,,,,,,,,,8.0025,0.0024,9.797,0.031,8.027,0.014,,5.243,0.017,0.024,309193,4.543,0.041,0.044,270215,4.368,0.019,0.024,199168,AAA,000,40.8,,,,,,,,,,,,,,,,,,,,,,0.875,1.77,0,0,237.6748123,13.12682783,1.920684078,0.031011328,3.99827482,5.778189553,FALSE,7.3177605,3.47E-04,8.105967,0.001579146,6.4510946,0.001304018,520.6478314,,1.906834876,0.04990023,Gaia DR2,0.719075,0.018101,0.0538305,0,LDD_VK,GOOD,,,TRUE,,,,,,,,,,,,,,,,,,
105,FALSE,Faint,FALSE,HD143896,,,,HD 143896,,TYC  944-830-1,2MASS J16023739+0850491,,4454664011249426304,4454664011249426304,K5,,K5,,,,,,,,,,,,,,,,,,,8.2447,0.0025,9.992,0.028,8.301,0.014,,5.409,0.015,0.023,231116,4.589,0.196,0.196,189806,4.407,0.003,0.015,140806,ACA,000,26,,,,,,,,,,,,,,,,,,,,,,1.002,1.691,0,0,240.6557709,8.846854987,2.085657701,0.059285916,-1.598362411,-14.52752736,FALSE,7.5385327,2.87E-04,8.381208,9.54E-04,6.632599,0.001086713,479.4650624,,1.901365443,0.051610071,Gaia DR2,0.729852,0.049203,0.068879,0,LDD_VK,GOOD,,,TRUE,,,,,,,,,,,,,,,,,,
105,FALSE,Bright,FALSE,HD143257,,,,HD 143257,,TYC 1496-572-1,2MASS J15584908+1612399,,1193169819234907392,1193169819234907392,K2,,K2,,,,,,,,,,,,,,,,,,,7.8608,0.0014,9.631,0.025,7.882,0.013,,5.153,0.033,0.037,292570,4.485,0.033,0.036,256986,4.316,0.003,0.015,128831,EEA,000,16.7,,,,,,,,,,,,,,,,,,,,,,0.837,1.749,0,0,239.7044302,16.21094908,3.04613768,0.020008622,-18.82368619,-29.79574812,FALSE,7.212813,2.17E-04,7.9743333,7.70E-04,6.363047,8.22E-04,328.2845705,,3.061191786,0.039361136,Gaia DR2,0.734505,0.017574,0.00484442,0,LDD_VK,GOOD,,,TRUE,,,,,,,,,,,,,,,,,,
105,FALSE,Bright,FALSE,HD140346,,,,HD 140346,,TYC  363-264-1,2MASS J15425162+0653021,,4430570790904859392,4430570790904859392,K0,,K0,,,,,,,,,,,,,,,,,,,7.2588,0.0019,8.597,0.018,7.222,0.011,,5.068,0.033,0.037,266214,4.539,0.033,0.036,212966,4.381,0.005,0.016,154533,EEA,000,25.1,,,,,,,,,,,,,,,,,,,,,,0.687,1.375,0,0,235.7149409,6.883891875,6.916244887,0.03937342,-49.78475014,-5.816998904,FALSE,6.7601237,1.81E-04,7.3492627,0.001298646,6.0295663,0.001443274,144.5871302,,6.851514656,0.06460099,Gaia DR2,0.664605,0.015897,0.104663,0,LDD_VK,GOOD,,,TRUE,,,,,,,,,,,,,,,,,,
105,TRUE,Both,FALSE,b Aql,,,,HD 182572,b Aql,TYC 1063-519-1,2MASS J19245822+1156401,,4315804351350378496,4315804351350378496,G7IVHdel1,,G7IV,5676,,4.21,,7.858,0.408,,,,1.2,SIMBAD mesFe_H,2019A&A...629A..80H,SIMBAD mesFe_H,2019A&A...629A..80H,SIMBAD mesFe_H,2019A&A...629A..80H,SIMBAD mesRot,2012A&A...547A.106M,5.309,4.00E-04,6.1,0.014,5.243,0.009,,3.553,0.206,0.206,904128,3.327,0.214,0.214,493299,3.037,0.32,0.32,364435,CCD,000,31.7,,,,,,,,,,,,,,,,,,,,,,0.516,0.857,0,0,291.2457766,11.94727112,67.01526888,0.065657094,721.2921943,642.9684533,FALSE,4.9713717,5.56E-04,5.349818,5.23E-04,4.4456034,0.001614863,14.92197251,,66.84801253,0.09133923,Gaia DR2,1.12727,0.120321,0.0921999,0,LDD_VK,GOOD,,,TRUE,,,,,,,,,,,,,,,,,,
105,FALSE,Faint,FALSE,HD178665,,,,HD 178665,,TYC  475-1578-1,2MASS J19092123+0605287,,4305681113407416064,4305681113407416064,K2,,K2,,,,,,,,,,,,,,,,,,,,,9.996,0.029,8.134,0.014,,5.253,0.015,0.023,224507,4.582,0.031,0.034,172230,4.334,0.009,0.017,122411,AEA,000,15,,,,,,,,,,,,,,,,,,,,,,0.919,1.862,0,0,287.3384985,6.091250064,3.728665043,0.01908486,9.347770165,-14.04475486,FALSE,7.3736157,3.12E-04,8.223929,0.001492919,6.473862,8.12E-04,268.1925001,,3.786788941,0.044568474,Gaia DR2,0.723513,0.016985,0.558433,0,LDD_VK,GOOD,,,TRUE,,,,,,,,,,,,,,,,,,
105,FALSE,Faint,FALSE,HD178596,,,,HD 178596,,TYC  475-1667-1,2MASS J19085991+0604235,WISE J190859.91+060422.8,4305679773377634944,4305679773377634944,F0III-IV,,F0III,,,,,,,,,,,,,,,,,,,5.3163,6.00E-04,5.634,0.014,5.269,0.009,,4.528,0.27,0.27,422892,4.357,0.198,0.198,243282,4.334,0.007,0.016,126713,DCA,000,16.5,,J190859.89+060422.7,4.268,0.229,4.034,0.134,4.381,0.014,4.459,0.035,4.7,8.1,79.2,30.7,0.234,0.216,0,0,hh00,BBAA,medium_region_from_id; match_radius_arcsec=0.192,0.194,0.365,-0.191,-0.078,287.2495867,6.072861853,21.0662393,0.37026504,-13.02443075,-80.08548781,FALSE,5.1118045,0.00256857,5.322387,8.22E-04,4.830798,0.003429949,47.46931742,,22.9562856,0.239676798,Gaia DR2,0.535747,0.048947,0.00811106,0,LDD_VW3,GOOD,,,TRUE,,,,,,,,,,,,,,,,,,
105,FALSE,Faint,FALSE,HD186202,,,,HD 186202,,TYC 1065-2302-1,2MASS J19423256+1247204,,4316766973787838592,4316766973787838592,K2,,K2,,,,,,,,,,,,,,,,,,,,,9.618,0.019,7.947,0.011,,5.227,0.011,0.02,246394,4.517,0.033,0.036,224962,4.375,0.019,0.024,106272,AEA,000,16.6,,,,,,,,,,,,,,,,,,,,,,0.852,1.671,0,0,295.6357418,12.78892515,2.112117142,0.017904086,11.02049777,-2.3034448,FALSE,7.284919,2.05E-04,8.050531,6.35E-04,6.4324503,8.84E-04,473.4585881,,2.147068978,0.051471665,Gaia DR2,0.716314,0.017018,0.267315,0,LDD_VK,GOOD,,,TRUE,,,,,,,,,,,,,,,,,,
106,TRUE,Both,FALSE,bet Hyi,,,,HD   2151,bet Hyi,TYC 9350-1626-1,2MASS J00254416-7715157,,4683897617108299136,4683897617110115200,G0V,,G0V,5775,,3.672,,7.088,-0.362,,,,2.64,SIMBAD mesFe_H,2023ApJS..266...11B,SIMBAD mesFe_H,2023ApJS..266...11B,SIMBAD mesFe_H,2023ApJS..266...11B,SIMBAD mesRot,2010A&A...520A..79M,2.9305,3.00E-04,3.543,0.014,2.855,0.009,,1.676,0.296,0.296,1000000,1.434,0.22,0.22,1000000,1.372,0.248,0.248,1000000,DDD,000,69.7,,,,,,,,,,,,,,,,,,,,,,0.304,0.688,0,0,6.482504988,-77.25279547,133.7194056,0.27199635,2218.984548,326.4445418,FALSE,2.6807318,0.003125426,3.2956264,0.023435993,2.371489,0.012735045,7.478346137,,,,Gaia DR2,2.300384,0.229482,0.00571116,0,LDD_VK,GOOD,,,TRUE,,,,,,,,,,,,,,,,,,
106,FALSE,Both,FALSE,lam_Tuc,,,,HD   5457,lam Tuc,TYC 9135-1892-1,2MASS J00550032-6931375,,4691986930313219072,4691986930313219072,K2III,,K2III,,,,,,,,,,,,,,,,,,,5.6126,6.00E-04,6.838,0.015,5.574,0.009,,3.699,0.276,0.276,1000000,3.06,0.258,0.258,1000000,2.975,0.254,0.254,526526,DDD,00d,49.2,,,,,,,,,,,,,,,,,,,,,,0.724,1.264,0,0,13.75138427,-69.52727839,14.47262113,0.05503774,6.93099915,-43.59331526,FALSE,5.136412,5.90E-04,5.6899285,7.97E-04,4.4331384,0.004272443,69.09598416,,14.62135622,0.081737307,Gaia DR2,1.27926,0.118481,0.0193768,0,LDD_VK,GOOD,,,TRUE,,,,,,,,,,,,,,,,,,
106,FALSE,Bright,FALSE,sig_Pav,,,,HD 197635,sig Pav,TYC 9321-989-1,2MASS J20491818-6846354,,6376446990401750272,6376446990405132416,K0III,,K0III,,,,,,,,,,,,,,,,,,,5.5814,5.00E-04,6.867,0.014,5.534,0.009,,3.549,0.238,0.238,1000000,2.95,0.198,0.198,858836,2.874,0.266,0.266,619184,DCD,000,55.2,,,,,,,,,,,,,,,,,,,,,,0.675,1.333,0,0,312.3249274,-68.77674197,10.12513943,0.061788227,-64.1196218,-49.68816373,FALSE,5.103087,5.19E-04,5.6621294,7.29E-04,4.398099,0.002076632,98.764072,,10.06929363,0.088954199,Gaia DR2,1.330091,0.11895,0.00981911,0,LDD_VK,GOOD,,,TRUE,,,,,,,,,,,,,,,,,,
106,FALSE,Bright,FALSE,HD_4332,,,,HD   4332,,TYC 8844-186-1,2MASS J00445466-6311479,,4710044411638656128,4710044411638656128,K4II/IIICNIV/V,,K4II,,,,,,,,,,,,,,,,,,,7.0666,0.0018,8.913,0.016,7.112,0.01,,4.198,0.23,0.23,635668,3.329,0.194,0.194,627061,3.171,0.244,0.244,424639,DCD,000,29.5,,,,,,,,,,,,,,,,,,,,,,1.027,1.801,0,0,11.22782074,-63.19678855,2.36230936,0.014780653,12.81634392,-38.11646885,FALSE,6.3470807,4.79E-04,7.2074614,0.002267354,5.4323754,0.001306065,423.3145823,,2.369013467,0.024462843,Gaia DR2,1.283977,0.105887,0.0728923,0,LDD_VK,GOOD,,,TRUE,,,,,,,,,,,,,,,,,,
106,FALSE,Faint,FALSE,kap_Hyi,,,,HD  15248,kap Hyi,TYC 9150-88-1,2MASS J02225235-7338448,,4643560452496180992,4643560452496180992,K1III,,K1III,,,,,,,,,,,,,,,,,,,6.1606,9.00E-04,7.391,0.015,6.109,0.01,,4.213,0.278,0.278,771312,3.584,0.222,0.222,569259,3.55,0.21,0.21,289348,DDC,000,40.9,,,,,,,,,,,,,,,,,,,,,,0.663,1.282,0,0,35.71669851,-73.64574,9.213282573,0.020611668,-79.62880301,11.79765896,FALSE,5.7000146,4.61E-04,6.238618,0.001325419,5.0081587,0.0013592,108.5389482,,9.252141346,0.041822028,Gaia DR2,0.985991,0.091945,0.0229643,0,LDD_VK,GOOD,,,TRUE,,,,,,,,,,,,,,,,,,
106,FALSE,Faint,FALSE,HR_8432,,,,HD 210056,,TYC 9475-1288-1,2MASS J22115498-7606576,,6357337753190592000,6357337753190592000,K0III,,K0III,,,,,,,,,,,,,,,,,,,6.2974,7.00E-04,7.413,0.015,6.239,0.009,,4.669,0.224,0.224,441398,3.911,0.248,0.248,379761,3.877,0.286,0.286,221626,DDD,d00,49,,,,,,,,,,,,,,,,,,,,,,0.792,1.174,0,0,332.9780014,-76.11619969,11.16561229,0.02047939,-59.35097785,-40.00504842,FALSE,5.86518,3.00E-04,6.368309,7.43E-04,5.1972637,0.00122923,89.56069526,,11.19639614,0.024191072,Gaia DR2,0.804442,0.077072,0.147559,0,LDD_VK,GOOD,,,TRUE,,,,,,,,,,,,,,,,,,
106,TRUE,Both,FALSE,gam Lep,,,,HD  38393,gam Lep,TYC 5930-2197-1,2MASS J05442780-2226538,WISE J054427.84-222658.3,2964000159820118400,2964000159821218432,F6V,,F6V,6386,,4.345,,7.3,-0.15,,,,15,SIMBAD mesFe_H,2023ApJS..266...11B,SIMBAD mesFe_H,2023ApJS..266...11B,SIMBAD mesFe_H,2023ApJS..266...11B,SIMBAD mesRot,1970CoAsi.239....1B,3.6977,4.00E-04,4.162,0.014,3.638,0.009,,2.804,0.276,0.276,1000000,2.606,0.236,0.236,1000000,2.508,0.228,0.228,755475,DDD,000,52.2,,,,,,,,,,,,,,,,,,,,,,0.296,0.524,0,0,86.11439123,-22.45002336,112.2960282,0.14516802,-291.7567767,-368.5208158,FALSE,3.476823,0.001116125,3.796859,0.008292537,3.0440361,0.001678504,8.905034452,,112.6108838,0.316218227,Gaia DR2,1.273062,0.118316,0.00373541,0,LDD_VK,GOOD,,,TRUE,,,,,,,,,,,,,,,,,,
106,FALSE,Both,FALSE,HD_38295,,,,HD  38295,,TYC 5929-1418-1,2MASS J05434650-2125430,,2964408456592764160,2964408456592764160,K0III,,K0III,,,,,,,,,,,,,,,,,,,6.8503,8.00E-04,7.966,0.016,6.796,0.01,,5.083,0.033,0.037,334372,4.655,0.075,0.076,198112,4.391,0.001,0.015,138045,EEE,000,19.1,,,,,,,,,,,,,,,,,,,,,,0.692,1.17,0,0,85.94377886,-21.42870122,5.449325734,0.017038805,3.774117039,-9.886481462,TRUE,6.4361324,7.83E-05,6.916458,3.81E-04,5.7897205,4.27E-04,183.508942,,5.39615705,0.026485347,Gaia DR2,0.619909,0.020028,0.70855,0,LDD_VK,GOOD,,,TRUE,,,,,,,,,,,,,,,,,,
106,FALSE,Bright,TRUE,HR_2090,,,,HD  40235,,TYC 6491-1059-1,2MASS J05563443-2312551,,2916449786611527936,2916449786611527936,K0III,,K0III,,,,,,,,,,,,,,,,,,,6.5335,6.00E-04,7.726,0.015,6.48,0.009,,4.832,0.274,0.274,379866,4.13,0.22,0.22,289674,4.04,0.236,0.236,178000,DDD,00d,21.2,,,,,,,,,,,,,,,,,,,,,,0.792,1.246,0,0,89.14356166,-23.21518063,6.861242602,0.018749889,13.81678558,29.4476809,FALSE,6.0745955,1.55E-04,6.6079698,6.29E-04,5.3831077,9.94E-04,145.7461947,,6.835059424,0.026005564,Gaia DR2,0.744197,0.06845,0.104117,0,LDD_VK,GOOD,,,TRUE,,,,,,,,,,,,,,,,,,
106,FALSE,Faint,TRUE,HD_42747,,,,HD  42747,,TYC 5937-2785-1,2MASS J06114310-1811099,,2942773538088829952,2942773538088829952,K0III,,K0III,,,,,,,,,,,,,,,,,,,6.7691,5.00E-04,7.866,0.014,6.705,0.01,,5.161,0.26,0.26,382851,4.531,0.24,0.24,347944,4.382,0.033,0.036,149149,DDE,000,37.6,,,,,,,,,,,,,,,,,,,,,,0.779,1.161,0,0,92.92954571,-18.18597757,5.011005145,0.017906832,-10.71348853,22.21055995,FALSE,6.361942,1.24E-04,6.8345833,5.25E-04,5.7237043,8.67E-04,199.560761,,4.9431182,0.033734853,Gaia DR2,0.62262,0.054493,0.0952676,0,LDD_VK,GOOD,,,TRUE,,,,,,,,,,,,,,,,,,
106,TRUE,Both,FALSE,ksi Gem,,,,HD  48737,ksi Gem,TYC  754-2356-1,2MASS J06451737+1253438,WISE J064517.26+125342.1,3352485999057276672,3352485999058854912,F5IV-V,,F5IV,6480,,3.83,,7.48,0.03,,,,66,SIMBAD mesFe_H,2023ApJS..266...41P,SIMBAD mesFe_H,2023ApJS..266...41P,SIMBAD mesFe_H,2023ApJS..266...41P,SIMBAD mesRot,1970CoAsi.239....1B,3.4417,5.00E-04,3.853,0.014,3.377,0.009,,1.996,0.23,0.23,1000000,1.811,0.168,0.168,1000000,1.688,0.22,0.22,1000000,DCD,000,48.8,,,,,,,,,,,,,,,,,,,,,,0.308,0.476,0,0,101.3218297,12.89474309,54.18943837,0.2369236,-114.5640129,-191.6709711,FALSE,3.2463484,0.002477836,3.5377839,0.016055216,2.8452327,0.007198521,18.45378048,,54.84698974,0.455260992,Gaia DR2,1.948367,0.152824,0.0200397,0,LDD_VK,GOOD,,,TRUE,,,,,,,,,,,,,,,,,,
106,FALSE,Both,FALSE,HR_2426,,,,HD  47156,,TYC  737-643-1,2MASS J06373689+1051118,,3327794953625803776,3327794953625803776,K0,,K0,,,,,,,,,,,,,,,,,,,6.5288,8.00E-04,8.15,0.018,6.539,0.011,,4.245,0.292,0.292,568107,3.377,0.244,0.244,713034,3.281,0.262,0.262,358113,DDD,000,31.7,,,,,,,,,,,,,,,,,,,,,,0.964,1.611,0,0,99.40354958,10.8531521,5.642167054,0.034781992,-38.98995527,-32.15272773,FALSE,5.9275165,5.04E-04,6.636025,0.001612255,5.1115065,0.001677307,177.2368649,,5.585879088,0.061337886,Gaia DR2,1.111046,0.108578,0.151494,0,LDD_VK,GOOD,,,TRUE,,,,,,,,,,,,,,,,,,
106,FALSE,Bright,FALSE,12_Mon,,,,HD  46241,,TYC  154-2464-1,2MASS J06321922+0451214,,3131331226678059008,3131331226678059008,K0III,,K0III,,,,,,,,,,,,,,,,,,,6.024,0.0014,7.113,0.016,5.953,0.01,,4.327,0.282,0.282,604825,3.709,0.22,0.22,473489,3.689,0.208,0.208,272785,DDC,000,23.5,,,,,,,,,,,,,,,,,,,,,,0.638,1.16,0,0,98.07984813,4.856004211,7.055284699,0.03873951,-37.68615733,1.335824735,FALSE,5.6021695,5.89E-04,6.091587,0.001144397,4.9449315,0.002792794,141.7377247,,6.996152135,0.076532978,Gaia DR2,0.89671,0.084767,0.0330156,0,LDD_VK,GOOD,,,TRUE,,,,,,,,,,,,,,,,,,
106,FALSE,Bright,FALSE,HR_2610,,,,HD  51814,,TYC  153-2500-1,2MASS J06585702+0336083,,3127973043290001152,3127973043290001152,K0II/III,,K0II,,,,,,,,,,,,,,,,,,,6.1308,6.00E-04,7.293,0.015,6.064,0.009,,4.364,0.234,0.234,605104,3.771,0.24,0.24,496032,3.644,0.272,0.272,294320,DDD,000,27.9,,,,,,,,,,,,,,,,,,,,,,0.72,1.229,0,0,104.7375835,3.60233958,4.277604495,0.03521116,-4.060222962,-3.631402306,FALSE,5.697221,5.33E-04,6.201847,9.60E-04,5.0257897,0.001158125,233.7757035,,4.214335984,0.058681531,Gaia DR2,0.896161,0.081856,0.0288397,0,LDD_VK,GOOD,,,TRUE,,,,,,,,,,,,,,,,,,
106,FALSE,Faint,FALSE,HR_2342,,,,HD  45512,,TYC  736-866-1,2MASS J06281881+1018141,,3327563059754786048,3327563059754786048,K2III-IV,,K2III,,,,,,,,,,,,,,,,,,,6.3282,0.0013,7.664,0.016,6.286,0.01,,4.319,0.29,0.29,530677,3.689,0.224,0.224,465919,3.562,0.266,0.266,249241,DDD,000,34.7,,,,,,,,,,,,,,,,,,,,,,0.757,1.378,0,0,97.07851023,10.30370242,11.87963351,0.11674352,27.49125156,-43.44698899,FALSE,5.831321,0.001073253,6.4048066,0.001685909,5.1178675,0.002119777,84.17768097,,11.78830314,0.052480278,Gaia DR2,0.975456,0.094704,0.0132154,0,LDD_VK,GOOD,,,TRUE,,,,,,,,,,,,,,,,,,
106,FALSE,Faint,FALSE,_HR_239,,,,HD   4849,,TYC 7538-711-1,2MASS J00500376-4323417,,4985824231651870080,4985824231651870080,A9/F0III,,A9III,,,,,,,,,,,,,,,,,,,6.5686,0.001,6.825,0.015,6.512,0.01,,5.926,0.019,0.026,153826,5.896,0.037,0.04,75077.5,5.776,0.019,0.024,44260.9,AAA,000,15.9,,,,,,,,,,,,,,,,,,,,,,0.15,0.313,0,0,12.51575558,-43.39486761,10.29178869,0.10426909,8.708390531,22.43607861,TRUE,6.4376984,1.90E-04,6.5680084,4.88E-04,6.1841497,7.86E-04,97.16483989,,10.11409296,0.057814318,Gaia DR2,0.266506,0.007174,0.455938,4,LDD_VK,GOOD,,,TRUE,,,,,,,,,,,,,,,,,,
106,TRUE,Both,FALSE,rho Pup,,,,HD  67523,rho Pup,TYC 6555-3245-1,2MASS J08073264-2418154,,5698015743040715264,5698015743046182272,F5IIkF2IImF5II,,F5II,6346,,2.396,,7.535,0.085,,,,15,SIMBAD mesFe_H,2023ApJS..266...11B,SIMBAD mesFe_H,2023ApJS..266...11B,SIMBAD mesFe_H,2023ApJS..266...11B,SIMBAD mesRot,1970CoAsi.239....1B,2.9157,0.0038,3.322,0.014,2.842,0.009,,2.171,0.316,0.316,1000000,2.084,0.208,0.208,1000000,2.022,0.254,0.254,1000000,DCD,000,50,,,,,,,,,,,,,,,,,,,,,,0.149,0.48,0,0,121.88563,-24.30411555,51.39988628,0.2445377,-82.88573139,46.92999525,FALSE,2.7505891,0.002330039,3.302004,0.027607223,2.5121741,0.014427274,19.45529596,,49.67593342,0.540625041,Gaia DR2,1.588167,0.167906,0.00967187,4,LDD_VK,GOOD,,,TRUE,,,,,,,,,,,,,,,,,,
106,FALSE,Both,FALSE,HR_3317,,,,HD  71231,,TYC 6002-1632-1,2MASS J08253936-1726219,,5708283120053959808,5708283120053959808,K1III,,K1III,,,,,,,,,,,,,,,,,,,6.6006,8.00E-04,8.055,0.016,6.56,0.01,,4.571,0.232,0.232,483092,3.873,0.256,0.256,379936,3.782,0.23,0.23,210678,DDD,000,22.2,,,,,,,,,,,,,,,,,,,,,,0.789,1.495,0,0,126.4139565,-17.43941411,4.428635845,0.023768242,-11.18796812,-1.523435566,FALSE,6.0866137,2.71E-04,6.692686,0.001185755,5.3441873,0.001030408,225.8031672,,4.341492767,0.033057157,Gaia DR2,0.877822,0.07571,0.0518675,0,LDD_VK,GOOD,,,TRUE,,,,,,,,,,,,,,,,,,
106,FALSE,Faint,FALSE,HD_65181,,,,HD  65181,,TYC 6557-896-1,2MASS J07563773-2524515,,5698256673536180352,5698256673527959936,K3III,,K3III,,,,,,,,,,,,,,,,,,,,,9.534,0.018,7.739,0.01,,5.059,0.033,0.037,353859,4.406,0.29,0.29,317329,4.095,0.033,0.036,169208,EDE,000,24.1,,,,,,,,,,,,,,,,,,,,,,0.964,1.795,0,0,119.1572099,-25.41434583,1.838190386,0.018077975,-1.350121115,-4.543546397,FALSE,7.0451875,1.66E-04,7.8202176,5.17E-04,6.1874404,3.90E-04,544.0132903,,1.705138212,0.031990178,Gaia DR2,0.788209,0.076531,0.0456345,0,LDD_VK,GOOD,,,TRUE,,,,,,,,,,,,,,,,,,
106,FALSE,Faint,FALSE,HD_70942,,,,HD  70942,,TYC 6006-4295-1,2MASS J08240840-1908089,,5707448315851133184,5707448315852774016,K0III,,K0III,,,,,,,,,,,,,,,,,,,7.0449,0.0015,8.45,0.017,7.019,0.011,,4.932,0.254,0.254,371219,4.137,0.228,0.228,392744,4.045,0.25,0.25,177182,DDD,000,30.2,,,,,,,,,,,,,,,,,,,,,,0.887,1.431,0,0,126.0347387,-19.13615766,4.343029766,0.02149692,-59.44126946,-69.01687888,TRUE,6.50289,1.28E-04,7.134554,4.88E-04,5.7356195,5.07E-04,230.2540056,,4.340368349,0.034539061,Gaia DR2,0.769955,0.06592,0.146231,0,LDD_VK,GOOD,,,TRUE,,,,,,,,,,,,,,,,,,
106,FALSE,Bright,FALSE,HD_59936,,,,HD  59936,,TYC 5987-557-1,2MASS J07313017-1930408,,5716554093201800832,5716554093201800832,K2III,,K2III,,,,,,,,,,,,,,,,,,,7.6416,0.0014,9.535,0.02,7.719,0.011,,5.025,0.276,0.276,286702,3.955,0.272,0.272,340338,3.823,0.278,0.278,217380,DDD,00d,29.7,,,,,,,,,,,,,,,,,,,,,,1.202,1.816,0,0,112.875702,-19.51131061,0.717247949,0.018735778,-4.671678406,1.895464999,FALSE,6.894827,2.39E-04,7.7793765,7.32E-04,5.969451,7.60E-04,1394.217998,,0.660932565,0.030582374,Gaia DR2,0.899452,0.083878,0.366727,0,LDD_VK,GOOD,,,TRUE,,,,,,,,,,,,,,,,,,
106,FALSE,Bright,FALSE,HD_63734,,,,HD  63734,,TYC 5989-2854-1,2MASS J07494076-1930199,,5715806665811908608,5715806665811908608,K2III,,K2III,,,,,,,,,,,,,,,,,,,6.6512,0.001,8.09,0.015,6.617,0.009,,4.821,0.258,0.258,456068,4.094,0.238,0.238,485635,3.945,0.236,0.236,208171,DDD,d00,24.2,,,,,,,,,,,,,,,,,,,,,,0.876,1.473,0,0,117.4195494,-19.50558067,8.455784732,0.019284135,-61.13962304,-14.12844072,FALSE,6.107049,2.86E-04,6.713671,0.001410773,5.3635316,0.001098751,118.2622349,,8.378753048,0.029850024,Gaia DR2,0.793818,0.068972,0.128599,0,LDD_VK,GOOD,,,TRUE,,,,,,,,,,,,,,,,,,
106,TRUE,Both,FALSE,psi Vel,,,,HD  82434,psi Vel,TYC 7696-2620-1,2MASS J09304200-4028004,,,5426587107149861120,F3VFe-0.7,,F3V,6837,,3.77,,NaN,NaN,,,,201,SIMBAD mesFe_H,2003AJ....125.1598L,SIMBAD mesFe_H,2003AJ....125.1598L,SIMBAD mesFe_H,2003AJ....125.1598L,SIMBAD mesRot,1970CoKwa.189....0U,3.6577,0.0004,4.006,0.002,3.624,0.002,,2.822,0.296,0.296,1000000,2.7,0.234,0.234,1000000,2.673,0.268,0.268,671769,DDD,000,44.4,,,,,,,,,,,,,,,,,,,,,,0.149,0.382,0,0,142.6739667,-40.46656019,53.15,,-147.98,61.35,FALSE,4.9442453,,3.6855083,,3.2226417,,18.81467545,,,,,1.18E+00,9.920121,0.013,,LDD_VK,GOOD,,,TRUE,,,,,,,,,,,,,,,,,,
106,FALSE,Both,FALSE,HR_3729,,,,HD  81134,,TYC 7695-1553-1,2MASS J09223657-3946311,,5429538196359139840,5429538196359139840,K2III,,K2III,,,,,,,,,,,,,,,,,,,6.6964,8.00E-04,7.984,0.016,6.642,0.009,,4.92,0.3,0.3,362602,4.368,0.075,0.076,306697,4.205,0.298,0.298,169598,DED,000,24.5,,,,,,,,,,,,,,,,,,,,,,0.715,1.342,0,0,140.651941,-39.7750203,7.382725224,0.01664867,-76.15512155,59.66136684,FALSE,6.2287793,1.36E-04,6.7739024,6.56E-04,5.5312037,0.001272499,135.4513367,,7.320121081,0.028842634,Gaia DR2,0.705168,0.070718,0.012711,0,LDD_VK,GOOD,,,TRUE,,,,,,,,,,,,,,,,,,
106,FALSE,Faint,FALSE,HD_76437,,,,HD  76437,,TYC 7146-1932-1,2MASS J08550165-3408356,,5627625042988938112,5627625042988938112,K1III,,K1III,,,,,,,,,,,,,,,,,,,7.3183,0.001,8.596,0.016,7.27,0.01,,5.295,0.013,0.021,247988,4.748,0.003,0.015,194854,4.601,0.009,0.017,99087.8,AAA,000,15.6,,,,,,,,,,,,,,,,,,,,,,0.694,1.326,0,0,133.7569295,-34.14348727,8.012899024,0.016646551,4.837771225,-63.9699822,FALSE,6.8497763,1.13E-04,7.397968,4.35E-04,6.1508718,3.46E-04,124.7987772,,7.956334606,0.031634118,Gaia DR2,0.59828,0.013002,0.201713,0,LDD_VK,GOOD,,,TRUE,,,,,,,,,,,,,,,,,,
106,FALSE,Faint,FALSE,HD_84369,,,,HD  84369,,TYC 7697-3285-1,2MASS J09434454-4114260,,5431414890909314432,5431414890909314432,K2III,,K2III,,,,,,,,,,,,,,,,,,,7.7357,0.0013,9.253,0.017,7.721,0.011,,5.349,0.015,0.023,220206,4.71,0.041,0.044,175756,4.474,0.015,0.021,127885,AEA,000,20.8,,,,,,,,,,,,,,,,,,,,,,0.875,1.532,0,0,145.9356209,-41.24075377,3.567858639,0.03289669,0.105867816,-44.24561252,FALSE,7.166883,1.43E-04,7.8338556,6.10E-04,6.378039,5.60E-04,280.2801628,,3.512212801,0.032303503,Gaia DR2,0.648798,0.016322,0.953039,0,LDD_VK,GOOD,,,TRUE,,,,,,,,,,,,,,,,,,
106,FALSE,Bright,FALSE,HD_79810,,,,HD  79810,,TYC 7690-827-1,2MASS J09144372-4327532,,5427012343272768384,5427012343272768384,K0III,,K0III,,,,,,,,,,,,,,,,,,,6.972,8.00E-04,8.271,0.015,6.927,0.01,,5.109,0.26,0.26,274682,4.417,0.218,0.218,238292,4.239,0.021,0.026,153398,DDE,000,17.4,,,,,,,,,,,,,,,,,,,,,,0.87,1.344,0,0,138.6818877,-43.46463915,6.830682303,0.018078463,-37.18623201,39.53476383,FALSE,6.506522,1.46E-04,7.054814,4.45E-04,5.7963386,5.47E-04,146.3982594,,6.818906135,0.02576997,Gaia DR2,0.674994,0.059076,0.128232,0,LDD_VK,GOOD,,,TRUE,,,,,,,,,,,,,,,,,,
106,FALSE,Bright,FALSE, HD_84900,,,,HD  84900,,TYC 7172-1623-1,2MASS J09473650-3314370,,5438948985099203328,5438948985099203328,K0III,,K0III,,,,,,,,,,,,,,,,,,,6.7972,6.00E-04,7.897,0.014,6.741,0.009,,5.103,0.278,0.278,276204,4.544,0.258,0.258,211987,4.499,0.27,0.27,120731,DDD,00d,24.1,,,,,,,,,,,,,,,,,,,,,,0.604,1.156,0,0,146.9023995,-33.24390398,4.057056028,0.017971074,50.62134096,-50.30768692,FALSE,6.3750153,9.27E-05,6.864489,3.89E-04,5.7203417,4.67E-04,246.4841484,,4.009288536,0.035332207,Gaia DR2,0.614205,0.057277,0.0122794,0,LDD_VK,GOOD,,,TRUE,,,,,,,,,,,,,,,,,,
106,TRUE,Both,FALSE,alf Cmi,,,,HD  61421,alf Cmi,TYC  187-2184-1,2MASS J07391805+0513298,,,,F5IV-V+DQZ,,F5IV,6700,,4.3,,NaN,NaN,,,,3,SIMBAD mesFe_H,2024MNRAS.532..394J,SIMBAD mesFe_H,2024MNRAS.532..394J,SIMBAD mesFe_H,2024MNRAS.532..394J,SIMBAD mesRot,1970CoAsi.239....1B,0.4607,0.0017,,,0.461,0.002,,-0.498,0.15,0.151,1000000,-0.666,0.27,0.27,1000000,-0.658,0.322,0.322,1000000,BDD,000,154,,,,,,,,,,,,,,,,,,,,,,0.16,-0.461,0,0,"	114.82549791",5.22498756,284.56,1.26,,,,,,,,,,3.514197357,,284.56,1.26,2007A&A...474..653V,5.665395,0.612658,0.0192643,4,LDD_VK,GOOD,,,TRUE,,,,,,,,,,,,,,,,,,
106,FALSE,Bright,FALSE,HR_2729,,,,HD  55751,,TYC  167-4147-1,2MASS J07142006+0306411,,3115290829498908288,3115290829498908288,K0III,,K0III,,,,,,,,,,,,,,,,,,,5.5307,6.00E-04,6.917,0.015,5.48,0.009,,3.468,0.236,0.236,1000000,2.927,0.192,0.192,1000000,2.675,0.234,0.234,1000000,DCD,000,34.5,,,,,,,,,,,,,,,,,,,,,,0.793,1.437,0,0,108.5835754,3.111407905,4.215075293,0.14276962,-4.346214824,-2.105793599,FALSE,5.0089965,0.001291198,5.612632,0.001201282,4.2950644,0.002302143,237.2436862,,5.186602542,0.170854692,Gaia DR2,1.403156,0.11213,0.0581588,0,LDD_VK,GOOD,,,TRUE,,,,,,,,,,,,,,,,,,
106,FALSE,Bright,FALSE,HD_63241,,,,HD  63241,,TYC  188-285-1,2MASS J07480342+0524354,,3137799103829904384,3137799103829904384,K0,,K0,,,,,,,,,,,,,,,,,,,6.7324,0.0011,8.728,0.021,6.787,0.011,,3.983,0.264,0.264,920937,3.056,0.194,0.194,991996,2.85,0.258,0.258,633024,DCD,000,37.1,,,,,,,,,,,,,,,,,,,,,,1.133,1.941,0,0,117.0142385,5.40969563,2.350954669,0.037575718,-1.478866673,-26.12180248,FALSE,5.976413,3.20E-04,6.8814497,0.001441455,5.031241,0.002063585,425.3591161,,2.027000126,0.050595932,Gaia DR2,1.38004,0.122539,0.210344,0,LDD_VK,GOOD,,,TRUE,,,,,,,,,,,,,,,,,,
106,FALSE,Bright,FALSE,27_Mon,,,,HD  65695,,TYC 4837-3335-1,2MASS J07594415-0340464,,3068999225306100480,3068999225306100480,K1III,,K1III,,,,,,,,,,,,,,,,,,,5.0967,6.00E-04,6.485,0.014,5.069,0.009,,2.996,0.294,0.294,1000000,2.336,0.252,0.252,1000000,2.192,0.276,0.276,943235,DDD,000,63.8,,,,,,,,,,,,,,,,,,,,,,0.804,1.416,0,0,119.9337316,-3.679597614,10.36449175,0.114399366,-53.77232723,-2.687431411,FALSE,4.560082,7.66E-04,5.1861773,9.13E-04,3.8117592,0.003044243,96.48326463,,10.24243073,0.179076568,Gaia DR2,1.817591,0.178783,0.0247167,0,LDD_VK,GOOD,,,TRUE,,,,,,,,,,,,,,,,,,
