HD_ID,Primary,cal_name_from_file,diagnosis,filename,flagged_frac,input_Quality,n_flagged,n_good,n_total
,2022-02-26_ALL,2022-02-26_ALL,OK,2022-02-26_ALL_oidataCalibrated_00.fits,0.0,,0,180,180
,2022-02-26_CAL_12_Mon,2022-02-26_CAL_12_Mon,OK,2022-02-26_CAL_12_Mon_oidataCalibrated_00.fits,0.0,,0,36,36
,2022-02-26_CAL_HR2426,2022-02-26_CAL_HR2426,OK,2022-02-26_CAL_HR2426_oidataCalibrated_00.fits,0.0,,0,36,36
,2022-02-26_CAL_HR2610,2022-02-26_CAL_HR2610,OK,2022-02-26_CAL_HR2610_oidataCalibrated_00.fits,0.0,,0,36,36
,2022-02-26_CAL_ksi_Gem,2022-02-26_CAL_ksi_Gem,OK,2022-02-26_CAL_ksi_Gem_oidataCalibrated_00.fits,0.0,,0,72,72
HD46241,12Mon,12_Mon,OK,2022-02-26_SCI_12_Mon_oidataCalibrated_00.fits,0.0,GOOD,0,36,36
HD47156,HR2426,HR2426,OK,2022-02-26_SCI_HR2426_oidataCalibrated_00.fits,0.0,GOOD,0,36,36
HD51814,HR2610,HR2610,OK,2022-02-26_SCI_HR2610_oidataCalibrated_00.fits,0.0,GOOD,0,36,36
,2022-03-01_ALL,2022-03-01_ALL,OK,2022-03-01_ALL_oidataCalibrated_00.fits,0.0,,0,180,180
,2022-03-01_CAL_HR2342,2022-03-01_CAL_HR2342,OK,2022-03-01_CAL_HR2342_oidataCalibrated_00.fits,0.0,,0,36,36
,2022-03-01_CAL_HR2391,2022-03-01_CAL_HR2391,OK,2022-03-01_CAL_HR2391_oidataCalibrated_00.fits,0.0,,0,36,36
,2022-03-01_CAL_HR2426,2022-03-01_CAL_HR2426,OK,2022-03-01_CAL_HR2426_oidataCalibrated_00.fits,0.0,,0,36,36
,2022-03-01_CAL_ksi_Gem,2022-03-01_CAL_ksi_Gem,OK,2022-03-01_CAL_ksi_Gem_oidataCalibrated_00.fits,0.0,,0,72,72
HD45512,HR2342,HR2342,OK,2022-03-01_SCI_HR2342_oidataCalibrated_00.fits,0.0,GOOD,0,36,36
HD4849,HR2391,HR2391,OK,2022-03-01_SCI_HR2391_oidataCalibrated_00.fits,0.0,GOOD,0,36,36
HD47156,HR2426,HR2426,OK,2022-03-01_SCI_HR2426_oidataCalibrated_00.fits,0.0,GOOD,0,36,36
,PIONI.2022-02-26T02:40:46.743_i04,PIONI.2022-02-26T02:40:46.743_i04,OK,PIONI.2022-02-26T02:40:46.743_i04_oidataCalibrated_00.fits,0.0,,0,36,36
,PIONI.2022-02-26T02:59:59.148_i14,PIONI.2022-02-26T02:59:59.148_i14,OK,PIONI.2022-02-26T02:59:59.148_i14_oidataCalibrated_00.fits,0.0,,0,36,36
,PIONI.2022-02-26T03:15:28.086_i24,PIONI.2022-02-26T03:15:28.086_i24,OK,PIONI.2022-02-26T03:15:28.086_i24_oidataCalibrated_00.fits,0.0,,0,36,36
,PIONI.2022-03-01T01:42:17.959_i04,PIONI.2022-03-01T01:42:17.959_i04,OK,PIONI.2022-03-01T01:42:17.959_i04_oidataCalibrated_00.fits,0.0,,0,36,36
,PIONI.2022-03-01T02:00:43.237_i14,PIONI.2022-03-01T02:00:43.237_i14,OK,PIONI.2022-03-01T02:00:43.237_i14_oidataCalibrated_00.fits,0.0,,0,36,36
,PIONI.2022-03-01T02:16:00.191_i24,PIONI.2022-03-01T02:16:00.191_i24,OK,PIONI.2022-03-01T02:16:00.191_i24_oidataCalibrated_00.fits,0.0,,0,36,36
