dict_key,index,MJD,TEL_PAIR,VIS2,FLAG,BASELINE,WAVELENGTH,LDD_FIT,LDD_PRED,e_LDD_PRED,u_LLD,C_SCALE,SEQ_ORDER,UDD_FIT,C_SCALE_UDD
gam_Lep,0,"[59263.14459133 59263.14459133 59263.14459133 59263.14459133
 59263.14459133 59263.14459133 59263.15448683 59263.15448683
 59263.15448683 59263.15448683 59263.15448683 59263.15448683]",['1-2' '1-3' '1-4' '2-3' '2-4' '3-4' '1-2' '1-3' '1-4' '2-3' '2-4' '3-4'],"[[0.84465138 0.83998909 0.86126861 0.87711342 0.90008506 0.89902646]
 [0.76704121 0.76828149 0.78555121 0.79117276 0.80225873 0.82377109]
 [0.68430321 0.68656732 0.71263488 0.74120989 0.77221027 0.80481743]
 [1.01876638 0.9770302  1.00264903 0.975504   1.01417042 1.02543865]
 [0.54391465 0.55870135 0.59307803 0.61223293 0.61982727 0.65915799]
 [0.88241819 0.88470289 0.92198589 0.92783577 0.961703   0.92524576]
 [0.84309599 0.8350439  0.86088288 0.8735391  0.89112284 0.89658579]
 [0.68379703 0.69127075 0.71014027 0.7059189  0.71833785 0.7401148 ]
 [0.68419941 0.68576366 0.70658283 0.73198895 0.7700047  0.79857506]
 [0.83757451 0.80398369 0.81482485 0.80646139 0.85146857 0.86916989]
 [0.51122863 0.52041658 0.55710799 0.57654544 0.58976313 0.63068156]
 [0.64702782 0.6545038  0.69325868 0.7158315  0.74702849 0.73090307]]","[[False False False False False False]
 [False False False False False False]
 [False False False False False False]
 [False False False False False False]
 [False False False False False False]
 [False False False False False False]
 [False False False False False False]
 [False False False False False False]
 [False False False False False False]
 [False False False False False False]
 [False False False False False False]
 [False False False False False False]]","[ 75.93833136  99.83560634 114.07601154  48.09825199 131.17795341
 102.92432561  74.18680397  95.41655929 110.7023344   46.29548152
 130.76025875 102.97018611]",[1.533e-06 1.581e-06 1.629e-06 1.677e-06 1.725e-06 1.773e-06],1.1518390329190789,,,,[[0.99900411]],[['gam_Lep' 'faint' '106']],1.1353299217123562,[[0.99895512]]
gam_Lep,1,"[59263.14476787 59263.14476787 59263.14476787 59263.14476787
 59263.14476787 59263.14476787 59263.15448685 59263.15448685
 59263.15448685 59263.15448685 59263.15448685 59263.15448685]",['1-2' '1-3' '1-4' '2-3' '2-4' '3-4' '1-2' '1-3' '1-4' '2-3' '2-4' '3-4'],"[[0.88154544 0.86440597 0.88671971 0.90269788 0.91527806 0.92074539]
 [0.74180369 0.74536739 0.76681174 0.78389238 0.79369983 0.81226241]
 [0.67577702 0.66415276 0.69906019 0.70285825 0.76024772 0.78347665]
 [1.05730491 1.01211669 1.02627598 1.01001792 1.05761189 1.05454355]
 [0.530273   0.54415959 0.58260507 0.59626223 0.60360176 0.64417168]
 [0.78680941 0.82696567 0.83923183 0.86971316 0.86763938 0.86780642]
 [0.8463669  0.83335954 0.86297615 0.8777193  0.88761124 0.89559245]
 [0.65918382 0.67558979 0.69197684 0.70275337 0.71481809 0.72681526]
 [0.66928508 0.64975655 0.68244574 0.67867506 0.74170798 0.76131857]
 [0.84350149 0.8014911  0.80967229 0.81264225 0.86530759 0.87095392]
 [0.48518254 0.49504763 0.53635869 0.54724396 0.56455968 0.60122473]
 [0.56166958 0.5991591  0.61426658 0.65683959 0.6675421  0.66760241]]","[[False False False False False False]
 [False False False False False False]
 [False False False False False False]
 [False False False False False False]
 [False False False False False False]
 [False False False False False False]
 [False False False False False False]
 [False False False False False False]
 [False False False False False False]
 [False False False False False False]
 [False False False False False False]
 [False False False False False False]]","[ 75.90703559  99.7588612  114.01858439  48.06750237 131.17126147
 102.92496028  74.18695011  95.41684863 110.70254752  46.29559127
 130.76034733 102.97025007]",[1.533e-06 1.581e-06 1.629e-06 1.677e-06 1.725e-06 1.773e-06],1.2419999884906723,,,,[[1.02647079]],[['gam_Lep' 'faint' '106']],1.2231263891500928,[[1.02632745]]
HR_2998,0,"[58813.20743351 58813.20743351 58813.20743351 58813.20743351
 58813.20743351 58813.20743351 58813.22600428 58813.22600428
 58813.22600428 58813.22600428 58813.22600428 58813.22600428
 58812.19193898 58812.19193898 58812.19193898 58812.19193898
 58812.19193898 58812.19193898 58812.22224604 58812.22224604
 58812.22224604 58812.22224604 58812.22224604 58812.22224604]","['1-2' '1-3' '1-4' '2-3' '2-4' '3-4' '1-2' '1-3' '1-4' '2-3' '2-4' '3-4'
 '1-2' '1-3' '1-4' '2-3' '2-4' '3-4' '1-2' '1-3' '1-4' '2-3' '2-4' '3-4']","[[1.00026751 0.99711164 1.01074539 1.01969971 1.04547388 1.05254847]
 [0.88687894 0.85770875 0.86428259 0.86440548 0.86772775 0.88016309]
 [0.73924578 0.75167133 0.76706735 0.78696189 0.81349443 0.8410488 ]
 [1.09468972 1.06945883 1.07079927 1.09536223 1.09799941 1.1031276 ]
 [0.81655712 0.80392188 0.82401132 0.8281396  0.8372252  0.85532112]
 [0.92688404 0.92231658 0.95839643 0.96140116 0.98368395 0.98974955]
 [0.97598716 0.96711822 0.97562203 0.98276385 1.00345346 1.01148251]
 [0.82979644 0.80886687 0.81790028 0.81973057 0.83061806 0.84788065]
 [0.71923328 0.7358128  0.75247099 0.7610132  0.79120146 0.81417682]
 [1.04957666 1.01955518 1.0321558  1.03682232 1.05659648 1.05696542]
 [0.78536147 0.78368209 0.81282923 0.80938553 0.82036217 0.83497664]
 [0.90113235 0.90068169 0.92106064 0.93526894 0.95113177 0.95426863]
 [0.99252886 0.99057223 0.99670741 0.98710738 0.99886059 0.99890954]
 [0.87415794 0.8744304  0.87106835 0.86920846 0.87267237 0.87644095]
 [0.80780068 0.80377334 0.82713818 0.82735448 0.84505099 0.86235696]
 [1.06251918 1.03658842 1.03661698 1.04289506 1.05418784 1.05648848]
 [0.93856587 0.93746862 0.94617868 0.95490656 0.94296085 0.96648449]
 [1.02824755 1.02243617 1.03519589 1.03312201 1.02623666 1.05927443]
 [0.98868881 0.97625972 0.98827641 0.99354444 1.00824544 1.02285317]
 [0.83867046 0.82580975 0.82615417 0.82442089 0.83071903 0.8386406 ]
 [0.80153745 0.80127289 0.81541623 0.8107255  0.83150416 0.84140502]
 [1.0825196  1.06474039 1.06581485 1.07898058 1.09036224 1.08627694]
 [0.95724038 0.93791719 0.952864   0.94903059 0.94199235 0.957569  ]
 [1.01732842 1.01824473 1.02172044 1.03129541 1.02935416 1.05363379]]","[[False False False False False False]
 [False False False False False False]
 [False False False False False False]
 [False False False False False False]
 [False False False False False False]
 [False False False False False False]
 [False False False False False False]
 [False False False False False False]
 [False False False False False False]
 [False False False False False False]
 [False False False False False False]
 [False False False False False False]
 [False False False False False False]
 [False False False False False False]
 [False False False False False False]
 [False False False False False False]
 [False False False False False False]
 [False False False False False False]
 [False False False False False False]
 [False False False False False False]
 [False False False False False False]
 [False False False False False False]
 [False False False False False False]
 [False False False False False False]]","[ 68.33326342 109.22586103 132.16981712  57.41035411 122.10094774
  84.25661624  72.97550135 113.83165033 132.34039059  57.72371317
 123.02858885  87.23496503  63.38901149 104.55539542 118.2671627
  57.10813303  89.10738202  40.43105143  71.4038354  112.24656189
 121.66175736  57.61224249  89.07060129  42.12304988]",[1.533e-06 1.581e-06 1.629e-06 1.677e-06 1.725e-06 1.773e-06],1.0063595547299942,,,,"[[1.1162003 ]
 [1.10391725]]","[['HR_2998' 'bright' '104']
 ['HR_2998' 'faint' '104']]",0.982924864459302,"[[1.11607151]
 [1.10378609]]"
HR_2998,1,"[58813.20760949 58813.20760949 58813.20760949 58813.20760949
 58813.20760949 58813.20760949 58813.22582798 58813.22582798
 58813.22582798 58813.22582798 58813.22582798 58813.22582798
 58812.19185073 58812.19185073 58812.19185073 58812.19185073
 58812.19185073 58812.19185073 58812.22242196 58812.22242196
 58812.22242196 58812.22242196 58812.22242196 58812.22242196]","['1-2' '1-3' '1-4' '2-3' '2-4' '3-4' '1-2' '1-3' '1-4' '2-3' '2-4' '3-4'
 '1-2' '1-3' '1-4' '2-3' '2-4' '3-4' '1-2' '1-3' '1-4' '2-3' '2-4' '3-4']","[[0.99561736 0.99104583 1.00544215 1.01214432 1.03780703 1.0452262 ]
 [0.87729985 0.85521148 0.86594697 0.86637181 0.86669282 0.87865083]
 [0.73310344 0.74556657 0.76321686 0.78377426 0.80789006 0.83260143]
 [1.09726645 1.06432469 1.06627613 1.08671739 1.08955631 1.0953284 ]
 [0.80287831 0.79383172 0.81722081 0.81745342 0.82737571 0.84534924]
 [0.91556188 0.91378917 0.95937325 0.95450909 0.9744104  0.99475536]
 [0.97333623 0.96146524 0.97615932 0.98175721 0.99956915 1.01207643]
 [0.83005745 0.81014903 0.81975602 0.82242864 0.83373439 0.84941291]
 [0.72159448 0.72951196 0.75365977 0.76358628 0.78627255 0.81118198]
 [1.06202606 1.02681931 1.0373021  1.03997349 1.05496426 1.06129778]
 [0.78092488 0.78283656 0.81215312 0.8062728  0.81870557 0.8331243 ]
 [0.90188796 0.90196979 0.92882485 0.93235529 0.95263352 0.96792763]
 [0.97846239 0.98182034 0.98476644 0.98213768 0.99734223 0.99958113]
 [0.8621437  0.86801606 0.86590449 0.86190915 0.86422612 0.86869373]
 [0.80082699 0.80235092 0.81705126 0.82081058 0.83503811 0.86052148]
 [1.03103482 1.0417471  1.03075123 1.03854267 1.05184026 1.04687734]
 [0.93406772 0.93202207 0.9435174  0.94585436 0.93933304 0.96027177]
 [1.02324754 1.01812676 1.02534632 1.02115193 1.01749351 1.05654023]
 [0.98910449 0.9777839  0.98926413 0.99650094 1.01042061 1.02342539]
 [0.84132054 0.82384154 0.82817469 0.82376942 0.82673767 0.83346874]
 [0.8019208  0.80337111 0.80801809 0.80997068 0.82945766 0.84397429]
 [1.08349045 1.07823509 1.07784289 1.08154597 1.09922137 1.08307515]
 [0.95170962 0.92885956 0.95643344 0.94775476 0.93911219 0.95827059]
 [1.01920142 1.01787007 1.01967789 1.02659896 1.02394907 1.05212712]]","[[False False False False False False]
 [False False False False False False]
 [False False False False False False]
 [False False False False False False]
 [False False False False False False]
 [False False False False False False]
 [False False False False False False]
 [False False False False False False]
 [False False False False False False]
 [False False False False False False]
 [False False False False False False]
 [False False False False False False]
 [False False False False False False]
 [False False False False False False]
 [False False False False False False]
 [False False False False False False]
 [False False False False False False]
 [False False False False False False]
 [False False False False False False]
 [False False False False False False]
 [False False False False False False]
 [False False False False False False]
 [False False False False False False]
 [False False False False False False]]","[ 68.37961    109.27108613 132.17198758  57.41353524 122.11109184
  84.28672873  72.93273396 113.78822824 132.33865049  57.72060582
 123.0206189   87.20792625  63.36394529 104.5322333  118.25713666
  57.10655417  89.10691368  40.42551366  71.44744538 112.29029125
 121.68195501  57.61534763  89.06982704  42.13186548]",[1.533e-06 1.581e-06 1.629e-06 1.677e-06 1.725e-06 1.773e-06],1.011462560614162,,,,"[[1.1153304 ]
 [1.10148341]]","[['HR_2998' 'bright' '104']
 ['HR_2998' 'faint' '104']]",0.9871849231376015,"[[1.11527415]
 [1.10137938]]"
psi_Vel,0,"[59278.15863129 59278.15863129 59278.15863129 59278.15863129
 59278.15863129 59278.15863129 59278.16881852 59278.16881852
 59278.16881852 59278.16881852 59278.16881852 59278.16881852]",['1-2' '1-3' '1-4' '2-3' '2-4' '3-4' '1-2' '1-3' '1-4' '2-3' '2-4' '3-4'],"[[0.8462509  0.85514213 0.87454144 0.88152845 0.88874807 0.89142214]
 [0.69490016 0.71306799 0.72553338 0.74482447 0.76428333 0.77840834]
 [0.72734716 0.74086372 0.74971148 0.77452159 0.79689381 0.7729021 ]
 [1.00212438 0.96729118 0.97104798 0.97641902 0.97578867 0.98965161]
 [0.7086531  0.74591243 0.74138757 0.7642125  0.78610613 0.7726139 ]
 [0.78981117 0.81501186 0.80962959 0.83210452 0.84355659 0.83529801]
 [0.84029811 0.842542   0.86335276 0.87358244 0.88141283 0.88836614]
 [0.70317258 0.71216112 0.72630168 0.74275199 0.76223788 0.78009564]
 [0.74376826 0.75449184 0.76263032 0.77692772 0.79931381 0.79426223]
 [0.99595837 0.95120802 0.96663385 0.96492607 0.97619144 0.98761218]
 [0.72357706 0.74824215 0.7561042  0.7728542  0.79163829 0.78755968]
 [0.79301395 0.79897766 0.80814165 0.82225863 0.84536054 0.84501082]]","[[False False False False False False]
 [False False False False False False]
 [False False False False False False]
 [False False False False False False]
 [False False False False False False]
 [False False False False False False]
 [False False False False False False]
 [False False False False False False]
 [False False False False False False]
 [False False False False False False]
 [False False False False False False]
 [False False False False False False]]","[ 90.4460521  128.82386745 127.9226744   56.60872237 126.9686496
 101.19752789  90.50678542 128.1770039  126.51520248  55.97395376
 126.6421744  101.50078373]",[1.533e-06 1.581e-06 1.629e-06 1.677e-06 1.725e-06 1.773e-06],0.9598621297071135,,,,[[1.02577283]],[['psi_Vel' 'faint' '106']],0.9446748827481121,[[1.02566532]]
psi_Vel,1,"[59278.15915909 59278.15915909 59278.15915909 59278.15915909
 59278.15915909 59278.15915909 59278.168731   59278.168731
 59278.168731   59278.168731   59278.168731   59278.168731  ]",['1-2' '1-3' '1-4' '2-3' '2-4' '3-4' '1-2' '1-3' '1-4' '2-3' '2-4' '3-4'],"[[0.84333737 0.86176582 0.86754671 0.88137318 0.88039163 0.8961368 ]
 [0.69788264 0.71055089 0.73448089 0.74885664 0.7598283  0.78571431]
 [0.73406686 0.74977234 0.76220166 0.78685456 0.80239626 0.79475563]
 [0.97161478 0.9547432  0.96420605 0.98195345 0.95745659 1.0007993 ]
 [0.72142265 0.75109874 0.74937877 0.75475107 0.78162461 0.79421186]
 [0.79112299 0.81616723 0.81742103 0.84121731 0.84552161 0.85627026]
 [0.83873753 0.84821685 0.85932017 0.87321174 0.87459557 0.89172264]
 [0.70065772 0.70786588 0.73004765 0.74329226 0.75554265 0.7845909 ]
 [0.73859049 0.75492122 0.76809551 0.78226001 0.79962303 0.80622083]
 [0.96836492 0.93680011 0.96011926 0.97042154 0.95932215 1.00055549]
 [0.73381012 0.74986548 0.75742275 0.76525794 0.78482625 0.8074092 ]
 [0.79301133 0.80052525 0.81391119 0.83168071 0.84945109 0.85882911]]","[[False False False False False False]
 [False False False False False False]
 [False False False False False False]
 [False False False False False False]
 [False False False False False False]
 [False False False False False False]
 [False False False False False False]
 [False False False False False False]
 [False False False False False False]
 [False False False False False False]
 [False False False False False False]
 [False False False False False False]]","[ 90.45342969 128.79820829 127.85582592  56.57894624 126.9533744
 101.21455966  90.50675743 128.18353924 126.52810748  55.97982149
 126.64515866 101.49829372]",[1.533e-06 1.581e-06 1.629e-06 1.677e-06 1.725e-06 1.773e-06],0.9357391933116179,,,,[[1.01768201]],[['psi_Vel' 'faint' '106']],0.9228698573447682,[[1.01766995]]
psi Vel A,0,"[59585.3142165  59585.3142165  59585.3142165  59585.3142165
 59585.3142165  59585.3142165  59585.32371336 59585.32371336
 59585.32371336            nan            nan 59585.32371336
 59585.32371336 59585.32371336]","['1-2' '1-3' '1-4' '2-4' '3-2' '3-4' '1-2' '1-3' '1-4' '2-3' '2-3' '2-4'
 '3-2' '3-4']","[[1.06330051 1.06127061 1.06118992 1.05268784 1.0582919  1.05833125]
 [0.90256338 0.91831258 0.92457735 0.92251344 0.94612267 0.93504306]
 [0.78005598 0.78901918 0.8028137  0.81746571 0.84687087 0.87141937]
 [0.86958118 0.8896105  0.88870982 0.89211214 0.90853391 0.91278304]
 [0.98167945 0.97673481 0.98228427 0.97990097 1.00743186 1.01539179]
 [0.7903938  0.79945933 0.81294846 0.82246843 0.82976051 0.86772814]
 [1.07607961 1.06947046 1.06873135 1.05338559 1.06172949 1.06205604]
 [0.90683409 0.92539872 0.93144847 0.93325625 0.94772704 0.94738922]
 [0.78441453 0.79690438 0.80970875 0.82200196 0.84947339 0.8720928 ]
 [       nan        nan        nan        nan        nan        nan]
 [       nan        nan        nan        nan        nan        nan]
 [0.88211145 0.89415885 0.90226405 0.91243217 0.92208741 0.94799116]
 [1.01013364 0.99208177 0.99851505 0.99703609 1.03023171 1.03356035]
 [0.81414213 0.81944557 0.83137288 0.83593886 0.84751379 0.87181276]]","[[False False False False False False]
 [False False False False False False]
 [False False False False False False]
 [False False False False False False]
 [False False False False False False]
 [False False False False False False]
 [False False False False False False]
 [False False False False False False]
 [False False False False False False]
 [ True  True  True  True  True  True]
 [ True  True  True  True  True  True]
 [False False False False False False]
 [False False False False False False]
 [False False False False False False]]","[ 31.58102873  90.38891893 128.34860735 100.63878101  70.86601544
 127.06564522  31.32079518  90.50169132 127.11314291          nan
          nan  99.73185328  71.13425826 126.78145681]",[1.533e-06 1.581e-06 1.629e-06 1.677e-06 1.725e-06 1.773e-06],0.8962835426260201,,,,[[1.07850265]],[['psi Vel A' 'bright' '106']],0.8822691486989918,[[1.07845998]]
psi Vel A,1,"[59585.31359881 59585.31359881 59585.31359881 59585.31359881
 59585.31359881 59585.31359881 59585.32433091 59585.32433091
 59585.32433091            nan            nan 59585.32433091
 59585.32433091 59585.32433091]","['1-2' '1-3' '1-4' '2-4' '3-2' '3-4' '1-2' '1-3' '1-4' '2-3' '2-3' '2-4'
 '3-2' '3-4']","[[1.07452935 1.07054725 1.06675131 1.06083534 1.06122157 1.06309169]
 [0.89890715 0.91436174 0.92482065 0.91830931 0.94254611 0.93083528]
 [0.78585673 0.78780226 0.80597446 0.81860322 0.85106566 0.87028123]
 [0.88114451 0.89888717 0.89445674 0.89636827 0.90887104 0.90849136]
 [0.99025879 0.98185564 0.98711687 0.98167422 1.00539071 1.01046924]
 [0.79659528 0.80540613 0.81734519 0.82318744 0.83149794 0.8621879 ]
 [1.0790321  1.0711904  1.07126134 1.05502726 1.06253925 1.05896384]
 [0.89669651 0.9141285  0.9267128  0.92562597 0.94307739 0.94104331]
 [0.78459242 0.79479669 0.80794515 0.82161469 0.85226801 0.86997454]
 [       nan        nan        nan        nan        nan        nan]
 [       nan        nan        nan        nan        nan        nan]
 [0.87556654 0.88780058 0.89715219 0.90688971 0.91844421 0.94456439]
 [1.00646345 0.99553046 0.99784918 0.99596671 1.02206699 1.03065887]
 [0.8066873  0.81387399 0.82741613 0.83309922 0.84416503 0.86758762]]","[[False False False False False False]
 [False False False False False False]
 [False False False False False False]
 [False False False False False False]
 [False False False False False False]
 [False False False False False False]
 [False False False False False False]
 [False False False False False False]
 [False False False False False False]
 [ True  True  True  True  True  True]
 [ True  True  True  True  True  True]
 [False False False False False False]
 [False False False False False False]
 [False False False False False False]]","[ 31.59586481  90.37702669 128.42263857 100.69359225  70.84617315
 127.08255245  31.30170767  90.50428551 127.02625267          nan
          nan  99.6685502   71.14918635 126.76128314]",[1.533e-06 1.581e-06 1.629e-06 1.677e-06 1.725e-06 1.773e-06],0.9004290756431617,,,,[[1.08039173]],[['psi Vel A' 'bright' '106']],0.8880550245978802,[[1.08038664]]
pi3_Ori,0,"[58816.22031793 58816.22031793 58816.22031793 58816.22031793
 58816.22031793 58816.22031793 58816.23153106 58816.23153106
 58816.23153106 58816.23153106 58816.23153106 58816.23153106
 58815.20425411 58815.20425411 58815.20425411 58815.20425411
 58815.20425411 58815.20425411 58815.2166918  58815.2166918
 58815.2166918  58815.2166918  58815.2166918  58815.2166918 ]","['1-2' '1-3' '1-4' '2-3' '2-4' '3-4' '1-2' '1-3' '1-4' '2-3' '2-4' '3-4'
 '1-2' '1-3' '1-4' '2-3' '2-4' '3-4' '1-2' '1-3' '1-4' '2-3' '2-4' '3-4']","[[0.68128685 0.6921329  0.70379056 0.72333793 0.74272246 0.75600498]
 [0.38668015 0.39647759 0.42121566 0.45007887 0.46832117 0.49013341]
 [0.40622783 0.41449783 0.436233   0.46947475 0.50239506 0.52764076]
 [0.86142463 0.84301102 0.85392866 0.8548995  0.89599465 0.90881506]
 [0.47700769 0.49895292 0.52116139 0.546489   0.54037779 0.58540748]
 [0.64700665 0.65569208 0.68886668 0.70290345 0.73358902 0.74871137]
 [0.70558809 0.71387273 0.72467787 0.74510439 0.76607556 0.78292634]
 [0.40305296 0.41211242 0.43661907 0.46499945 0.48180795 0.50356655]
 [0.40454671 0.40920433 0.43000549 0.46580689 0.49712986 0.52353221]
 [0.87541627 0.85746936 0.86725552 0.87213371 0.91060252 0.92737501]
 [0.48501706 0.50550965 0.52396277 0.55123802 0.53957565 0.58800303]
 [0.65390787 0.65789925 0.69469463 0.70852998 0.74235285 0.76204078]
 [0.71777861 0.72094566 0.75128923 0.75855588 0.77556031 0.78170879]
 [0.45682391 0.46473584 0.50064172 0.51735829 0.53167612 0.55780194]
 [0.51473398 0.52076904 0.54655163 0.56140289 0.59773604 0.61181639]
 [0.90184946 0.88358935 0.90319286 0.89833748 0.91470935 0.93713582]
 [0.5512653  0.57051825 0.59857069 0.60690107 0.61071193 0.63354483]
 [0.69230368 0.71715377 0.72054096 0.73821067 0.74371662 0.7538833 ]
 [0.70345247 0.7056277  0.72928679 0.73934306 0.75826596 0.76565737]
 [0.44068911 0.44906042 0.47913076 0.49473299 0.51447347 0.53505045]
 [0.46582779 0.47366066 0.50212228 0.51602556 0.55367012 0.57538735]
 [0.90802117 0.88509329 0.90029057 0.89797925 0.92205821 0.93893325]
 [0.54655059 0.56040214 0.5874492  0.59866504 0.60190701 0.62550728]
 [0.68655567 0.69841335 0.72303109 0.73460858 0.75336289 0.7693177 ]]","[[False False False False False False]
 [False False False False False False]
 [False False False False False False]
 [False False False False False False]
 [False False False False False False]
 [False False False False False False]
 [False False False False False False]
 [False False False False False False]
 [False False False False False False]
 [False False False False False False]
 [False False False False False False]
 [False False False False False False]
 [False False False False False False]
 [False False False False False False]
 [False False False False False False]
 [False False False False False False]
 [False False False False False False]
 [False False False False False False]
 [False False False False False False]
 [False False False False False False]
 [False False False False False False]
 [False False False False False False]
 [False False False False False False]
 [False False False False False False]]","[ 86.50679944 128.61650266 125.84525628  56.52539318 113.71845462
  88.9621328   84.60185    127.4150296  127.907073    57.26534788
 114.53437535  87.6909277   88.88016348 129.21037047 121.58586478
  54.82700007 112.67179294  91.21111227  87.42439583 129.01557516
 124.5152505   56.01432606 113.31750658  89.70950753]",[1.533e-06 1.581e-06 1.629e-06 1.677e-06 1.725e-06 1.773e-06],1.5006493811823445,,,,"[[1.01680969]
 [1.0739585 ]]","[['pi3_Ori' 'bright' '104']
 ['pi3_Ori' 'faint' '104']]",1.4741371992802965,"[[1.0164584 ]
 [1.07351386]]"
pi3_Ori,1,"[58816.22067082 58816.22067082 58816.22067082 58816.22067082
 58816.22067082 58816.22067082 58816.23108974 58816.23108974
 58816.23108974 58816.23108974 58816.23108974 58816.23108974
 58815.20398906 58815.20398906 58815.20398906 58815.20398906
 58815.20398906 58815.20398906 58815.21713197 58815.21713197
 58815.21713197 58815.21713197 58815.21713197 58815.21713197]","['1-2' '1-3' '1-4' '2-3' '2-4' '3-4' '1-2' '1-3' '1-4' '2-3' '2-4' '3-4'
 '1-2' '1-3' '1-4' '2-3' '2-4' '3-4' '1-2' '1-3' '1-4' '2-3' '2-4' '3-4']","[[0.68967324 0.69742808 0.71073585 0.72996407 0.75027951 0.76369957]
 [0.38657984 0.39534735 0.42007164 0.4495206  0.46838759 0.48919466]
 [0.40713722 0.4144632  0.43637764 0.46896301 0.50178546 0.52608884]
 [0.8653555  0.84860803 0.85407164 0.861163   0.8956101  0.91561726]
 [0.48611165 0.50727317 0.52313233 0.54679186 0.54183219 0.58699939]
 [0.65579428 0.66223896 0.69211725 0.70430029 0.73389162 0.7478866 ]
 [0.70525538 0.71312113 0.7228537  0.74250378 0.76285145 0.77935336]
 [0.40496789 0.41511754 0.43912378 0.46762327 0.48413042 0.50533589]
 [0.40773356 0.4129528  0.43305056 0.46831957 0.50008787 0.52588778]
 [0.87087989 0.84955497 0.85859646 0.86473233 0.90247826 0.92000359]
 [0.48428    0.5035429  0.52232964 0.54928978 0.53849279 0.58557254]
 [0.65501433 0.66084999 0.697233   0.71036444 0.7422926  0.75760806]
 [0.71804465 0.72288429 0.75111531 0.75686731 0.77390899 0.78118494]
 [0.45873635 0.46752494 0.50234367 0.51699374 0.53178607 0.55733814]
 [0.51079185 0.51695536 0.54493673 0.55527667 0.58944332 0.61233516]
 [0.90200219 0.88548391 0.90454543 0.90234062 0.91753321 0.93866062]
 [0.55325553 0.56970363 0.59374359 0.60389639 0.60565997 0.63649522]
 [0.69427303 0.71374212 0.71506343 0.73588875 0.74081056 0.75304575]
 [0.70418294 0.70846132 0.72652819 0.73655636 0.75489551 0.76445762]
 [0.43817863 0.44793438 0.47670396 0.49129529 0.51196316 0.53115972]
 [0.46221419 0.46965248 0.49890776 0.51192341 0.54556326 0.57434926]
 [0.91151667 0.88624197 0.90023579 0.89942226 0.92486857 0.93910719]
 [0.54664156 0.5614337  0.58481895 0.59638198 0.59814808 0.62506353]
 [0.68197453 0.69496535 0.71849116 0.73333149 0.75412612 0.77034468]]","[[False False False False False False]
 [False False False False False False]
 [False False False False False False]
 [False False False False False False]
 [False False False False False False]
 [False False False False False False]
 [False False False False False False]
 [False False False False False False]
 [False False False False False False]
 [False False False False False False]
 [False False False False False False]
 [False False False False False False]
 [False False False False False False]
 [False False False False False False]
 [False False False False False False]
 [False False False False False False]
 [False False False False False False]
 [False False False False False False]
 [False False False False False False]
 [False False False False False False]
 [False False False False False False]
 [False False False False False False]
 [False False False False False False]
 [False False False False False False]]","[ 86.45187192 128.58726557 125.9148986   56.55139139 113.74204011
  88.92118263  84.68445683 127.4751829  127.83281256  57.24017162
 114.49956951  87.73989726  88.90610125 129.20607532 121.51926909
  54.79917805 112.66019737  91.24331809  87.36460412 128.99441537
 124.61102595  56.05178898 113.34377496  89.65723574]",[1.533e-06 1.581e-06 1.629e-06 1.677e-06 1.725e-06 1.773e-06],1.4946268688959226,,,,"[[1.01729482]
 [1.07226397]]","[['pi3_Ori' 'bright' '104']
 ['pi3_Ori' 'faint' '104']]",1.472253249634695,"[[1.01688267]
 [1.07184031]]"
iot_Psc,0,"[58814.0228991  58814.0228991  58814.0228991  58814.0228991
 58814.0228991  58814.0228991  58814.03535176 58814.03535176
 58814.03535176 58814.03535176 58814.03535176 58814.03535176
 58816.0138423  58816.0138423  58816.0138423  58816.0138423
 58816.0138423  58816.0138423             nan            nan
            nan            nan            nan            nan]","['1-2' '1-3' '1-4' '2-3' '2-4' '3-4' '1-2' '1-3' '1-4' '2-3' '2-4' '3-4'
 '1-2' '1-3' '1-4' '2-3' '2-4' '3-4' '1-2' '1-3' '1-4' '2-3' '2-4' '3-4']","[[0.87012362 0.87251751 0.89572513 0.89676841 0.9096042  0.91829012]
 [0.65875411 0.66411725 0.69344023 0.70237727 0.71545603 0.73546236]
 [0.66427755 0.65919214 0.68744984 0.70186491 0.73410666 0.76069475]
 [0.99139523 0.97767849 0.99282363 0.9813717  1.00130465 1.00849437]
 [0.75209422 0.7402329  0.76116692 0.76754522 0.77828771 0.81115359]
 [0.84956918 0.85481786 0.87423615 0.88491662 0.89987141 0.90955972]
 [0.88081387 0.88435964 0.90046376 0.91050945 0.92674934 0.93236821]
 [0.67900021 0.68549027 0.70947793 0.7207504  0.73357063 0.74323021]
 [0.67488787 0.67493332 0.6975503  0.72055284 0.74980136 0.77932066]
 [0.99413572 0.96516914 0.97592608 0.97582367 1.00365597 1.00385877]
 [0.74952394 0.74302715 0.7607549  0.7810325  0.77988201 0.81862358]
 [0.84405185 0.8454789  0.87667002 0.89312912 0.92347253 0.94094197]
 [0.84425743 0.84791943 0.87101502 0.88076868 0.88210228 0.89614251]
 [0.65422399 0.66261112 0.69063675 0.70055676 0.71358515 0.7365911 ]
 [0.66802716 0.6693333  0.69866471 0.70872227 0.73694861 0.76386771]
 [0.9632857  0.94842812 0.96144561 0.95914798 0.98054204 0.97877682]
 [0.72373715 0.72982497 0.76626993 0.76999548 0.78303943 0.80031555]
 [0.82990837 0.85021717 0.8623787  0.88112226 0.8953411  0.89062662]
 [       nan        nan        nan        nan        nan        nan]
 [       nan        nan        nan        nan        nan        nan]
 [       nan        nan        nan        nan        nan        nan]
 [       nan        nan        nan        nan        nan        nan]
 [       nan        nan        nan        nan        nan        nan]
 [       nan        nan        nan        nan        nan        nan]]","[[False False False False False False]
 [False False False False False False]
 [False False False False False False]
 [False False False False False False]
 [False False False False False False]
 [False False False False False False]
 [False False False False False False]
 [False False False False False False]
 [False False False False False False]
 [False False False False False False]
 [False False False False False False]
 [False False False False False False]
 [False False False False False False]
 [False False False False False False]
 [False False False False False False]
 [False False False False False False]
 [False False False False False False]
 [False False False False False False]
 [ True  True  True  True  True  True]
 [ True  True  True  True  True  True]
 [ True  True  True  True  True  True]
 [ True  True  True  True  True  True]
 [ True  True  True  True  True  True]
 [ True  True  True  True  True  True]]","[ 84.79481747 127.35851443 128.47715133  57.41479637 116.06565532
  88.8536521   82.30672134 125.26000609 130.18794764  57.93528222
 117.06820075  87.60545574  85.43321563 127.82026238 127.89525448
  57.21613607 115.80164307  89.23396371          nan          nan
          nan          nan          nan          nan]",[1.533e-06 1.581e-06 1.629e-06 1.677e-06 1.725e-06 1.773e-06],1.0830168918404928,,,,"[[1.06818743]
 [1.0503726 ]]","[['iot_Psc' 'bright' '104']
 ['iot_Psc' 'faint' '104']]",1.0624011251777583,"[[1.06807414]
 [1.0502398 ]]"
iot_Psc,1,"[58814.02272241 58814.02272241 58814.02272241 58814.02272241
 58814.02272241 58814.02272241 58814.0346463  58814.0346463
 58814.0346463  58814.0346463  58814.0346463  58814.0346463
 58816.01419565 58816.01419565 58816.01419565 58816.01419565
 58816.01419565 58816.01419565            nan            nan
            nan            nan            nan            nan]","['1-2' '1-3' '1-4' '2-3' '2-4' '3-4' '1-2' '1-3' '1-4' '2-3' '2-4' '3-4'
 '1-2' '1-3' '1-4' '2-3' '2-4' '3-4' '1-2' '1-3' '1-4' '2-3' '2-4' '3-4']","[[0.86866179 0.86754822 0.89213966 0.89222668 0.90382254 0.91481182]
 [0.65744664 0.66365067 0.69463455 0.70379524 0.717246   0.7385115 ]
 [0.66200203 0.65797673 0.68929507 0.69821222 0.72872593 0.75558297]
 [0.99131651 0.97702399 0.99130143 0.98161545 1.00380613 1.00955852]
 [0.74718251 0.73315616 0.76023385 0.76508198 0.77765715 0.8065928 ]
 [0.84864535 0.85367691 0.87255656 0.88488745 0.89681604 0.90818427]
 [0.87972616 0.88283344 0.89912404 0.91084956 0.92456168 0.93118097]
 [0.67519953 0.68137919 0.70415784 0.71555904 0.72855649 0.7414216 ]
 [0.66923191 0.67018164 0.69383278 0.7146998  0.74265282 0.77035233]
 [0.99074282 0.96386243 0.96983848 0.97174971 1.0011963  0.9957981 ]
 [0.74769525 0.74003242 0.76406599 0.78114214 0.77819984 0.80892268]
 [0.83737547 0.84066484 0.86959196 0.88736677 0.91813436 0.93265597]
 [0.85939806 0.8630159  0.88464047 0.89329268 0.89532073 0.90774781]
 [0.65783325 0.66856082 0.69428301 0.7034346  0.7183286  0.73768527]
 [0.68180064 0.67874207 0.70758461 0.71625161 0.74590599 0.76857729]
 [0.96937648 0.954497   0.97054732 0.96808656 0.98757002 0.98749409]
 [0.73483125 0.74066244 0.77624793 0.78103397 0.79419347 0.81518504]
 [0.83499666 0.85723472 0.86698211 0.88370847 0.89512046 0.89204358]
 [       nan        nan        nan        nan        nan        nan]
 [       nan        nan        nan        nan        nan        nan]
 [       nan        nan        nan        nan        nan        nan]
 [       nan        nan        nan        nan        nan        nan]
 [       nan        nan        nan        nan        nan        nan]
 [       nan        nan        nan        nan        nan        nan]]","[[False False False False False False]
 [False False False False False False]
 [False False False False False False]
 [False False False False False False]
 [False False False False False False]
 [False False False False False False]
 [False False False False False False]
 [False False False False False False]
 [False False False False False False]
 [False False False False False False]
 [False False False False False False]
 [False False False False False False]
 [False False False False False False]
 [False False False False False False]
 [False False False False False False]
 [False False False False False False]
 [False False False False False False]
 [False False False False False False]
 [ True  True  True  True  True  True]
 [ True  True  True  True  True  True]
 [ True  True  True  True  True  True]
 [ True  True  True  True  True  True]
 [ True  True  True  True  True  True]
 [ True  True  True  True  True  True]]","[ 84.82696858 127.38275122 128.44967654  57.40562699 116.05245859
  88.87207376  82.45952802 125.39986408 130.10329908  57.91259196
 117.00774862  87.67325971  85.37206025 127.77739331 127.95354705
  57.23633269 115.82693293  89.19639826          nan          nan
          nan          nan          nan          nan]",[1.533e-06 1.581e-06 1.629e-06 1.677e-06 1.725e-06 1.773e-06],1.0851151892927926,,,,"[[1.06478314]
 [1.05982008]]","[['iot_Psc' 'bright' '104']
 ['iot_Psc' 'faint' '104']]",1.0626109677571645,"[[1.06459437]
 [1.05964786]]"
ksi_Gem,0,"[59636.11730987 59636.11730987 59636.11730987 59636.11730987
 59636.11730987 59636.11730987 59636.12953952 59636.12953952
 59636.12953952 59636.12953952 59636.12953952 59636.12953952
 59639.07667762 59639.07667762 59639.07667762 59639.07667762
 59639.07667762 59639.07667762 59639.08764811 59639.08764811
 59639.08764811 59639.08764811 59639.08764811 59639.08764811]","['1-2' '1-3' '1-4' '2-3' '2-4' '3-4' '1-2' '1-3' '1-4' '2-3' '2-4' '3-4'
 '1-2' '1-3' '1-4' '2-3' '2-4' '3-4' '1-2' '1-3' '1-4' '2-3' '2-4' '3-4']","[[0.80845874 0.82769416 0.83184225 0.8630436  0.85863249 0.88240556]
 [0.53896163 0.57221533 0.58642189 0.60494624 0.61267563 0.63188243]
 [0.48725883 0.52587767 0.54231095 0.57013659 0.59819187 0.61481263]
 [0.95622848 1.06162039 1.00889694 1.02640819 0.99311968 1.01015597]
 [0.67815484 0.6988039  0.70029678 0.71351735 0.72267347 0.74648797]
 [0.95445669 0.99431876 0.98730888 0.97280158 0.96913155 0.95225059]
 [0.77844524 0.81837856 0.82048894 0.84577537 0.83981097 0.85176385]
 [0.50856876 0.54587718 0.56927726 0.59764796 0.60775255 0.61450356]
 [0.50867577 0.55245226 0.57182703 0.6088154  0.62687154 0.64190388]
 [1.16451686 1.1769164  1.1493074  1.11072759 1.10024418 1.06397608]
 [0.63956071 0.64447342 0.65132145 0.66882862 0.6752734  0.69560344]
 [0.91302799 0.93836107 0.93432344 0.926456   0.92937339 0.89008606]
 [0.80704083 0.80878779 0.80343036 0.82939204 0.84897729 0.84764462]
 [0.48148365 0.49173323 0.51302103 0.53806919 0.55529258 0.56834354]
 [0.4462138  0.46443571 0.47845875 0.50608481 0.53829168 0.5603283 ]
 [0.91555003 0.91788964 0.91570161 0.92946256 0.9529891  0.95596022]
 [0.57623666 0.59813395 0.6122131  0.6268691  0.64094026 0.66108206]
 [0.77564982 0.7892554  0.83631069 0.85765267 0.87632106 0.93715323]
 [0.81246142 0.82133471 0.82291955 0.85766229 0.87295741 0.86060319]
 [0.48459876 0.49876204 0.52112883 0.54008556 0.55734138 0.56548593]
 [0.43557815 0.45971895 0.47228023 0.4968302  0.53301319 0.55418346]
 [0.91381744 0.89724942 0.90805967 0.92196756 0.94969929 0.9555096 ]
 [0.55662752 0.58353955 0.59749149 0.61545847 0.62790705 0.64230168]
 [0.82237445 0.83304863 0.88896341 0.92798535 0.94185151 1.05040356]]","[[False False False False False False]
 [False False False False False False]
 [False False False False False False]
 [False False False False False False]
 [False False False False False False]
 [False False False False False False]
 [False False False False False False]
 [False False False False False False]
 [False False False False False False]
 [False False False False False False]
 [False False False False False False]
 [False False False False False False]
 [False False False False False False]
 [False False False False False False]
 [False False False False False False]
 [False False False False False False]
 [False False False False False False]
 [False False False False False False]
 [False False False False False False]
 [False False False False False False]
 [False False False False False False]
 [False False False False False False]
 [False False False False False False]
 [False False False False False False]]","[ 69.73381734 114.74557919 124.70216423  58.19970792  85.73320552
  37.75407819  65.49260741 109.97302584 122.39689053  57.97446385
  86.93326799  37.90545055  79.26041521 124.23439523 128.66175154
  57.66307574 109.10277364  79.58627986  76.33484568 121.55711613
 130.14600816  58.03492501 110.4232116   78.39474905]",[1.533e-06 1.581e-06 1.629e-06 1.677e-06 1.725e-06 1.773e-06],1.4590271093852323,,,,"[[1.0577075]
 [1.0866742]]","[['ksi_Gem' 'bright' '106']
 ['ksi_Gem' 'faint' '106']]",1.4323121496254123,"[[1.05750617]
 [1.08635043]]"
ksi_Gem,1,"[59636.11757514 59636.11757514 59636.11757514 59636.11757514
 59636.11757514 59636.11757514 59636.12945141 59636.12945141
 59636.12945141 59636.12945141 59636.12945141 59636.12945141
 59639.07694117 59639.07694117 59639.07694117 59639.07694117
 59639.07694117 59639.07694117 59639.08720629 59639.08720629
 59639.08720629 59639.08720629 59639.08720629 59639.08720629]","['1-2' '1-3' '1-4' '2-3' '2-4' '3-4' '1-2' '1-3' '1-4' '2-3' '2-4' '3-4'
 '1-2' '1-3' '1-4' '2-3' '2-4' '3-4' '1-2' '1-3' '1-4' '2-3' '2-4' '3-4']","[[0.82038686 0.82793715 0.83578223 0.85332745 0.84634706 0.87183781]
 [0.53736378 0.56961034 0.59024178 0.60988909 0.62113502 0.63618694]
 [0.49071099 0.52709319 0.55475483 0.57078399 0.60425252 0.61596378]
 [1.0000096  1.04392928 0.9983789  1.01294802 1.0232323  1.0309565 ]
 [0.67926101 0.69920028 0.70507008 0.71918463 0.73048037 0.7420083 ]
 [0.96051123 0.9938025  0.99225372 0.96972086 0.97745403 0.9768049 ]
 [0.78070348 0.80884586 0.82238396 0.84188002 0.84031602 0.85673413]
 [0.51799637 0.55582986 0.57675252 0.60702307 0.62001334 0.62572873]
 [0.51230567 0.55927787 0.58094672 0.60797567 0.62883828 0.6425978 ]
 [1.23331466 1.13343643 1.11171237 1.08069315 1.1236327  1.08274196]
 [0.64097852 0.64607161 0.6533363  0.67176799 0.68007158 0.69422662]
 [0.92614653 0.94603107 0.94011108 0.93384164 0.94370055 0.91506608]
 [0.81720506 0.81437973 0.79845546 0.83001953 0.85456927 0.85646888]
 [0.48912969 0.48164544 0.50898296 0.53604506 0.55221824 0.55906521]
 [0.45187487 0.46188584 0.47204247 0.50680793 0.53757231 0.56279668]
 [0.93465536 0.91243778 0.92604888 0.93244801 0.97201056 0.95526129]
 [0.58378284 0.60424734 0.61812621 0.62495566 0.64346979 0.66391426]
 [0.80852627 0.79311015 0.86414795 0.87434314 0.90806264 0.95435642]
 [0.8220671  0.82691447 0.81761023 0.85481866 0.87371878 0.86819882]
 [0.49420527 0.49297446 0.51787324 0.53727144 0.55372428 0.55885586]
 [0.44312535 0.45674402 0.46801873 0.49660517 0.53397376 0.55965513]
 [0.93837651 0.89681668 0.92113879 0.92350983 0.96512301 0.95345527]
 [0.56854482 0.59498494 0.60409272 0.61522287 0.63153218 0.6474284 ]
 [0.8444062  0.83805224 0.91465893 0.94011207 0.96923604 1.0570612 ]]","[[False False False False False False]
 [False False False False False False]
 [False False False False False False]
 [False False False False False False]
 [False False False False False False]
 [False False False False False False]
 [False False False False False False]
 [False False False False False False]
 [False False False False False False]
 [False False False False False False]
 [False False False False False False]
 [False False False False False False]
 [False False False False False False]
 [False False False False False False]
 [False False False False False False]
 [False False False False False False]
 [False False False False False False]
 [False False False False False False]
 [False False False False False False]
 [False False False False False False]
 [False False False False False False]
 [False False False False False False]
 [False False False False False False]
 [False False False False False False]]","[ 69.64377095 114.64651342 124.65677536  58.19681473  85.76106515
  37.75637793  65.52408485 110.0092007  122.41516805  57.97675689
  86.92515533  37.90402601  79.19378963 124.17661845 128.70188895
  57.67435456 109.13329936  79.55586921  76.45795573 121.67475842
 130.09346014  58.02366025 110.36838213  78.4395309 ]",[1.533e-06 1.581e-06 1.629e-06 1.677e-06 1.725e-06 1.773e-06],1.4614008170740012,,,,"[[1.06518435]
 [1.09728673]]","[['ksi_Gem' 'bright' '106']
 ['ksi_Gem' 'faint' '106']]",1.4379531554915412,"[[1.06493612]
 [1.09699201]]"
alf_CMi,0,"[59271.09345148 59271.09345148 59271.09345148 59271.09345148
 59271.09345148 59271.09345148            nan            nan
 59271.10608315            nan            nan 59271.10608315
 59271.10608315            nan            nan            nan
            nan 59271.10608315 59271.10608315 59271.10608315]","['1-3' '2-1' '2-3' '4-1' '4-2' '4-3' '1-2' '1-2' '1-3' '1-4' '1-4' '2-1'
 '2-3' '2-4' '2-4' '3-4' '3-4' '4-1' '4-2' '4-3']","[[0.01579302 0.01575561 0.0146327  0.01282201 0.01094784 0.00929721]
 [0.35725522 0.3866498  0.40699184 0.42267407 0.44891542 0.47473571]
 [0.02334388 0.03370189 0.04558141 0.0597737  0.07243355 0.08712449]
 [0.01695146 0.01515264 0.01361367 0.01110581 0.00904834 0.00710242]
 [0.0032202  0.00684526 0.01235943 0.01939022 0.02845249 0.03764151]
 [0.12722441 0.14521144 0.16556121 0.19252012 0.21694675 0.23786981]
 [       nan        nan        nan        nan        nan        nan]
 [       nan        nan        nan        nan        nan        nan]
 [0.01533019 0.01564213 0.01495356 0.01369336 0.01216233 0.01065968]
 [       nan        nan        nan        nan        nan        nan]
 [       nan        nan        nan        nan        nan        nan]
 [0.34516691 0.36674344 0.38955436 0.40763882 0.43679487 0.45659851]
 [0.0187018  0.02786931 0.03899815 0.05171054 0.06354176 0.07821565]
 [       nan        nan        nan        nan        nan        nan]
 [       nan        nan        nan        nan        nan        nan]
 [       nan        nan        nan        nan        nan        nan]
 [       nan        nan        nan        nan        nan        nan]
 [0.01680033 0.01513067 0.013639   0.01138762 0.0093182  0.00741444]
 [0.00426172 0.0083283  0.01441325 0.02201547 0.03160695 0.04123843]
 [0.14116339 0.15875949 0.18078783 0.20890128 0.2335707  0.25519833]]","[[False False False False False False]
 [False False False False False False]
 [False False False False False False]
 [False False False False False False]
 [False False False False False False]
 [False False False False False False]
 [ True  True  True  True  True  True]
 [ True  True  True  True  True  True]
 [False False False False False False]
 [ True  True  True  True  True  True]
 [ True  True  True  True  True  True]
 [False False False False False False]
 [False False False False False False]
 [ True  True  True  True  True  True]
 [ True  True  True  True  True  True]
 [ True  True  True  True  True  True]
 [ True  True  True  True  True  True]
 [False False False False False False]
 [False False False False False False]
 [False False False False False False]]","[98.0975989  37.19293012 61.07807962 95.60620067 68.0609242  49.70053069
         nan         nan 99.89297962         nan         nan 37.886146
 62.16783929         nan         nan         nan         nan 95.97051999
 67.35273521 48.66146894]",[1.533e-06 1.581e-06 1.629e-06 1.677e-06 1.725e-06 1.773e-06],,,,,[[1.]],[['alf_CMi' 'bright' '106']],,[[1.]]
alf_CMi,1,"[59271.09371647 59271.09371647 59271.09371647 59271.09371647
 59271.09371647 59271.09371647            nan            nan
 59271.10590659            nan            nan 59271.10590659
 59271.10590659            nan            nan            nan
            nan 59271.10590659 59271.10590659 59271.10590659]","['1-3' '2-1' '2-3' '4-1' '4-2' '4-3' '1-2' '1-2' '1-3' '1-4' '1-4' '2-1'
 '2-3' '2-4' '2-4' '3-4' '3-4' '4-1' '4-2' '4-3']","[[0.01562515 0.01541499 0.01451493 0.01270025 0.01075769 0.00929141]
 [0.35304088 0.37865199 0.39984045 0.41382711 0.43773538 0.46033135]
 [0.02329953 0.03371698 0.04558814 0.05974325 0.0716157  0.08758449]
 [0.01670487 0.01478156 0.01336573 0.01090637 0.00890099 0.00701673]
 [0.00325339 0.00692059 0.01235434 0.01943434 0.02846818 0.03741377]
 [0.12948087 0.14522998 0.16456112 0.19367957 0.21490844 0.23616815]
 [       nan        nan        nan        nan        nan        nan]
 [       nan        nan        nan        nan        nan        nan]
 [0.0152734  0.01545518 0.01483828 0.01357009 0.01194186 0.0106136 ]
 [       nan        nan        nan        nan        nan        nan]
 [       nan        nan        nan        nan        nan        nan]
 [0.34366286 0.3623448  0.3837161  0.40148833 0.42948601 0.44554907]
 [0.01880596 0.02790961 0.03903232 0.05189544 0.06334555 0.07921883]
 [       nan        nan        nan        nan        nan        nan]
 [       nan        nan        nan        nan        nan        nan]
 [       nan        nan        nan        nan        nan        nan]
 [       nan        nan        nan        nan        nan        nan]
 [0.01659856 0.0147935  0.01347119 0.01122397 0.00922237 0.00731085]
 [0.00426601 0.0083532  0.01434766 0.02198033 0.03149426 0.04102862]
 [0.14198813 0.15756933 0.17913493 0.20931694 0.23165221 0.25495729]]","[[False False False False False False]
 [False False False False False False]
 [False False False False False False]
 [False False False False False False]
 [False False False False False False]
 [False False False False False False]
 [ True  True  True  True  True  True]
 [ True  True  True  True  True  True]
 [False False False False False False]
 [ True  True  True  True  True  True]
 [ True  True  True  True  True  True]
 [False False False False False False]
 [False False False False False False]
 [ True  True  True  True  True  True]
 [ True  True  True  True  True  True]
 [ True  True  True  True  True  True]
 [ True  True  True  True  True  True]
 [False False False False False False]
 [False False False False False False]
 [False False False False False False]]","[98.1376764  37.20817565 61.10264996 95.61901407 68.0501465  49.67885745
         nan         nan 99.86951346         nan         nan 37.87692665
 62.15376592         nan         nan         nan         nan 95.96907278
 67.36557866 48.6761253 ]",[1.533e-06 1.581e-06 1.629e-06 1.677e-06 1.725e-06 1.773e-06],,,,,[[1.]],[['alf_CMi' 'bright' '106']],,[[1.]]
bet_Hyi,0,"[59468.17355007 59468.17355007 59468.17355007 59468.17355007
 59468.17355007 59468.17355007 59468.18351952 59468.18351952
 59468.18351952 59468.18351952 59468.18351952 59468.18351952]",['1-2' '1-3' '1-4' '2-3' '2-4' '3-4' '1-2' '1-3' '1-4' '2-3' '2-4' '3-4'],"[[0.41553099 0.43459208 0.46609698 0.48623079 0.51207092 0.52916697]
 [0.06854549 0.08307255 0.10204019 0.11884121 0.13835443 0.15743063]
 [0.13265884 0.15114864 0.17670337 0.19536395 0.22212522 0.24141124]
 [0.75601201 0.75030928 0.77707565 0.78710848 0.8175971  0.8260474 ]
 [0.40737094 0.42604656 0.46340606 0.48056023 0.49191966 0.51618226]
 [0.60693948 0.62793424 0.64649416 0.6664605  0.68779975 0.70596942]
 [0.40645025 0.42654193 0.45519635 0.47596759 0.50410937 0.5259952 ]
 [0.06778343 0.08208981 0.10063693 0.11713785 0.13638996 0.15543053]
 [0.13697719 0.15854706 0.18287312 0.20232701 0.22946364 0.25010409]
 [0.73119515 0.72690493 0.75923373 0.76542232 0.79917705 0.80751479]
 [0.40475842 0.42702143 0.46800383 0.48578328 0.49991155 0.52321734]
 [0.5767822  0.60488205 0.62881477 0.65426709 0.68011279 0.70590238]]","[[False False False False False False]
 [False False False False False False]
 [False False False False False False]
 [False False False False False False]
 [False False False False False False]
 [False False False False False False]
 [False False False False False False]
 [False False False False False False]
 [False False False False False False]
 [False False False False False False]
 [False False False False False False]
 [False False False False False False]]","[ 81.57578963 128.14452006 115.23916591  53.72538099  81.39355755
  63.96881029  82.10893255 128.35168975 114.65629206  53.49709181
  81.53404739  64.79124165]",[1.533e-06 1.581e-06 1.629e-06 1.677e-06 1.725e-06 1.773e-06],2.347612016242766,,,,[[1.05962555]],[['bet_Hyi' 'faint' '106']],2.2986173399345025,[[1.05639937]]
bet_Hyi,1,"[59468.17354932 59468.17354932 59468.17354932 59468.17354932
 59468.17354932 59468.17354932 59468.18334379 59468.18334379
 59468.18334379 59468.18334379 59468.18334379 59468.18334379]",['1-2' '1-3' '1-4' '2-3' '2-4' '3-4' '1-2' '1-3' '1-4' '2-3' '2-4' '3-4'],"[[0.41244417 0.43172806 0.46150625 0.482176   0.50804618 0.52641284]
 [0.06838701 0.0824359  0.10159968 0.118911   0.13835251 0.15797891]
 [0.12925392 0.14939172 0.1743479  0.19519562 0.2214199  0.24036251]
 [0.75763435 0.74531489 0.77685679 0.78523435 0.81628489 0.82399728]
 [0.39365919 0.42405699 0.4604838  0.48207206 0.49574226 0.5198483 ]
 [0.60599786 0.62828787 0.64718464 0.66801048 0.68891043 0.70571998]
 [0.40317159 0.42516466 0.45201316 0.47359887 0.50227229 0.5256023 ]
 [0.06726866 0.08141739 0.09989752 0.11710789 0.13616837 0.15563777]
 [0.13180672 0.15528284 0.17983766 0.20191714 0.22786554 0.24876438]
 [0.73590733 0.72633655 0.7600977  0.767331   0.79953778 0.80634086]
 [0.39753071 0.4302265  0.46599354 0.48576575 0.5010387  0.52508644]
 [0.57462281 0.60122096 0.62449654 0.65105101 0.6764603  0.70320262]]","[[False False False False False False]
 [False False False False False False]
 [False False False False False False]
 [False False False False False False]
 [False False False False False False]
 [False False False False False False]
 [False False False False False False]
 [False False False False False False]
 [False False False False False False]
 [False False False False False False]
 [False False False False False False]
 [False False False False False False]]","[ 81.57527693 128.14386606 115.23882258  53.72520188  81.39325858
  63.96837573  82.09958261 128.34810607 114.66693782  53.5012485
  81.53207893  64.77707787]",[1.533e-06 1.581e-06 1.629e-06 1.677e-06 1.725e-06 1.773e-06],2.3528170194624147,,,,[[1.05822508]],[['bet_Hyi' 'faint' '106']],2.3016099984844502,[[1.05466327]]
HD142860,0,"[59672.37185851 59672.37185851 59672.37185851 59672.37185851
 59672.37185851 59672.37185851 59672.38149165 59672.38149165
 59672.38149165 59672.38149165 59672.38149165 59672.38149165]",['1-2' '1-3' '1-4' '2-3' '2-4' '3-4' '1-2' '1-3' '1-4' '2-3' '2-4' '3-4'],"[[0.82935495 0.85021208 0.87312057 0.87867376 0.90539614 0.9074686 ]
 [0.61786357 0.64044143 0.66924363 0.66873776 0.6843007  0.70423942]
 [0.57538699 0.59082554 0.62696698 0.64211375 0.68016257 0.68961589]
 [0.97073309 0.9279176  0.94770413 0.9337366  0.97150653 0.97628487]
 [0.72570166 0.73514011 0.74357821 0.75666008 0.7649696  0.79521715]
 [0.84354566 0.85799342 0.87288837 0.88679115 0.8764189  0.91025237]
 [0.80876189 0.83835475 0.86215177 0.87515264 0.90655085 0.91268946]
 [0.62637469 0.65874052 0.68284975 0.68922783 0.70909029 0.72320417]
 [0.56627506 0.59086941 0.62357347 0.64350009 0.6808257  0.69139113]
 [0.93766971 0.90498392 0.91907545 0.91005613 0.94418931 0.94726604]
 [0.69858044 0.7233293  0.73437633 0.75411043 0.7707541  0.79869506]
 [0.81396202 0.83998055 0.85480888 0.88291997 0.86763934 0.91090812]]","[[False False False False False False]
 [False False False False False False]
 [False False False False False False]
 [False False False False False False]
 [False False False False False False]
 [False False False False False False]
 [False False False False False False]
 [False False False False False False]
 [False False False False False False]
 [False False False False False False]
 [False False False False False False]
 [False False False False False False]]","[ 77.61721303 123.47989382 128.27757259  57.61713685 105.94663416
  75.97445123  74.913733   121.04364558 129.66413381  57.96729756
 107.23636441  74.87812463]",[1.533e-06 1.581e-06 1.629e-06 1.677e-06 1.725e-06 1.773e-06],1.1584073840001023,,,,[[1.02829836]],[['HD142860' 'faint' '105']],1.1401729178953395,[[1.02815153]]
HD142860,1,"[59672.37194692 59672.37194692 59672.37194692 59672.37194692
 59672.37194692 59672.37194692 59672.38122709 59672.38122709
 59672.38122709 59672.38122709 59672.38122709 59672.38122709]",['1-2' '1-3' '1-4' '2-3' '2-4' '3-4' '1-2' '1-3' '1-4' '2-3' '2-4' '3-4'],"[[0.82567037 0.84689238 0.87534304 0.88439924 0.9128     0.91669002]
 [0.62392839 0.63919247 0.66949029 0.67180346 0.68816103 0.70498368]
 [0.5781601  0.59306766 0.62885966 0.65052258 0.68835183 0.70003364]
 [0.95148609 0.93533041 0.95199141 0.93454741 0.97030191 0.98216564]
 [0.71312073 0.73502173 0.74942262 0.77058239 0.77309977 0.80275786]
 [0.83261479 0.85527783 0.87866665 0.89679495 0.88466206 0.91284541]
 [0.80519253 0.83094099 0.86487753 0.87513041 0.90273582 0.91016705]
 [0.6409098  0.65599407 0.68070219 0.6829056  0.70260438 0.71716927]
 [0.56290404 0.5866397  0.62221739 0.6432907  0.68261396 0.6935472 ]
 [0.91037134 0.90956409 0.92239228 0.91181467 0.94123205 0.95301716]
 [0.69419318 0.72065354 0.73964826 0.76089165 0.76955269 0.7988078 ]
 [0.81748817 0.84031127 0.85965071 0.88287208 0.86956096 0.90948392]]","[[False False False False False False]
 [False False False False False False]
 [False False False False False False]
 [False False False False False False]
 [False False False False False False]
 [False False False False False False]
 [False False False False False False]
 [False False False False False False]
 [False False False False False False]
 [False False False False False False]
 [False False False False False False]
 [False False False False False False]]","[ 77.59337862 123.4590837  128.29123083  57.62084873 105.95804576
  75.96388295  74.99062274 121.11527345 129.62958494  57.95947486
 107.20001187  74.90638714]",[1.533e-06 1.581e-06 1.629e-06 1.677e-06 1.725e-06 1.773e-06],1.155089153328643,,,,[[1.02810466]],[['HD142860' 'faint' '105']],1.1369543891968132,[[1.02797463]]
rho_Pup,0,"[59263.17032762 59263.17032762 59263.17032762 59263.17032762
 59263.17032762 59263.17032762 59263.18039667 59263.18039667
 59263.18039667 59263.18039667 59263.18039667 59263.18039667
 59262.25034168 59262.25034168 59262.25034168 59262.25034168
 59262.25034168 59262.25034168 59262.26277227 59262.26277227
 59262.26277227 59262.26277227 59262.26277227 59262.26277227]","['1-2' '1-3' '1-4' '2-3' '2-4' '3-4' '1-2' '1-3' '1-4' '2-3' '2-4' '3-4'
 '1-2' '1-3' '1-4' '2-3' '2-4' '3-4' '1-2' '1-3' '1-4' '2-3' '2-4' '3-4']","[[0.59632427 0.60917296 0.63485443 0.6424941  0.66478203 0.67263837]
 [0.30344048 0.32275673 0.34724073 0.37216229 0.39711892 0.41452275]
 [0.26099128 0.28295352 0.30228656 0.33354833 0.34656127 0.36271502]
 [0.7169682  0.72791169 0.73898044 0.74874923 0.74982386 0.7579505 ]
 [0.24787624 0.27399695 0.28882443 0.31519266 0.32790837 0.35318723]
 [0.39357568 0.40224627 0.44784756 0.4547001  0.48427834 0.50726515]
 [0.67109631 0.68717873 0.70811766 0.71991564 0.73563356 0.75176462]
 [0.37408147 0.39465103 0.4263973  0.44975687 0.47293998 0.49293327]
 [0.3536463  0.38517177 0.4142693  0.43962756 0.47143911 0.47821917]
 [0.89028814 0.89365598 0.89997365 0.90964951 0.92162034 0.9215242 ]
 [0.31318687 0.34149603 0.365894   0.39664251 0.40949508 0.43881603]
 [0.501795   0.51463828 0.55626279 0.57630481 0.59764626 0.62653056]
 [0.72251997 0.72244925 0.73456975 0.74598668 0.75772534 0.77632544]
 [0.54398508 0.55497267 0.5640751  0.58968742 0.60631223 0.62802011]
 [0.43963457 0.46488156 0.48983118 0.51850102 0.53776539 0.54787131]
 [0.88288422 0.95056402 0.95833664 0.9491144  0.95541799 0.94754295]
 [0.31003547 0.3295304  0.3617604  0.38363243 0.40624724 0.43202998]
 [0.51837205 0.53757792 0.54538994 0.56895641 0.58407185 0.61064831]
 [0.71272243 0.71533316 0.72821705 0.7454253  0.75682087 0.77984678]
 [0.58837887 0.60165068 0.61700357 0.63784796 0.6528284  0.67340229]
 [0.39140167 0.42396251 0.45514397 0.49301098 0.51123559 0.52729128]
 [1.13668502 1.21214371 1.19674998 1.17345516 1.1668098  1.13097268]
 [0.32103675 0.34586845 0.37892873 0.40252937 0.42125326 0.45038179]
 [0.48873525 0.50858831 0.51922305 0.55036874 0.56979043 0.59564077]]","[[False False False False False False]
 [False False False False False False]
 [False False False False False False]
 [False False False False False False]
 [False False False False False False]
 [False False False False False False]
 [False False False False False False]
 [False False False False False False]
 [False False False False False False]
 [False False False False False False]
 [False False False False False False]
 [False False False False False False]
 [False False False False False False]
 [False False False False False False]
 [False False False False False False]
 [False False False False False False]
 [False False False False False False]
 [False False False False False False]
 [False False False False False False]
 [False False False False False False]
 [False False False False False False]
 [False False False False False False]
 [False False False False False False]
 [False False False False False False]]","[ 87.90436749 124.44484305 129.67110037  56.68759698 132.3013475
 103.67632305  86.78733729 122.26705828 128.30044393  55.93574277
 132.21726574 103.58801876  76.51508355  99.26362365 111.53880809
  46.97252667 130.38900737 103.3612288   74.49437715  93.84687194
 107.01654059  44.58950135 129.7101323  103.41720378]",[1.533e-06 1.581e-06 1.629e-06 1.677e-06 1.725e-06 1.773e-06],1.654032562677616,,,,"[[1.03804621]
 [1.04930985]]","[['rho_Pup' 'bright' '106']
 ['rho_Pup' 'faint' '106']]",1.6271450135013534,"[[1.03738396]
 [1.04850506]]"
rho_Pup,1,"[59263.16979945 59263.16979945 59263.16979945 59263.16979945
 59263.16979945 59263.16979945 59263.18022042 59263.18022042
 59263.18022042 59263.18022042 59263.18022042 59263.18022042
 59262.24981391 59262.24981391 59262.24981391 59262.24981391
 59262.24981391 59262.24981391 59262.26285979 59262.26285979
 59262.26285979 59262.26285979 59262.26285979 59262.26285979]","['1-2' '1-3' '1-4' '2-3' '2-4' '3-4' '1-2' '1-3' '1-4' '2-3' '2-4' '3-4'
 '1-2' '1-3' '1-4' '2-3' '2-4' '3-4' '1-2' '1-3' '1-4' '2-3' '2-4' '3-4']","[[0.62697745 0.63997205 0.66143463 0.66771493 0.69700983 0.69387335]
 [0.29544613 0.3158309  0.34154152 0.36523236 0.39051436 0.40744675]
 [0.28221115 0.29281015 0.31768511 0.34253955 0.34769189 0.37338008]
 [0.72996895 0.75016464 0.76166315 0.77253329 0.76957786 0.77382285]
 [0.26448716 0.30312632 0.31557138 0.33852427 0.3581706  0.37605946]
 [0.38901614 0.4139084  0.43970208 0.45149987 0.4690065  0.49013396]
 [0.63813992 0.65844492 0.67401951 0.68806868 0.71430613 0.71978351]
 [0.37061443 0.39079127 0.42012438 0.44156083 0.46446145 0.48666097]
 [0.37110637 0.38930948 0.42466773 0.44595108 0.46787365 0.48839088]
 [0.83969744 0.85052677 0.86341271 0.8774172  0.89430535 0.89054564]
 [0.30023979 0.34622495 0.3622193  0.38678827 0.41183654 0.43373747]
 [0.51631989 0.55222241 0.56731195 0.59342218 0.6011212  0.63347358]
 [0.71728986 0.7270536  0.740836   0.76035776 0.76197493 0.78571012]
 [0.52961414 0.53905908 0.55047074 0.56977978 0.58854172 0.61364554]
 [0.44711497 0.47333142 0.49895005 0.52878882 0.54923078 0.55594467]
 [0.82901367 0.9008634  0.93205766 0.93406351 0.90779683 0.94130421]
 [0.30702239 0.33426599 0.36220991 0.38814007 0.40576078 0.43765675]
 [0.49053817 0.5250111  0.54154644 0.56151462 0.58568225 0.60682985]
 [0.71749085 0.72731129 0.7363326  0.75661886 0.75947053 0.78611141]
 [0.57439057 0.59320161 0.61006587 0.62844034 0.64612543 0.66813474]
 [0.39046668 0.42293398 0.45404156 0.4933595  0.5113714  0.52603947]
 [1.08761797 1.17880612 1.18574773 1.18070943 1.13092717 1.1480448 ]
 [0.31286515 0.33910726 0.373356   0.39862712 0.41521711 0.45060015]
 [0.46641956 0.50034004 0.51687541 0.54470775 0.5760402  0.59391331]]","[[False False False False False False]
 [False False False False False False]
 [False False False False False False]
 [False False False False False False]
 [False False False False False False]
 [False False False False False False]
 [False False False False False False]
 [False False False False False False]
 [False False False False False False]
 [False False False False False False]
 [False False False False False False]
 [False False False False False False]
 [False False False False False False]
 [False False False False False False]
 [False False False False False False]
 [False False False False False False]
 [False False False False False False]
 [False False False False False False]
 [False False False False False False]
 [False False False False False False]
 [False False False False False False]
 [False False False False False False]
 [False False False False False False]
 [False False False False False False]]","[ 87.95819671 124.54830095 129.73494283  56.72276831 132.30490365
 103.68104242  86.80776394 122.30748436 128.32628768  55.94988211
 132.21883176 103.58935045  76.60228687  99.4882278  111.72116901
  47.06881229 130.41489959 103.35944026  74.4803564   93.80774447
 106.98297397  44.57184357 129.70481899 103.41766681]",[1.533e-06 1.581e-06 1.629e-06 1.677e-06 1.725e-06 1.773e-06],1.6606896759587704,,,,"[[1.02937231]
 [1.04898312]]","[['rho_Pup' 'bright' '106']
 ['rho_Pup' 'faint' '106']]",1.631873959325271,"[[1.02860962]
 [1.04808643]]"
HD141004,0,"[59669.3405629  59669.3405629  59669.3405629  59669.3405629
 59669.3405629  59669.3405629  59669.35069465 59669.35069465
 59669.35069465 59669.35069465 59669.35069465 59669.35069465
 59671.31738563 59671.31738563 59671.31738563 59671.31738563
 59671.31738563 59671.31738563 59671.33697438 59671.33697438
 59671.33697438 59671.33697438 59671.33697438 59671.33697438]","['1-2' '1-3' '1-4' '2-3' '2-4' '3-4' '1-2' '1-3' '1-4' '2-3' '2-4' '3-4'
 '1-2' '1-3' '1-4' '2-3' '2-4' '3-4' '1-2' '1-3' '1-4' '2-3' '2-4' '3-4']","[[0.87259253 0.88319347 0.89382666 0.90090553 0.91131242 0.9089211 ]
 [0.66942003 0.68860482 0.71331346 0.72374192 0.74070837 0.75278111]
 [0.69549408 0.70099978 0.71995128 0.73127032 0.76192048 0.77677269]
 [0.98009165 0.97519245 0.98018765 0.96508863 0.98714005 0.98984615]
 [0.75608596 0.76036118 0.7745452  0.77960815 0.79036053 0.81024172]
 [0.83356542 0.84975261 0.86419021 0.8689845  0.87204444 0.88667267]
 [0.88550936 0.89110872 0.90317242 0.9161047  0.92777834 0.92850317]
 [0.68444709 0.70313065 0.7221642  0.73532564 0.75293983 0.76213945]
 [0.6891138  0.69892667 0.71784494 0.73576076 0.7643345  0.78393692]
 [0.9904661  0.97913131 0.98708297 0.97527801 1.00594587 1.00019997]
 [0.76679412 0.77134837 0.78726397 0.78996661 0.8030629  0.82315735]
 [0.8563197  0.86823061 0.88085819 0.89648254 0.90165395 0.92661762]
 [0.86460842 0.87337082 0.88647251 0.90495832 0.91539371 0.91410589]
 [0.67928124 0.69141101 0.71732004 0.72625495 0.7438525  0.75599263]
 [0.71952315 0.72854826 0.74667409 0.77425145 0.78696476 0.80083808]
 [0.99158389 0.98521735 0.98736994 0.9789232  0.99784131 0.98605992]
 [0.74888898 0.77037752 0.78699166 0.79550195 0.80527934 0.82060635]
 [0.83357975 0.84878978 0.85529108 0.87459567 0.87747516 0.8860892 ]
 [0.85687533 0.86503381 0.88807853 0.90196739 0.91481882 0.91652594]
 [0.67442419 0.68640492 0.70848899 0.71883683 0.73723104 0.74730234]
 [0.69967859 0.70130186 0.72572287 0.74404275 0.76484794 0.78830252]
 [0.97584898 0.9682065  0.97360476 0.96689833 0.98834228 0.98278792]
 [0.75599639 0.77409331 0.79388714 0.80063471 0.80883776 0.82770444]
 [0.84309702 0.85238623 0.85594132 0.87279978 0.87370231 0.88981314]]","[[False False False False False False]
 [False False False False False False]
 [False False False False False False]
 [False False False False False False]
 [False False False False False False]
 [False False False False False False]
 [False False False False False False]
 [False False False False False False]
 [False False False False False False]
 [False False False False False False]
 [False False False False False False]
 [False False False False False False]
 [False False False False False False]
 [False False False False False False]
 [False False False False False False]
 [False False False False False False]
 [False False False False False False]
 [False False False False False False]
 [False False False False False False]
 [False False False False False False]
 [False False False False False False]
 [False False False False False False]
 [False False False False False False]
 [False False False False False False]]","[ 86.42875131 128.60897669 125.67725961  56.48015205 113.26185311
  88.60914854  84.70981047 127.54858114 127.58165268  57.16739653
 114.00414606  87.44269069  88.72096017 129.22516512 121.63955924
  54.87616971 112.24751359  90.75682526  86.13424452 128.45215501
 126.05043234  56.61932062 113.3901792   88.39017359]",[1.533e-06 1.581e-06 1.629e-06 1.677e-06 1.725e-06 1.773e-06],1.0382209659844115,,,,"[[1.05360948]
 [1.0507387 ]]","[['HD141004' 'bright' '105']
 ['HD141004' 'faint' '105']]",1.018318448515665,"[[1.05348288]
 [1.05060835]]"
HD141004,1,"[59669.34082853 59669.34082853 59669.34082853 59669.34082853
 59669.34082853 59669.34082853 59669.3506956  59669.3506956
 59669.3506956  59669.3506956  59669.3506956  59669.3506956
 59671.31667944 59671.31667944 59671.31667944 59671.31667944
 59671.31667944 59671.31667944 59671.33715137 59671.33715137
 59671.33715137 59671.33715137 59671.33715137 59671.33715137]","['1-2' '1-3' '1-4' '2-3' '2-4' '3-4' '1-2' '1-3' '1-4' '2-3' '2-4' '3-4'
 '1-2' '1-3' '1-4' '2-3' '2-4' '3-4' '1-2' '1-3' '1-4' '2-3' '2-4' '3-4']","[[0.86931816 0.87723586 0.89206489 0.89552306 0.90493354 0.90762804]
 [0.66931012 0.68597931 0.71618668 0.7235943  0.74041128 0.75410211]
 [0.69471551 0.70463786 0.72430455 0.73245464 0.76711652 0.77713332]
 [0.98269389 0.97447952 0.97657586 0.96789671 0.99148535 0.99023134]
 [0.75763518 0.76741778 0.7854368  0.78830753 0.7945439  0.8148347 ]
 [0.83971077 0.8547144  0.86930533 0.88059203 0.88644125 0.89163813]
 [0.87498417 0.88504094 0.89937179 0.9095299  0.92011806 0.92568022]
 [0.68320476 0.70040523 0.72698253 0.73634612 0.75464637 0.76405992]
 [0.68412008 0.70162605 0.72029531 0.73529729 0.76701939 0.7805291 ]
 [0.98484661 0.97624914 0.97867581 0.97439096 1.00250347 0.99605012]
 [0.75626087 0.76361395 0.78324753 0.78924313 0.79735147 0.82243229]
 [0.85572073 0.86839359 0.87928869 0.89978985 0.90421866 0.92279868]
 [0.85097574 0.86328537 0.8785971  0.89673457 0.90914103 0.9090897 ]
 [0.67510821 0.68957333 0.71577469 0.72127163 0.73952668 0.75481946]
 [0.70325586 0.72802791 0.74516939 0.77435677 0.79209284 0.80369414]
 [0.98743106 0.97684432 0.97631191 0.96571647 0.99336543 0.97756135]
 [0.75005796 0.77085149 0.77391195 0.78887539 0.79535784 0.81479073]
 [0.82398899 0.84314841 0.85344753 0.8752437  0.88071754 0.88189693]
 [0.85271187 0.86246128 0.8875323  0.89659398 0.91430539 0.91796058]
 [0.66762374 0.68230888 0.70829808 0.71435887 0.73422203 0.74552655]
 [0.69314942 0.70632914 0.72186609 0.74654485 0.76533353 0.79385042]
 [0.97715567 0.96105297 0.96286076 0.95953941 0.97903621 0.97639459]
 [0.76046312 0.77990786 0.78370771 0.80246974 0.80394631 0.82552913]
 [0.8347219  0.84598408 0.8589537  0.87677115 0.88466772 0.89268758]]","[[False False False False False False]
 [False False False False False False]
 [False False False False False False]
 [False False False False False False]
 [False False False False False False]
 [False False False False False False]
 [False False False False False False]
 [False False False False False False]
 [False False False False False False]
 [False False False False False False]
 [False False False False False False]
 [False False False False False False]
 [False False False False False False]
 [False False False False False False]
 [False False False False False False]
 [False False False False False False]
 [False False False False False False]
 [False False False False False False]
 [False False False False False False]
 [False False False False False False]
 [False False False False False False]
 [False False False False False False]
 [False False False False False False]
 [False False False False False False]]","[ 86.38753786 128.58759066 125.73054169  56.5001133  113.27978548
  88.5780443   84.71024678 127.54936362 127.58211842  57.16765374
 114.00413009  87.44271153  88.79329343 129.21684766 121.46037504
  54.80166494 112.21512031  90.8443806   86.10540788 128.43642069
 126.08624822  56.63261541 113.40280013  88.36907666]",[1.533e-06 1.581e-06 1.629e-06 1.677e-06 1.725e-06 1.773e-06],1.035266102112527,,,,"[[1.05061642]
 [1.04437905]]","[['HD141004' 'bright' '105']
 ['HD141004' 'faint' '105']]",1.0139092881221718,"[[1.05054135]
 [1.0442632 ]]"
HD124850,0,"[59672.29686491 59672.29686491 59672.29686491 59672.29686491
 59672.29686491 59672.29686491 59672.3071799  59672.3071799
 59672.3071799  59672.3071799  59672.3071799  59672.3071799
 59669.31112604 59669.31112604 59669.31112604 59669.31112604
 59669.31112604 59669.31112604 59669.3220817  59669.3220817
 59669.3220817  59669.3220817  59669.3220817  59669.3220817 ]","['1-2' '1-3' '1-4' '2-3' '2-4' '3-4' '1-2' '1-3' '1-4' '2-3' '2-4' '3-4'
 '1-2' '1-3' '1-4' '2-3' '2-4' '3-4' '1-2' '1-3' '1-4' '2-3' '2-4' '3-4']","[[0.84859368 0.8587752  0.87524549 0.88323397 0.90870998 0.90753235]
 [0.6435025  0.64586876 0.66903966 0.68658956 0.7054069  0.72331594]
 [0.61433635 0.62149086 0.63749042 0.66220514 0.68867708 0.71500637]
 [0.93799224 0.94323992 0.95144601 0.94042998 0.96519935 0.95183287]
 [0.63333744 0.65052416 0.67316573 0.69435831 0.70848713 0.74207717]
 [0.77815409 0.7983496  0.81969164 0.83525759 0.84487823 0.84841659]
 [0.85654876 0.87852225 0.88127498 0.90016101 0.91809429 0.91950087]
 [0.66936506 0.67516335 0.69401509 0.70611598 0.72103577 0.73193566]
 [0.61897634 0.62958827 0.64895163 0.67424675 0.69925627 0.72876744]
 [0.95643318 0.96825458 0.96803527 0.95878723 0.98260439 0.97638323]
 [0.66258919 0.68249398 0.69947007 0.71488987 0.73359795 0.7574341 ]
 [0.77171842 0.78923925 0.81198716 0.82813141 0.84627766 0.86869601]
 [0.92370221 0.92694124 0.93041936 0.94017534 0.96266509 0.95863258]
 [0.70278958 0.71072736 0.74201419 0.74529902 0.76131705 0.77615947]
 [0.6546693  0.6720996  0.69282991 0.71087993 0.75014847 0.7670154 ]
 [1.01356187 1.00864338 1.00615419 1.00831681 1.02938398 1.02573121]
 [0.67922946 0.70107551 0.71306907 0.7331824  0.75090952 0.77609765]
 [0.81230493 0.82042485 0.84481631 0.86401034 0.86574394 0.8784763 ]
 [0.9099326  0.91950485 0.91711926 0.93860737 0.95732783 0.95513616]
 [0.70668641 0.71883072 0.74022639 0.74662357 0.7577728  0.76935497]
 [0.64447486 0.6620758  0.67792004 0.70069906 0.73642818 0.7608066 ]
 [1.01490067 1.00691266 1.00622242 1.0110059  1.02346591 1.03337409]
 [0.67382634 0.69417711 0.70911783 0.7294178  0.74624609 0.77028855]
 [0.81150523 0.81567567 0.84086346 0.85976002 0.87243183 0.89477083]]","[[False False False False False False]
 [False False False False False False]
 [False False False False False False]
 [False False False False False False]
 [False False False False False False]
 [False False False False False False]
 [False False False False False False]
 [False False False False False False]
 [False False False False False False]
 [False False False False False False]
 [False False False False False False]
 [False False False False False False]
 [False False False False False False]
 [False False False False False False]
 [False False False False False False]
 [False False False False False False]
 [False False False False False False]
 [False False False False False False]
 [False False False False False False]
 [False False False False False False]
 [False False False False False False]
 [False False False False False False]
 [False False False False False False]
 [False False False False False False]]","[ 84.76872217 124.96572035 132.31164921  58.21590816 127.10701446
  96.66937742  82.82904534 122.58383259 132.41440855  58.05891705
 127.6280281   96.11130919  83.65788714 123.62622669 132.41137939
  58.14488851 127.4097652   96.33383593  81.43798185 120.76359448
 132.30425612  57.86141147 127.98038708  95.783091  ]",[1.533e-06 1.581e-06 1.629e-06 1.677e-06 1.725e-06 1.773e-06],1.1033752809429442,,,,"[[1.04833621]
 [1.09899195]]","[['HD124850' 'bright' '105']
 ['HD124850' 'faint' '105']]",1.0876998688199186,"[[1.04818271]
 [1.09886678]]"
HD124850,1,"[59672.29739513 59672.29739513 59672.29739513 59672.29739513
 59672.29739513 59672.29739513 59672.30726819 59672.30726819
 59672.30726819 59672.30726819 59672.30726819 59672.30726819
 59669.31094947 59669.31094947 59669.31094947 59669.31094947
 59669.31094947 59669.31094947 59669.321905   59669.321905
 59669.321905   59669.321905   59669.321905   59669.321905  ]","['1-2' '1-3' '1-4' '2-3' '2-4' '3-4' '1-2' '1-3' '1-4' '2-3' '2-4' '3-4'
 '1-2' '1-3' '1-4' '2-3' '2-4' '3-4' '1-2' '1-3' '1-4' '2-3' '2-4' '3-4']","[[0.8529579  0.86995036 0.88510084 0.89163323 0.91155653 0.90842118]
 [0.6478518  0.65258179 0.676259   0.69015285 0.70807176 0.72618208]
 [0.61024103 0.62274542 0.63975507 0.66559742 0.69210777 0.7147347 ]
 [0.95823074 0.9599684  0.96134628 0.95323914 0.97485474 0.9651419 ]
 [0.64423959 0.65785552 0.68153816 0.70616657 0.71497437 0.74867187]
 [0.78237386 0.79881566 0.81754244 0.82608885 0.8427752  0.84877065]
 [0.84684686 0.86974613 0.87777003 0.89562127 0.91395339 0.91697527]
 [0.66367119 0.6714151  0.69247984 0.70256787 0.71797842 0.73046432]
 [0.61044628 0.62659979 0.64526461 0.67225233 0.69666957 0.72608277]
 [0.95896347 0.96220607 0.96004256 0.95298956 0.97657479 0.97372197]
 [0.65509812 0.67220705 0.69527486 0.71487719 0.72668842 0.75522744]
 [0.77099973 0.78703014 0.80983288 0.82507229 0.84501707 0.86515509]
 [0.92247789 0.9224264  0.92833039 0.93342214 0.953458   0.94435351]
 [0.6953652  0.70001213 0.73172606 0.73623026 0.75129498 0.76611093]
 [0.64177823 0.65990951 0.68149016 0.69969317 0.73933813 0.7545394 ]
 [1.00844823 1.00787988 1.00193419 1.00452654 1.0125564  1.02418204]
 [0.67443401 0.6959594  0.71018695 0.7288094  0.74428828 0.77112197]
 [0.81287338 0.81652429 0.84002774 0.85648316 0.86151285 0.87073148]
 [0.91908054 0.92790756 0.92517662 0.9446624  0.96009671 0.95660796]
 [0.70337801 0.71557173 0.73744673 0.7451719  0.75635874 0.76888996]
 [0.64656908 0.66431389 0.68156792 0.70124062 0.73656316 0.76074878]
 [1.01976674 1.01046712 1.00464896 1.01107583 1.01451753 1.03370991]
 [0.67518538 0.69864862 0.71275508 0.73216831 0.7480919  0.77304102]
 [0.81423003 0.81910451 0.84522058 0.86282974 0.87324835 0.89188285]]","[[False False False False False False]
 [False False False False False False]
 [False False False False False False]
 [False False False False False False]
 [False False False False False False]
 [False False False False False False]
 [False False False False False False]
 [False False False False False False]
 [False False False False False False]
 [False False False False False False]
 [False False False False False False]
 [False False False False False False]
 [False False False False False False]
 [False False False False False False]
 [False False False False False False]
 [False False False False False False]
 [False False False False False False]
 [False False False False False False]
 [False False False False False False]
 [False False False False False False]
 [False False False False False False]
 [False False False False False False]
 [False False False False False False]
 [False False False False False False]]","[ 84.67522649 124.85558897 132.32436455  58.21193363 127.13283387
  96.63935947  82.8113063  122.56107247 132.41370036  58.05672283
 127.63256516  96.10679793  83.69201618 123.66857411 132.41036461
  58.14801241 127.40076047  96.34344102  81.47610727 120.81448988
 132.30885636  57.86755758 127.97089432  95.79141322]",[1.533e-06 1.581e-06 1.629e-06 1.677e-06 1.725e-06 1.773e-06],1.1100612507925298,,,,"[[1.05272736]
 [1.09959466]]","[['HD124850' 'bright' '105']
 ['HD124850' 'faint' '105']]",1.094040356978855,"[[1.05258624]
 [1.0994296 ]]"
zet_Tuc,0,"[58816.03364334 58816.03364334 58816.03364334 58816.03364334
 58816.03364334 58816.03364334 58816.04523523 58816.04523523
 58816.04523523 58816.04523523 58816.04523523 58816.04523523
 58814.05097592 58814.05097592 58814.05097592 58814.05097592
 58814.05097592 58814.05097592 58814.0617461  58814.0617461
 58814.0617461  58814.0617461  58814.0617461  58814.0617461 ]","['1-2' '1-3' '1-4' '2-3' '2-4' '3-4' '1-2' '1-3' '1-4' '2-3' '2-4' '3-4'
 '1-2' '1-3' '1-4' '2-3' '2-4' '3-4' '1-2' '1-3' '1-4' '2-3' '2-4' '3-4']","[[0.85493402 0.85731695 0.88676664 0.88952423 0.9028429  0.90495385]
 [0.61822021 0.63001398 0.66133236 0.6698368  0.68494841 0.70682825]
 [0.68764382 0.69072085 0.71764472 0.73101314 0.76189232 0.78064201]
 [1.00330503 0.99664405 1.01770545 1.00062904 1.02417439 1.02129349]
 [0.7962585  0.78687768 0.81424564 0.81653985 0.81804998 0.84469166]
 [0.8392193  0.84781953 0.85953203 0.87040594 0.87926391 0.88103456]
 [0.82687933 0.82831423 0.85390673 0.8575865  0.87822359 0.88340467]
 [0.61223473 0.62057662 0.64917137 0.65773434 0.67616369 0.69679714]
 [0.68181807 0.69222255 0.7133783  0.71959324 0.7532622  0.77259005]
 [0.9939549  0.97438762 0.99963486 0.98618581 1.02431362 1.009599  ]
 [0.8029716  0.78989474 0.81456145 0.82526903 0.82243308 0.85539296]
 [0.85259308 0.84645842 0.85545538 0.8719575  0.8904898  0.90280876]
 [0.79810762 0.80402817 0.82772054 0.83886155 0.85630309 0.86376011]
 [0.60864074 0.62503706 0.65356969 0.66556635 0.67879305 0.69428187]
 [0.71132561 0.71835197 0.74018108 0.75393323 0.79335256 0.79998014]
 [0.94259028 0.92742891 0.93931765 0.94370385 0.98184651 0.97753941]
 [0.68701012 0.69362141 0.71830503 0.72386753 0.72982766 0.75725427]
 [0.8204717  0.83174186 0.85659641 0.87480155 0.88370955 0.9048162 ]
 [0.79447504 0.79883754 0.82152185 0.83607064 0.84978328 0.86048605]
 [0.60437375 0.61675858 0.64185618 0.65186743 0.66856329 0.6823289 ]
 [0.72378488 0.72904981 0.74996376 0.76337703 0.80096397 0.8149349 ]
 [0.91333908 0.88574646 0.89706365 0.91144879 0.95424947 0.94160526]
 [0.69948295 0.69982095 0.72102059 0.72430383 0.72803934 0.75385471]
 [0.79647307 0.80986894 0.83435474 0.86373656 0.87560393 0.91308266]]","[[False False False False False False]
 [False False False False False False]
 [False False False False False False]
 [False False False False False False]
 [False False False False False False]
 [False False False False False False]
 [False False False False False False]
 [False False False False False False]
 [False False False False False False]
 [False False False False False False]
 [False False False False False False]
 [False False False False False False]
 [False False False False False False]
 [False False False False False False]
 [False False False False False False]
 [False False False False False False]
 [False False False False False False]
 [False False False False False False]
 [False False False False False False]
 [False False False False False False]
 [False False False False False False]
 [False False False False False False]
 [False False False False False False]
 [False False False False False False]]","[ 87.49836402 129.23459895 116.78759768  53.47839155 101.05031252
  83.08873478  88.11000959 129.17718003 115.09666176  52.79857547
 100.52532457  83.75997798  88.12420107 129.1750901  115.05470592
  52.78170967 100.51161815  83.77536436  88.61367159 129.01109194
 113.35287237  52.09365919  99.9228931   84.31684497]",[1.533e-06 1.581e-06 1.629e-06 1.677e-06 1.725e-06 1.773e-06],1.1308753683153743,,,,"[[1.06152432]
 [1.01517707]]","[['zet_Tuc' 'bright' '104']
 ['zet_Tuc' 'faint' '104']]",1.1104856220501298,"[[1.06134451]
 [1.01503827]]"
zet_Tuc,1,"[58816.03355455 58816.03355455 58816.03355455 58816.03355455
 58816.03355455 58816.03355455 58816.04514712 58816.04514712
 58816.04514712 58816.04514712 58816.04514712 58816.04514712
 58814.05053457 58814.05053457 58814.05053457 58814.05053457
 58814.05053457 58814.05053457 58814.0620106  58814.0620106
 58814.0620106  58814.0620106  58814.0620106  58814.0620106 ]","['1-2' '1-3' '1-4' '2-3' '2-4' '3-4' '1-2' '1-3' '1-4' '2-3' '2-4' '3-4'
 '1-2' '1-3' '1-4' '2-3' '2-4' '3-4' '1-2' '1-3' '1-4' '2-3' '2-4' '3-4']","[[0.84192306 0.84374027 0.86837174 0.87419189 0.8839641  0.89658717]
 [0.61383753 0.62717414 0.65587274 0.66445714 0.68111748 0.70313346]
 [0.68241655 0.69006518 0.71429034 0.73295559 0.76076362 0.78219353]
 [0.98668315 0.97449503 0.99776474 0.97394075 1.00518849 1.01168473]
 [0.77924067 0.77755278 0.79893787 0.80241038 0.80147853 0.84128351]
 [0.82995982 0.84349418 0.85378784 0.85698708 0.86873429 0.87777241]
 [0.80651256 0.80407249 0.83450674 0.83829175 0.85589645 0.86847665]
 [0.59924712 0.61305072 0.64278916 0.64804183 0.6683279  0.68719843]
 [0.67007076 0.68886752 0.70799423 0.71738727 0.74959444 0.77030379]
 [0.98264372 0.96760205 0.98893979 0.9700995  1.01167591 1.00581206]
 [0.79029919 0.78870854 0.79960694 0.81096005 0.8102015  0.84802799]
 [0.85639706 0.84832413 0.85448361 0.86338489 0.8828938  0.9046709 ]
 [0.79951345 0.80553268 0.82924246 0.84078962 0.85766038 0.8640348 ]
 [0.60862356 0.61998476 0.64961811 0.66052597 0.67485708 0.68987255]
 [0.70722732 0.7160684  0.73460267 0.74986629 0.78900331 0.79664012]
 [0.94132761 0.92388036 0.94116802 0.94357248 0.9827329  0.98183418]
 [0.69234377 0.69476829 0.71869332 0.72440724 0.72928462 0.75836485]
 [0.82277475 0.8317048  0.85382829 0.87480042 0.8846864  0.90552965]
 [0.79580975 0.8016918  0.82426693 0.84140907 0.85406754 0.86335956]
 [0.5998196  0.60904109 0.63529503 0.64537322 0.66453647 0.676824  ]
 [0.71847115 0.72957297 0.74682637 0.7639016  0.79988568 0.81436269]
 [0.90928254 0.8822851  0.89852321 0.91200264 0.95321781 0.94446439]
 [0.70903322 0.70688133 0.72412547 0.72803464 0.72909349 0.7569092 ]
 [0.79562111 0.80464085 0.82752477 0.86168494 0.8739826  0.91739095]]","[[False False False False False False]
 [False False False False False False]
 [False False False False False False]
 [False False False False False False]
 [False False False False False False]
 [False False False False False False]
 [False False False False False False]
 [False False False False False False]
 [False False False False False False]
 [False False False False False False]
 [False False False False False False]
 [False False False False False False]
 [False False False False False False]
 [False False False False False False]
 [False False False False False False]
 [False False False False False False]
 [False False False False False False]
 [False False False False False False]
 [False False False False False False]
 [False False False False False False]
 [False False False False False False]
 [False False False False False False]
 [False False False False False False]
 [False False False False False False]]","[ 87.49406112 129.23563945 116.80070713  53.48371945 101.05430625
  83.08369106  88.10619019 129.17886263 115.11062653  52.80426131
 100.53003306  83.75551503  88.10252118 129.17939114 115.12143439
  52.80860581 100.53355582  83.75153561  88.62503633 129.00603637
 113.30945056  52.07608515  99.90723953  84.32936747]",[1.533e-06 1.581e-06 1.629e-06 1.677e-06 1.725e-06 1.773e-06],1.1371946952699992,,,,"[[1.05055793]
 [1.01617495]]","[['zet_Tuc' 'bright' '104']
 ['zet_Tuc' 'faint' '104']]",1.1135927929134921,"[[1.0504084 ]
 [1.01601303]]"
