baseline_m,c_scale,candidate_remove,e_vis2_corrected,highlighted,large_raw_residual,large_sigma_residual,mjd,model_vis2,night,oifits_flag,period,point_id,raw_residual,sequence,spatial_frequency_rad_inv,standardized_residual,star,telescope_pair,vis2_corrected,wavelength_index,wavelength_um
69.61663060622377,0.9722220799539149,False,0.013699025752188421,False,False,False,59636.117839045706,0.7955172019552283,2022-02-25,False,106,0,0.021138423656985483,bright,45412021.23734116,1.543060363515896,ksi_Gem,1-2,0.8166556256122138,0,1.5330000451285741
69.61663060622377,0.9722220799539149,False,0.010039438174828505,False,False,False,59636.117839045706,0.8066717821370267,2022-02-25,False,106,1,0.027531814838421376,bright,44033289.656664796,2.742366092502151,ksi_Gem,1-2,0.8342035969754481,1,1.580999992256693
69.61663060622377,0.9722220799539149,False,0.009059666251685148,False,False,False,59636.117839045706,0.816968515493586,2022-02-25,False,106,2,0.0225068603834353,bright,42735806.22355066,2.48429244060165,ksi_Gem,1-2,0.8394753758770213,2,1.6290000530716497
69.61663060622377,0.9722220799539149,False,0.007604035325606926,False,False,True,59636.117839045706,0.826489662820206,2022-02-25,False,106,3,0.03753686989496774,bright,41512600.23728733,4.936440756470537,ksi_Gem,1-2,0.8640265327151737,3,1.6770000001997687
69.61663060622377,0.9722220799539149,False,0.007070255156791631,False,False,True,59636.117839045706,0.8353084097380987,2022-02-25,False,106,4,0.02398555034883587,bright,40357468.25039818,3.3924589448225984,ksi_Gem,1-2,0.8592939600869346,4,1.7249999473278876
69.61663060622377,0.9722220799539149,False,0.00760146754224594,False,False,True,59636.117839045706,0.8434898952801284,2022-02-25,False,106,5,0.03809902090752182,bright,39264878.898192875,5.012061249460395,ksi_Gem,1-2,0.8815889161876502,5,1.7730000081428443
114.61705708036085,0.9722220799539149,False,0.010913608145038846,False,False,False,59636.117839045706,0.5263642755770567,2022-02-25,False,106,6,-0.001266220819191588,bright,74766506.00538489,-0.11602219929136745,ksi_Gem,1-3,0.5250980547578651,0,1.5330000451285741
114.61705708036085,0.9722220799539149,False,0.011154938797082696,False,False,False,59636.117839045706,0.548083107490724,2022-02-25,False,106,7,0.007855956367092132,bright,72496557.64814924,0.7042581326530152,ksi_Gem,1-3,0.5559390638578161,1,1.580999992256693
114.61705708036085,0.9722220799539149,False,0.010733037020634287,False,False,False,59636.117839045706,0.5685489660186666,2022-02-25,False,106,8,0.007438126772017495,bright,70360376.51701632,0.6930123093508092,ksi_Gem,1-3,0.575987092790684,2,1.6290000530716497
114.61705708036085,0.9722220799539149,False,0.010239487943991704,False,False,False,59636.117839045706,0.5878304891715145,2022-02-25,False,106,9,0.008366862889285454,bright,68346486.02665913,0.8171173143667732,ksi_Gem,1-3,0.5961973520607999,3,1.6770000001997687
114.61705708036085,0.9722220799539149,False,0.010169952679121666,False,False,False,59636.117839045706,0.6059963153226816,2022-02-25,False,106,10,0.0030969891908522174,bright,66444672.80008239,0.3045234612753076,ksi_Gem,1-3,0.6090933045135338,4,1.7249999473278876
114.61705708036085,0.9722220799539149,False,0.009937000063878708,False,False,False,59636.117839045706,0.6231136708210668,2022-02-25,False,106,11,0.007619134150508522,bright,64645829.97967283,0.7667438967022152,ksi_Gem,1-3,0.6307328049715754,5,1.7730000081428443
124.64373524525477,0.9722220799539149,False,0.011847848240772056,False,False,False,59636.117839045706,0.46436488245231317,2022-02-25,False,106,12,0.0067224134274921354,bright,81307065.60729474,0.5673953017357416,ksi_Gem,1-4,0.4710872958798053,0,1.5330000451285741
124.64373524525477,0.9722220799539149,False,0.013606274376982374,False,False,False,59636.117839045706,0.4876223352682469,2022-02-25,False,106,13,0.026335594539243445,bright,78838542.60324213,1.9355478075464332,ksi_Gem,1-4,0.5139579298074903,1,1.580999992256693
124.64373524525477,0.9722220799539149,False,0.011978888151050205,False,False,False,59636.117839045706,0.509679056192925,2022-02-25,False,106,14,0.021237742564319095,bright,76515488.7565694,1.7729310347101916,ksi_Gem,1-4,0.5309167987572441,2,1.6290000530716497
124.64373524525477,0.9722220799539149,False,0.011143517049208214,False,False,False,59636.117839045706,0.5305800888221164,2022-02-25,False,106,15,0.020553152681814013,bright,74325423.51246683,1.8444044722195123,ksi_Gem,1-4,0.5511332415039304,3,1.6770000001997687
124.64373524525477,0.9722220799539149,False,0.012020900611060129,False,False,False,59636.117839045706,0.5503753818896553,2022-02-25,False,106,16,0.031915798652428995,bright,72257240.02967899,2.655025582947094,ksi_Gem,1-4,0.5822911805420843,4,1.7249999473278876
124.64373524525477,0.9722220799539149,False,0.011164082781603704,False,False,False,59636.117839045706,0.5691174716091194,2022-02-25,False,106,17,0.028141410148795343,bright,70301034.78443564,2.5207095557520462,ksi_Gem,1-4,0.5972588817579148,5,1.7730000081428443
,0.9722220799539149,True,,False,False,False,,,unknown,True,106,18,,bright,,,ksi_Gem,2-3,,0,1.5330000451285741
,0.9722220799539149,True,,False,False,False,,,unknown,True,106,19,,bright,,,ksi_Gem,2-3,,1,1.580999992256693
,0.9722220799539149,True,,False,False,False,,,unknown,True,106,20,,bright,,,ksi_Gem,2-3,,2,1.6290000530716497
,0.9722220799539149,True,,False,False,False,,,unknown,True,106,21,,bright,,,ksi_Gem,2-3,,3,1.6770000001997687
,0.9722220799539149,True,,False,False,False,,,unknown,True,106,22,,bright,,,ksi_Gem,2-3,,4,1.7249999473278876
,0.9722220799539149,True,,False,False,False,,,unknown,True,106,23,,bright,,,ksi_Gem,2-3,,5,1.7730000081428443
85.76980278710906,0.9722220799539149,False,0.008906818503211265,False,False,True,59636.117839045706,0.7041693983716253,2022-02-25,False,106,24,-0.02835358846976188,bright,55948989.08167707,-3.183357610749481,ksi_Gem,2-4,0.6758158099018634,0,1.5330000451285741
85.76980278710906,0.9722220799539149,False,0.00864983609929635,False,False,False,59636.117839045706,0.7195160156651333,2022-02-25,False,106,25,-0.021192710484065236,bright,54250349.90966867,-2.450070757501316,ksi_Gem,2-4,0.6983233051810681,1,1.580999992256693
85.76980278710906,0.9722220799539149,False,0.008776928195454578,False,False,True,59636.117839045706,0.7337677010588576,2022-02-25,False,106,26,-0.02936297947294475,bright,52651810.92252338,-3.345473361414913,ksi_Gem,2-4,0.7044047215859128,2,1.6290000530716497
85.76980278710906,0.9722220799539149,False,0.008195349800890003,False,False,True,59636.117839045706,0.7470180969468931,2022-02-25,False,106,27,-0.025968320800390687,bright,51144784.00530229,-3.168665332329142,ksi_Gem,2-4,0.7210497761465025,3,1.6770000001997687
85.76980278710906,0.9722220799539149,False,0.007740662488211138,False,False,True,59636.117839045706,0.759352335598833,2022-02-25,False,106,28,-0.028401023440476902,bright,49721626.32234907,-3.6690688276011323,ksi_Gem,2-4,0.7309513121583561,4,1.7249999473278876
85.76980278710906,0.9722220799539149,False,0.0072201669454434216,False,False,True,59636.117839045706,0.7708476340765054,2022-02-25,False,106,29,-0.022583946090175333,bright,48375523.06440762,-3.127898047347485,ksi_Gem,2-4,0.74826368798633,5,1.7730000081428443
37.757073241935,0.9722220799539149,False,0.005782294582610304,False,False,True,59636.117839045706,0.9357475749358017,2022-02-25,False,106,30,0.042009710974745484,bright,24629531.722400095,7.26523188581323,ksi_Gem,3-4,0.9777572859105472,0,1.5330000451285741
37.757073241935,0.9722220799539149,True,0.004650135330075563,False,True,True,59636.117839045706,0.9394899192722709,2022-02-25,False,106,31,0.07801621259224023,bright,23881766.873408504,16.777191856687857,ksi_Gem,3-4,1.017506131864511,1,1.580999992256693
37.757073241935,0.9722220799539149,True,0.004688579426265504,False,True,True,59636.117839045706,0.94291729777796,2022-02-25,False,106,32,0.06529063383168354,bright,23178067.533355873,13.925461828784274,ksi_Gem,3-4,1.0082079316096435,2,1.6290000530716497
37.757073241935,0.9722220799539149,False,0.004371687133460319,False,False,True,59636.117839045706,0.9460637800211054,2022-02-25,False,106,33,0.04595339893798833,bright,22514653.093284003,10.51159370172377,ksi_Gem,3-4,0.9920171789590937,3,1.6770000001997687
37.757073241935,0.9722220799539149,False,0.005108121077179091,False,False,True,59636.117839045706,0.9489590101768557,2022-02-25,False,106,34,0.048811303359593605,bright,21888159.069466997,9.555627719488035,ksi_Gem,3-4,0.9977703135364493,4,1.7249999473278876
37.757073241935,0.9722220799539149,False,0.009718957874100587,False,False,True,59636.117839045706,0.9516288532404811,2022-02-25,False,106,35,0.03759720750239881,bright,21295585.48704363,3.868440216475178,ksi_Gem,3-4,0.9892260607428799,5,1.7730000081428443
65.59207731699078,0.9722220799539149,False,0.01482455971638071,False,False,False,59636.129100205704,0.8165680722850184,2022-02-25,False,106,36,-0.026498472598810663,bright,42786741.93482461,-1.7874711361262634,ksi_Gem,1-2,0.7900695996862077,0,1.5330000451285741
65.59207731699078,0.9722220799539149,False,0.010901755716894505,False,False,False,59636.129100205704,0.8266814351350539,2022-02-25,False,106,37,-0.0031415455633720946,bright,41487715.141203605,-0.28816877253116446,ksi_Gem,1-2,0.8235398895716818,1,1.580999992256693
65.59207731699078,0.9722220799539149,False,0.009589954557914072,False,False,False,59636.129100205704,0.8360051107115122,2022-02-25,False,106,38,-0.00848210620833878,bright,40265239.52120816,-0.8844782482664587,ksi_Gem,1-2,0.8275230045031734,2,1.6290000530716497
65.59207731699078,0.9722220799539149,False,0.008772232696413137,False,False,False,59636.129100205704,0.8446164675067303,2022-02-25,False,106,39,0.00872409774498728,bright,39112747.351924434,0.9945128049959803,ksi_Gem,1-2,0.8533405652517175,3,1.6770000001997687
65.59207731699078,0.9722220799539149,False,0.009502036183341953,False,False,False,59636.129100205704,0.8525840644654946,2022-02-25,False,106,40,-0.002172259222587458,bright,38024393.808588944,-0.22860986641954195,ksi_Gem,1-2,0.8504118052429072,4,1.7249999473278876
65.59207731699078,0.9722220799539149,False,0.011560007701347816,False,False,False,59636.129100205704,0.8599687071576695,2022-02-25,False,106,41,0.004444309503218391,bright,36994967.29596533,0.3844555832519226,ksi_Gem,1-2,0.8644130166608879,5,1.7730000081428443
101.30671718815042,0.9722220799539149,True,0.1123682332897824,False,False,False,,0.6094346404339663,unknown,True,106,42,-0.044838964285402794,bright,66083962.29998397,-0.39903594612695564,ksi_Gem,1-3,0.5645956761485635,0,1.5330000451285741
101.30671718815042,0.9722220799539149,True,0.1111003002422872,False,False,False,,0.628503419616572,unknown,True,106,43,-0.028147801807827166,bright,64077620.2936895,-0.2533548671465561,ksi_Gem,1-3,0.6003556178087448,1,1.580999992256693
101.30671718815042,0.9722220799539149,True,0.1041202347466218,False,False,False,,0.6463396241765169,unknown,True,106,44,-0.02787012055525573,bright,62189511.287692115,-0.2676724713796324,ksi_Gem,1-3,0.6184695036212612,2,1.6290000530716497
101.30671718815042,0.9722220799539149,True,0.10239307706950902,False,False,False,,0.6630314336764049,unknown,True,106,45,-0.015351771239219714,bright,60409491.45860614,-0.1499297772719365,ksi_Gem,1-3,0.6476796624371852,3,1.6770000001997687
101.30671718815042,0.9722220799539149,True,0.09553422641706871,False,False,False,,0.6786619181828438,unknown,True,106,46,-0.019707248252009868,bright,58728533.49652541,-0.20628468969827607,ksi_Gem,1-3,0.658954669930834,4,1.7249999473278876
101.30671718815042,0.9722220799539149,True,0.09632136208638425,False,False,False,,0.6933087159784622,unknown,True,106,47,-0.022310356542371568,bright,57138588.112171344,-0.23162418033875898,ksi_Gem,1-3,0.6709983594360907,5,1.7730000081428443
117.33533558216608,0.9722220799539149,False,0.015907185211004777,False,False,False,59636.129100205704,0.5094486691999486,2022-02-25,False,106,48,-0.01257331503911635,bright,76539681.75345035,-0.7904173411156352,ksi_Gem,1-3,0.4968753541608322,0,1.5330000451285741
117.33533558216608,0.9722220799539149,False,0.013442395659544713,False,False,False,59636.129100205704,0.5316273141290698,2022-02-25,False,106,49,0.010535487621207595,bright,74215898.89743362,0.7837507456289549,ksi_Gem,1-3,0.5421628017502774,1,1.580999992256693
117.33533558216608,0.9722220799539149,False,0.013293535074904475,False,False,False,59636.129100205704,0.5525612624823235,2022-02-25,False,106,50,0.007779865661844632,bright,72029055.71483442,0.5852367799842387,ksi_Gem,1-3,0.5603411281441681,2,1.6290000530716497
117.33533558216608,0.9722220799539149,False,0.013080185363207132,False,False,False,59636.129100205704,0.5723134755058367,2022-02-25,False,106,51,0.018268888915639048,bright,69967403.43958783,1.3966842524286442,ksi_Gem,1-3,0.5905823644214757,3,1.6770000001997687
117.33533558216608,0.9722220799539149,False,0.012440152670645119,False,False,False,59636.129100205704,0.5909481700674035,2022-02-25,False,106,52,0.018168694064610302,bright,68020486.47243407,1.460488029819984,ksi_Gem,1-3,0.6091168641320138,4,1.7249999473278876
117.33533558216608,0.9722220799539149,False,0.011135724387108215,False,False,False,59636.129100205704,0.6085291634418458,2022-02-25,False,106,53,0.015070436860350589,bright,66178981.975905776,1.3533414025402402,ksi_Gem,1-3,0.6235996003021964,5,1.7730000081428443
122.45586444420077,0.9722220799539149,False,0.013194746747918028,False,False,False,59636.129100205704,0.47778544975053033,2022-02-25,False,106,54,0.011153494143204434,bright,79879883.13068202,0.8452980838729869,ksi_Gem,1-4,0.48893894389373477,0,1.5330000451285741
122.45586444420077,0.9722220799539149,False,0.014203059026154992,False,False,False,59636.129100205704,0.5007449265110029,2022-02-25,False,106,55,0.039935727901661444,bright,77454690.097379,2.811769480653403,ksi_Gem,1-4,0.5406806544126643,1,1.580999992256693
122.45586444420077,0.9722220799539149,False,0.013384229236091593,False,False,False,59636.129100205704,0.5224871779108466,2022-02-25,False,106,56,0.03442151616994227,bright,75172412.80213432,2.571796669256234,ksi_Gem,1-4,0.5569086940807889,2,1.6290000530716497
122.45586444420077,0.9722220799539149,False,0.01268848328261815,False,False,True,59636.129100205704,0.5430630030632291,2022-02-25,False,106,57,0.04375647319682241,bright,73020789.76124837,3.4485188041949857,ksi_Gem,1-4,0.5868194762600515,3,1.6770000001997687
122.45586444420077,0.9722220799539149,False,0.013291186829545493,False,False,True,59636.129100205704,0.5625269767813864,2022-02-25,False,106,58,0.04562721760518251,bright,70988909.09178932,3.432892652126145,ksi_Gem,1-4,0.6081541943865689,4,1.7249999473278876
122.45586444420077,0.9722220799539149,False,0.012131730771195136,False,False,True,59636.129100205704,0.5809353302934273,2022-02-25,False,106,59,0.04342311924177533,bright,69067041.1064854,3.5793012605321426,ksi_Gem,1-4,0.6243584495352026,5,1.7730000081428443
86.90749929138794,0.9722220799539149,True,0.008292337517476437,False,True,True,,0.6974042477493059,unknown,True,106,60,-0.06003089691154806,bright,56691126.37508039,-7.23932145610698,ksi_Gem,2-3,0.6373733508377578,0,1.5330000451285741
86.90749929138794,0.9722220799539149,True,0.008117790720716025,False,True,True,,0.7130389190222717,unknown,True,106,61,-0.06862673635593364,bright,54969955.545248054,-8.453868634578505,ksi_Gem,2-3,0.644412182666338,1,1.580999992256693
86.90749929138794,0.9722220799539149,True,0.008049518702024909,False,True,True,,0.7275650478717853,unknown,True,106,62,-0.075872307814153,bright,53350212.68262991,-9.425694954291718,ksi_Gem,2-3,0.6516927400576323,2,1.6290000530716497
86.90749929138794,0.9722220799539149,True,0.008127502829256828,False,True,True,,0.7410764747794286,unknown,True,106,63,-0.06850706348765945,bright,51823195.75494054,-8.429042096553005,ksi_Gem,2-3,0.6725694112917692,3,1.6770000001997687
86.90749929138794,0.9722220799539149,True,0.008230230052013935,False,True,True,,0.7536586804861103,unknown,True,106,64,-0.07413453992324526,bright,50381160.54786672,-9.007590244103147,ksi_Gem,2-3,0.679524140562865,4,1.7249999473278876
86.90749929138794,0.9722220799539149,True,0.007301546455136825,False,True,True,,0.7653893299056033,unknown,True,106,65,-0.06585542072441153,bright,49017201.85688014,-9.019379816186824,ksi_Gem,2-3,0.6995339091811917,5,1.7730000081428443
86.90793400493858,0.9722220799539149,True,0.008545401145316697,False,True,True,59636.129100205704,0.6974016561631442,2022-02-25,False,106,66,-0.05926665958301536,bright,56691409.94555518,-6.935503503600462,ksi_Gem,2-4,0.6381349965801288,0,1.5330000451285741
86.90793400493858,0.9722220799539149,True,0.0082939744360741,False,True,True,59636.129100205704,0.7130364371601995,2022-02-25,False,106,67,-0.06788665111968029,bright,54970230.506382,-8.185056711100017,ksi_Gem,2-4,0.6451497860405192,1,1.580999992256693
86.90793400493858,0.9722220799539149,True,0.007962954659427047,False,True,True,59636.129100205704,0.7275626706277859,2022-02-25,False,106,68,-0.07503112350178931,bright,53350479.541768335,-9.422523009466435,ksi_Gem,2-4,0.6525315471259966,2,1.6290000530716497
86.90793400493858,0.9722220799539149,True,0.007898925251452273,False,True,True,59636.129100205704,0.7410741971061631,2022-02-25,False,106,69,-0.06732391590434261,bright,51823454.97590094,-8.523174199169011,ksi_Gem,2-4,0.6737502812018205,3,1.6770000001997687
86.90793400493858,0.9722220799539149,True,0.007825073877398676,False,True,True,59636.129100205704,0.7536564974553271,2022-02-25,False,106,70,-0.07320701786660899,bright,50381412.55572986,-9.355441113221223,ksi_Gem,2-4,0.6804494795887182,4,1.7249999473278876
86.90793400493858,0.9722220799539149,True,0.007268963002604896,False,True,True,59636.129100205704,0.765387236748547,2022-02-25,False,106,71,-0.0650960620838239,bright,49017447.04218677,-8.955343707279313,ksi_Gem,2-4,0.7002911746647231,5,1.7730000081428443
37.90095243455691,0.9722220799539149,False,0.012133397667634615,False,False,False,59636.129100205704,0.9352706112960936,2022-02-25,False,106,72,0.01210247914260243,bright,24723386.37888176,0.9974517834262814,ksi_Gem,3-4,0.947373090438696,0,1.5330000451285741
37.90095243455691,0.9722220799539149,False,0.008198121333611617,False,False,True,59636.129100205704,0.9390399697351844,2022-02-25,False,106,73,0.031743402093093565,bright,23972772.05577827,3.8720337015443103,ksi_Gem,3-4,0.970783371828278,1,1.580999992256693
37.90095243455691,0.9722220799539149,False,0.007141795120783907,False,False,False,59636.129100205704,0.9424921737471674,2022-02-25,False,106,74,0.018497561356701997,bright,23266391.16008051,2.5900436856373505,ksi_Gem,3-4,0.9609897351038694,2,1.6290000530716497
37.90095243455691,0.9722220799539149,False,0.007083036654727406,False,False,False,59636.129100205704,0.9456615181320015,2022-02-25,False,106,75,0.01121694020590791,bright,22600448.676232588,1.5836343580717498,ksi_Gem,3-4,0.9568784583379094,3,1.6770000001997687
37.90095243455691,0.9722220799539149,False,0.009029678466151693,False,False,False,59636.129100205704,0.9485778448805838,2022-02-25,False,106,76,0.018752653278791387,bright,21971567.29962074,2.0767797379593156,ksi_Gem,3-4,0.9673304981593752,4,1.7249999473278876
37.90095243455691,0.9722220799539149,False,0.009163975298624807,False,False,False,59636.129100205704,0.9512671930366723,2022-02-25,False,106,77,-0.01912208393750514,bright,21376735.623513527,-2.08665817119506,ksi_Gem,3-4,0.9321451090991671,5,1.7730000081428443
79.258027310414,1.0441124698237918,False,0.009991051265624752,False,False,False,59639.077030211374,0.8645562057594062,2022-02-28,False,106,0,-0.022190746790232585,faint,51701255.69289631,-2.221062248632649,ksi_Gem,1-2,0.8423654589691736,0,1.5330000451285741
79.258027310414,1.0441124698237918,False,0.008922189658475231,False,False,True,59639.077030211374,0.8721985927211445,2022-02-28,False,106,1,-0.03246692456206168,faint,50131579.82201025,-3.638896482235299,ksi_Gem,1-2,0.8397316681590828,1,1.580999992256693
79.258027310414,1.0441124698237918,False,0.009391196360024525,False,False,True,59639.077030211374,0.8792246575830751,2022-02-28,False,106,2,-0.04343987328315457,faint,48654404.37584069,-4.62559525089529,ksi_Gem,1-2,0.8357847842999205,2,1.6290000530716497
79.258027310414,1.0441124698237918,False,0.007974231051074024,False,False,True,59639.077030211374,0.8856974966369506,2022-02-28,False,106,3,-0.04048491585034819,faint,47261793.26235693,-5.076967997421571,ksi_Gem,1-2,0.8452125807866024,3,1.6770000001997687
79.258027310414,1.0441124698237918,False,0.007742108058267428,False,False,True,59639.077030211374,0.8916725693196105,2022-02-28,False,106,4,-0.025377250127839868,faint,45946683.9017524,-3.277821742715243,ksi_Gem,1-2,0.8662953191917706,4,1.7249999473278876
79.258027310414,1.0441124698237918,False,0.00709609229966541,False,False,True,59639.077030211374,0.8971987079081664,2022-02-28,False,106,5,-0.03298580629629344,faint,44702778.87558163,-4.648446624327134,ksi_Gem,1-2,0.8642129016118729,5,1.7730000081428443
124.23234397322445,1.0441124698237918,False,0.0074520824074217045,False,False,True,59639.077030211374,0.6948708656872048,2022-02-28,False,106,6,0.046567815193325424,faint,81038708.62104571,6.248966751487804,ksi_Gem,1-3,0.7414386808805302,0,1.5330000451285741
124.23234397322445,1.0441124698237918,False,0.006269542006363376,False,False,False,59639.077030211374,0.7106125677554394,2022-02-28,False,106,7,0.012581731897123971,faint,78578333.06874168,2.006802392320513,ksi_Gem,1-3,0.7231942996525633,1,1.580999992256693
124.23234397322445,1.0441124698237918,False,0.005281448057831733,False,False,False,59639.077030211374,0.7252407756288834,2022-02-28,False,106,8,-0.00747650356033891,faint,76262946.54746719,-1.4156162246549375,ksi_Gem,1-3,0.7177642720685445,2,1.6290000530716497
124.23234397322445,1.0441124698237918,False,0.005620665331479324,False,False,False,59639.077030211374,0.7388493808521602,2022-02-28,False,106,9,-0.01296963528802808,faint,74080109.69494666,-2.3074911105967866,ksi_Gem,1-3,0.7258797455641322,3,1.6770000001997687
124.23234397322445,1.0441124698237918,False,0.005777443292260483,False,False,False,59639.077030211374,0.7515239753058387,2022-02-28,False,106,10,-0.014344140556395879,faint,72018752.32846624,-2.4827834442981764,ksi_Gem,1-3,0.7371798347494428,4,1.7249999473278876
124.23234397322445,1.0441124698237918,False,0.007941198575303567,False,False,False,59639.077030211374,0.7633423753978777,2022-02-28,False,106,11,-0.00878660916551044,faint,70069003.6112033,-1.1064588150252312,ksi_Gem,1-3,0.7545557662323673,5,1.7730000081428443
128.66320986612524,1.0441124698237918,False,0.006858763003664082,False,False,True,59639.077030211374,0.6761482685997764,2022-02-28,False,106,12,0.03981895940306801,faint,83929032.01469517,5.805559892038253,ksi_Gem,1-4,0.7159672280028444,0,1.5330000451285741
128.66320986612524,1.0441124698237918,False,0.006357125384635824,False,False,True,59639.077030211374,0.6926665819099148,2022-02-28,False,106,13,0.026836045141051423,faint,81380904.8047328,4.221411961750816,ksi_Gem,1-4,0.7195026270509662,1,1.580999992256693
128.66320986612524,1.0441124698237918,False,0.005010283523806153,False,False,False,59639.077030211374,0.708037280586535,2022-02-28,False,106,14,0.00827879518824326,faint,78982937.79887688,1.6523606196948557,ksi_Gem,1-4,0.7163160757747783,2,1.6290000530716497
128.66320986612524,1.0441124698237918,False,0.004688373184242953,False,False,False,59639.077030211374,0.7223542420348191,2022-02-28,False,106,15,0.0046297303033905335,faint,76722247.97304624,0.9874918487612054,ksi_Gem,1-4,0.7269839723382097,3,1.6770000001997687
128.66320986612524,1.0441124698237918,False,0.004385729464494669,False,False,False,59639.077030211374,0.7357035510242744,2022-02-28,False,106,16,-0.0009935421830647995,faint,74587370.31582585,-0.2265397788687536,ksi_Gem,1-4,0.7347100088412096,4,1.7249999473278876
128.66320986612524,1.0441124698237918,False,0.00446818159582959,False,False,False,59639.077030211374,0.7481638678599078,2022-02-28,False,106,17,-0.005320823644615613,faint,72568081.93751532,-1.190825289997578,ksi_Gem,1-4,0.7428430442152922,5,1.7730000081428443
57.663490382720404,1.0441124698237918,False,0.013561532213357557,False,False,False,59639.077030211374,0.9262533906594088,2022-02-28,False,106,18,0.011787887639512551,faint,37614800.186052255,0.8692150307250652,ksi_Gem,2-3,0.9380412782989214,0,1.5330000451285741
57.663490382720404,1.0441124698237918,False,0.007273096703903675,False,False,False,59639.077030211374,0.9305312748224808,2022-02-28,False,106,19,-0.005927300494542487,faint,36472796.119633436,-0.8149624205273028,ksi_Gem,2-3,0.9246039743279383,1,1.580999992256693
57.663490382720404,1.0441124698237918,False,0.011525054073229386,False,False,False,59639.077030211374,0.9344510510786287,2022-02-28,False,106,20,-0.012775920011607766,faint,35398089.934981816,-1.1085344962748518,ksi_Gem,2-3,0.9216751310670209,2,1.6290000530716497
57.663490382720404,1.0441124698237918,False,0.007249883088509637,False,False,False,59639.077030211374,0.9380511948693517,2022-02-28,False,106,21,-0.008758138115178782,faint,34384907.79716838,-1.208038530863978,ksi_Gem,2-3,0.929293056754173,3,1.6770000001997687
57.663490382720404,1.0441124698237918,False,0.006942681404712676,False,False,False,59639.077030211374,0.9413652255423147,2022-02-28,False,106,22,0.010203648667066578,faint,33428111.38750704,1.4696985317719413,ksi_Gem,2-3,0.9515688742093813,4,1.7249999473278876
57.663490382720404,1.0441124698237918,False,0.008035308127479207,False,False,False,59639.077030211374,0.9444224220630506,2022-02-28,False,106,23,-0.0037284725582390488,faint,32523119.07382386,-0.4640111491790079,ksi_Gem,2-3,0.9406939495048116,5,1.7730000081428443
109.1039007826939,1.0441124698237918,False,0.00997685053578411,False,False,True,59639.077030211374,0.756688527952349,2022-02-28,False,106,24,0.03657189325035071,faint,71170187.58700901,3.6656751666448026,ksi_Gem,2-4,0.7932604212026997,0,1.5330000451285741
109.1039007826939,1.0441124698237918,False,0.007310691045443571,False,False,False,59639.077030211374,0.7696917281637141,2022-02-28,False,106,25,0.010182051125901537,faint,69009425.24797916,1.3927617871702507,ksi_Gem,2-4,0.7798737792896157,1,1.580999992256693
109.1039007826939,1.0441124698237918,False,0.014733199625745434,False,False,False,59639.077030211374,0.7817244190529884,2022-02-28,False,106,26,-0.005965039994335286,faint,66975995.842951074,-0.40487064221350233,ksi_Gem,2-4,0.7757593790586531,2,1.6290000530716497
109.1039007826939,1.0441124698237918,False,0.007327253150694548,False,False,True,59639.077030211374,0.7928756682399536,2022-02-28,False,106,27,-0.023011245619286913,faint,65058974.81794702,-3.1405009689211685,ksi_Gem,2-4,0.7698644226206667,3,1.6770000001997687
109.1039007826939,1.0441124698237918,False,0.006656136414814235,False,False,True,59639.077030211374,0.8032253707033267,2022-02-28,False,106,28,-0.03666749635770561,faint,63248640.06616428,-5.5088258522010705,ksi_Gem,2-4,0.7665578743456211,4,1.7249999473278876
109.1039007826939,1.0441124698237918,False,0.008816455300116538,False,False,True,59639.077030211374,0.8128451533354999,2022-02-28,False,106,29,-0.029257532527619423,faint,61536322.775867574,-3.318514247696882,ksi_Gem,2-4,0.7835876208078805,5,1.7730000081428443
79.58522130882596,1.0441124698237918,False,0.018775556722355462,False,False,False,59639.077030211374,0.8635032713118613,2022-02-28,False,106,30,-0.023558277592033994,faint,51914689.475531675,-1.2547312412837217,ksi_Gem,3-4,0.8399449937198273,0,1.5330000451285741
79.58522130882596,1.0441124698237918,True,0.007957423742111594,False,True,True,59639.077030211374,0.8712012834382293,2022-02-28,False,106,31,-0.05959491212525969,faint,50338533.648711376,-7.489221896010968,ksi_Gem,3-4,0.8116063713129696,1,1.580999992256693
79.58522130882596,1.0441124698237918,False,0.008068572467005248,False,False,True,59639.077030211374,0.878278906801294,2022-02-28,False,106,32,-0.03525312022942362,faint,48855260.10803972,-4.36918926781459,ksi_Gem,3-4,0.8430257865718703,2,1.6290000530716497
79.58522130882596,1.0441124698237918,False,0.00902137202229766,False,False,True,59639.077030211374,0.8847995970007931,2022-02-28,False,106,33,-0.030918266476397838,faint,47456899.99960975,-3.4272244177469626,ksi_Gem,3-4,0.8538813305243953,3,1.6770000001997687
79.58522130882596,1.0441124698237918,False,0.011741807941301868,False,False,False,59639.077030211374,0.8908191385290836,2022-02-28,False,106,34,-0.023919277286792773,faint,46136361.58778295,-2.0371034346982118,ksi_Gem,3-4,0.8668998612422908,4,1.7249999473278876
79.58522130882596,1.0441124698237918,False,0.013618203329218837,False,False,False,59639.077030211374,0.8963866571610487,2022-02-28,False,106,35,0.005344840334542633,faint,44887321.457030736,0.3924776422654002,ksi_Gem,3-4,0.9017314974955913,5,1.7730000081428443
76.35729768339938,1.0441124698237918,False,0.007852404027459356,False,False,False,59639.08773607832,0.8737464893090017,2022-02-28,False,106,36,-0.010411884341279709,faint,49809064.2110811,-1.3259486273082757,ksi_Gem,1-2,0.863334604967722,0,1.5330000451285741
76.35729768339938,1.0441124698237918,False,0.006406272169592902,False,False,False,59639.08773607832,0.8809007511628902,2022-02-28,False,106,37,-0.015044401138172181,faint,48296836.21592448,-2.3483861971365796,ksi_Gem,1-2,0.8658563500247181,1,1.580999992256693
76.35729768339938,1.0441124698237918,False,0.008847906626398208,False,False,False,59639.08773607832,0.887474677781437,2022-02-28,False,106,38,-0.02025158119413273,faint,46873723.26318819,-2.288855663746613,ksi_Gem,1-2,0.8672230965873042,2,1.6290000530716497
76.35729768339938,1.0441124698237918,False,0.007133663324674781,False,False,False,59639.08773607832,0.8935281420210622,2022-02-28,False,106,39,-0.00867969745337549,faint,45532079.71037775,-1.2167237306186147,ksi_Gem,1-2,0.8848484445676867,3,1.6770000001997687
76.35729768339938,1.0441124698237918,False,0.0076275669991426225,False,False,False,59639.08773607832,0.8991136951659923,2022-02-28,False,106,40,0.0015916011317560486,faint,44265101.45793378,0.20866432663717704,ksi_Gem,1-2,0.9007052962977483,4,1.7249999473278876
76.35729768339938,1.0441124698237918,False,0.0083323215402718,False,False,False,59639.08773607832,0.9042775498479408,2022-02-28,False,106,41,-0.01746522403038131,faint,43066721.56385435,-2.0960813797173263,ksi_Gem,1-2,0.8868123258175595,5,1.7730000081428443
121.57849943724105,1.0441124698237918,False,0.0077182522432765145,False,False,True,59639.08773607832,0.7059671316368629,2022-02-28,False,106,42,0.04745181251357977,faint,79307564.16060258,6.147999704844547,ksi_Gem,1-3,0.7534189441504426,0,1.5330000451285741
121.57849943724105,1.0441124698237918,False,0.006501827841732913,False,False,True,59639.08773607832,0.7212366585797858,2022-02-28,False,106,43,0.01988272059991647,faint,76899747.01625516,3.058020157392723,ksi_Gem,1-3,0.7411193791797023,1,1.580999992256693
121.57849943724105,1.0441124698237918,False,0.006351009953904389,False,False,False,59639.08773607832,0.7354149648114836,2022-02-28,False,106,44,0.002268446073795616,faint,74633821.65518785,0.3571787936501423,ksi_Gem,1-3,0.7376834108852792,2,1.6290000530716497
121.57849943724105,1.0441124698237918,False,0.006102686629462946,False,False,False,59639.08773607832,0.7485956249973752,2022-02-28,False,106,45,-0.009559054799053501,faint,72497614.44410154,-1.5663682865352577,ksi_Gem,1-3,0.7390365701983217,3,1.6770000001997687
121.57849943724105,1.0441124698237918,False,0.006107753247419606,False,False,False,59639.08773607832,0.7608636661817522,2022-02-28,False,106,46,-0.011866049085537012,faint,70480291.68091993,-1.942784622242256,ksi_Gem,1-3,0.7489976170962152,4,1.7249999473278876
121.57849943724105,1.0441124698237918,False,0.008249604747998244,False,False,False,59639.08773607832,0.7722961758471927,2022-02-28,False,106,47,-0.012315374167094384,faint,68572193.38909665,-1.492844147482665,ksi_Gem,1-3,0.7599808016800983,5,1.7730000081428443
130.13628613112076,1.0441124698237918,False,0.006614965507976846,False,False,True,59639.08773607832,0.6698746359272412,2022-02-28,False,106,48,0.03742502491203281,faint,84889942.7920148,5.657629637963005,ksi_Gem,1-4,0.707299660839274,0,1.5330000451285741
130.13628613112076,1.0441124698237918,False,0.006870011005492584,False,False,True,59639.08773607832,0.6866474223467142,2022-02-28,False,106,49,0.0329067212019486,faint,82312641.85230412,4.789908076659502,ksi_Gem,1-4,0.7195541435486628,1,1.580999992256693
130.13628613112076,1.0441124698237918,False,0.00563184567807108,False,False,False,59639.08773607832,0.7022621459232694,2022-02-28,False,106,50,0.012127253951672468,faint,79887220.31391908,2.153335628299048,ksi_Gem,1-4,0.7143893998749419,2,1.6290000530716497
130.13628613112076,1.0441124698237918,False,0.0054018215429524315,False,False,False,59639.08773607832,0.7168125246775671,2022-02-28,False,106,51,0.006683958897590436,faint,77600647.65391687,1.2373527789548628,ksi_Gem,1-4,0.7234964835751575,3,1.6770000001997687
130.13628613112076,1.0441124698237918,False,0.005343727654772614,False,False,False,59639.08773607832,0.7303846785254744,2022-02-28,False,106,52,0.008180896030083318,faint,75441327.59697092,1.530934313760687,ksi_Gem,1-4,0.7385655745555577,4,1.7249999473278876
130.13628613112076,1.0441124698237918,False,0.005073567667111201,False,False,False,59639.08773607832,0.7430574412248391,2022-02-28,False,106,53,0.005186925889879568,faint,73398920.21062875,1.0223429015253307,ksi_Gem,1-4,0.7482443671147186,5,1.7730000081428443
58.032809095002726,1.0441124698237918,False,0.0143247181332432,False,False,False,59639.08773607832,0.925336254667331,2022-02-28,False,106,54,0.018347861147753775,faint,37855712.580970906,1.28085320612167,ksi_Gem,2-3,0.9436841158150848,0,1.5330000451285741
58.032809095002726,1.0441124698237918,False,0.007224022287980995,False,False,False,59639.08773607832,0.9296656267634896,2022-02-28,False,106,55,-0.016205057940763767,faint,36706394.29426414,-2.2432181539258287,ksi_Gem,2-3,0.9134605688227259,1,1.580999992256693
58.032809095002726,1.0441124698237918,False,0.010759672719730797,False,False,False,59639.08773607832,0.9336327707436002,2022-02-28,False,106,56,-0.011828168786998106,faint,35624804.91364982,-1.099305629000028,ksi_Gem,2-3,0.9218046019566021,2,1.6290000530716497
58.032809095002726,1.0441124698237918,False,0.006948080065505742,False,False,False,59639.08773607832,0.9372765790040541,2022-02-28,False,106,57,-0.009206257158970943,faint,34605133.62438265,-1.3250073505450934,ksi_Gem,2-3,0.9280703218450832,3,1.6770000001997687
58.032809095002726,1.0441124698237918,False,0.006449529638591814,False,False,False,59639.08773607832,0.940630938257082,2022-02-28,False,106,58,0.013405538003280482,faint,33642209.19826606,2.078529560212617,ksi_Gem,2-3,0.9540364762603625,4,1.7249999473278876
58.032809095002726,1.0441124698237918,False,0.005754566724999834,False,False,False,59639.08773607832,0.9437254516076531,2022-02-28,False,106,59,0.0033060642273808893,faint,32731420.65903884,0.5745114072651551,ksi_Gem,2-3,0.947031515835034,5,1.7730000081428443
110.41319533482898,1.0441124698237918,False,0.010387133856158134,False,False,False,59639.08773607832,0.751490345071506,2022-02-28,False,106,60,0.027859413971040192,faint,72024260.98139386,2.6821079189735686,ksi_Gem,2-4,0.7793497590425462,0,1.5330000451285741
110.41319533482898,1.0441124698237918,False,0.0069191328805017225,False,False,False,59639.08773607832,0.7647337201828717,2022-02-28,False,106,61,0.009309490894051198,faint,69837568.54876831,1.3454707482617598,ksi_Gem,2-4,0.7740432110769229,1,1.580999992256693
110.41319533482898,1.0441124698237918,False,0.013532627110930541,False,False,False,59639.08773607832,0.7769928161201584,2022-02-28,False,106,62,-0.008432536982280636,faint,67779737.10107215,-0.6231263828639398,ksi_Gem,2-4,0.7685602791378777,2,1.6290000530716497
110.41319533482898,1.0441124698237918,False,0.008007905654015166,False,False,False,59639.08773607832,0.7883573919215288,2022-02-28,False,106,63,-0.01965595443371504,faint,65839710.98489939,-2.454568682868977,ksi_Gem,2-4,0.7687014374878137,3,1.6770000001997687
110.41319533482898,1.0441124698237918,False,0.008035308105004253,False,False,True,59639.08773607832,0.798908059173554,2022-02-28,False,106,64,-0.03459223921109933,faint,64007651.423911415,-4.30502959675633,ksi_Gem,2-4,0.7643158199624547,4,1.7249999473278876
110.41319533482898,1.0441124698237918,False,0.009366081405200758,False,False,True,59639.08773607832,0.808717162999718,2022-02-28,False,106,65,-0.03322429437487584,faint,62274785.57683875,-3.547299338699661,ksi_Gem,2-4,0.7754928686248421,5,1.7730000081428443
78.4029849150264,1.0441124698237918,False,0.016926195461062766,False,False,False,59639.08773607832,0.8672923177960682,2022-02-28,False,106,66,0.02873838560448516,faint,51143498.11284622,1.6978644533909175,ksi_Gem,3-4,0.8960307034005534,0,1.5330000451285741
78.4029849150264,1.0441124698237918,False,0.007017627570269107,False,False,False,59639.08773607832,0.8747898707711801,2022-02-28,False,106,67,-0.00821925354222075,faint,49590756.03986264,-1.1712296584450355,ksi_Gem,3-4,0.8665706172289593,1,1.580999992256693
78.4029849150264,1.0441124698237918,False,0.0069583909122710305,False,False,True,59639.08773607832,0.8816817233947419,2022-02-28,False,106,68,0.0234354765226652,faint,48129516.48908137,3.3679448047877054,ksi_Gem,3-4,0.9051171999174071,2,1.6290000530716497
78.4029849150264,1.0441124698237918,False,0.007599327588309103,False,False,True,59639.08773607832,0.8880300286534545,2022-02-28,False,106,69,0.044634460020944844,faint,46751928.983713076,5.873474922914369,ksi_Gem,3-4,0.9326644886743993,3,1.6770000001997687
78.4029849150264,1.0441124698237918,False,0.010685781162715884,False,False,True,59639.08773607832,0.893889393482301,2022-02-28,False,106,70,0.04659120358179358,faint,45451007.13566779,4.360112084679079,ksi_Gem,3-4,0.9404805970640946,4,1.7249999473278876
78.4029849150264,1.0441124698237918,True,0.011035826601783516,False,True,True,59639.08773607832,0.8993078810996128,2022-02-28,False,106,71,0.11895533158008365,faint,44220521.46359029,10.77901419372239,ksi_Gem,3-4,1.0182632126796964,5,1.7730000081428443
